Thumb,Index,Middle,Ring,Pinky,AccX,AccY,AccZ,GyroX,GyroY,GyroZ,gesture
240,17,0,975,2514,-3492,16228,5816,-762,-19,2200,HELLO
267,18,0,943,2480,-3188,16408,6400,-1644,337,3694,HELLO
305,21,0,928,2505,-2592,16252,6036,-2457,507,4823,HELLO
296,23,0,893,2458,-2344,15740,6184,-2656,895,6425,HELLO
272,19,0,880,2487,-1852,15260,6496,-2870,1068,7932,HELLO
287,26,0,860,2471,-1460,15284,6492,-2897,634,9197,HELLO
272,16,0,847,2507,-232,15500,6704,-3544,1528,9954,HELLO
267,16,0,832,2479,-836,16368,6480,-5639,3307,10488,HELLO
2810,336,36,822,2442,-2192,15516,5960,-7095,1942,10853,HELLO
2999,2883,336,886,2477,1708,15040,5756,-8545,3977,8092,HELLO
2944,2835,2848,2838,2794,2120,15580,8964,-9888,6156,8936,HELLO
2990,2944,2970,2901,2921,1584,15544,7192,-12681,7724,8783,HELLO
2960,2773,2827,2831,2731,1360,14212,7552,-13977,8740,7573,HELLO
2948,2816,2864,2854,2779,-124,10204,6712,-14445,5598,5641,HELLO
2941,2810,2815,2819,2801,2308,10124,9500,-11322,3853,3803,HELLO
2975,2832,2831,2827,2749,612,11888,11216,-9577,4818,4601,HELLO
2753,2790,2777,2722,2704,76,12220,12344,-9971,1417,4111,HELLO
2896,2719,2705,2752,2635,820,9988,10828,-8778,776,1769,HELLO
2827,2723,2672,2673,2621,1736,9732,12440,-4063,-719,1451,HELLO
2834,2699,2697,2635,2632,2284,11096,14136,-857,-365,2037,HELLO
2785,2709,2640,2614,2624,1556,11164,13080,676,-1296,698,HELLO
2863,2757,2717,2703,2670,2592,11424,13324,3704,-4622,-1323,HELLO
2866,2690,2698,2674,2645,3680,10676,12732,7219,-5118,-3305,HELLO
2886,2754,2770,2741,2673,4928,12836,14152,9236,-4232,-4578,HELLO
2896,2789,2699,2663,2624,2408,12776,12148,9196,-2896,-5045,HELLO
3044,2960,2944,2800,2822,1076,10772,9760,11328,-5559,-6944,HELLO
3083,2992,2995,2980,2885,2636,14648,11140,14007,-7201,-9488,HELLO
3210,3130,3027,3024,3043,4404,12588,10640,11649,-2127,-8992,HELLO
3296,3154,3130,3127,3091,-532,13800,8308,11607,-2199,-8757,HELLO
3142,3063,3008,2991,2559,188,14384,7624,11299,-2808,-10295,HELLO
3039,2966,2943,2921,2514,-960,12852,6992,11384,-4522,-10503,HELLO
3056,2971,2932,2897,2505,2116,14760,7752,10919,-1139,-11699,HELLO
3030,2990,2945,2912,2525,-1060,14980,7048,8819,3685,-9797,HELLO
3102,2985,2176,2000,2445,-3140,13704,4736,7833,570,-9045,HELLO
3118,3018,1718,1565,2447,-3704,13476,4764,8747,-859,-10149,HELLO
3127,3015,1373,1344,2462,368,16376,6520,6632,1711,-7608,HELLO
3111,3071,1088,1200,2463,-4968,16112,4160,4671,1260,-4192,HELLO
3122,3022,851,1103,2448,-4040,15544,4744,3381,-902,-3883,HELLO
3055,2994,658,1033,2447,-3204,14868,4312,2608,-1070,-2108,HELLO
3122,2995,503,982,2427,-3932,15836,4624,1671,-383,174,HELLO
2980,2906,387,944,2379,-3784,16748,4768,-528,-470,2884,HELLO
2965,2926,309,915,2360,-3928,15956,3768,-2697,-1118,5710,HELLO
3048,2868,264,889,2352,-2980,14972,4304,-3358,-1452,8206,HELLO
3059,2921,228,874,2361,-1716,15404,5436,-3967,176,11453,HELLO
3083,2939,222,853,2372,-2088,16116,5696,-5713,1073,14357,HELLO
3120,2973,217,848,2411,-1296,15672,5240,-8285,-513,15682,HELLO
3019,2959,223,826,2378,-512,14904,5648,-8900,-962,12419,HELLO
3002,2955,2893,1215,2386,2864,13796,8596,-8499,1614,12638,HELLO
3055,2951,2887,1167,2365,1192,14572,7148,-9319,3418,12929,HELLO
3006,2884,2858,2816,2485,1064,13408,7772,-9928,331,12311,HELLO
3056,2909,2890,2827,2455,2668,12160,8256,-7895,-1408,10041,HELLO
3088,2898,2894,2283,2405,4544,13028,9752,-6136,721,8834,HELLO
3061,2969,2935,1813,2395,3176,13472,9648,-5259,311,8351,HELLO
3129,3019,3002,1607,2422,3956,13104,10112,-4313,-697,7025,HELLO
3216,3149,3083,1500,2451,4192,12920,9888,-2902,-509,6172,HELLO
3183,3023,2992,1408,2470,4048,12896,10052,-1257,-1090,4733,HELLO
3117,2978,2960,1344,2442,5288,14376,10452,-68,-327,4104,HELLO
3088,3004,2927,1293,2416,4500,13720,9924,326,526,3152,HELLO
3023,2990,2797,1200,2379,4784,13120,9556,831,189,1962,HELLO
3037,2953,2128,1093,2375,4652,12752,9244,1579,50,1126,HELLO
3138,2980,1734,1021,2373,5536,13204,9840,2148,-58,242,HELLO
3058,3062,1393,973,2389,4844,13796,9172,1992,673,-565,HELLO
3071,3037,1128,931,2386,5016,13788,9072,1369,748,-1843,HELLO
3083,2992,887,896,2380,4780,12168,8328,1737,-45,-2997,HELLO
3184,3136,704,878,2412,5164,12856,9204,2519,354,-3716,HELLO
3143,3081,560,863,2429,4284,13916,9136,2262,966,-4437,HELLO
3158,3118,3041,1242,2457,3968,13656,9104,1812,802,-6223,HELLO
3187,3102,3006,1225,2439,3856,12840,8612,2119,1031,-7686,HELLO
3091,2957,2903,1199,2399,4480,12992,9472,2433,1930,-8904,HELLO
3038,2947,2891,1172,2355,3088,13572,8960,3057,3372,-8922,HELLO
3066,3015,2958,1171,2339,2316,13980,8556,3089,3979,-11254,HELLO
3088,2928,2917,2867,2494,-768,13116,7156,4209,189,-13089,HELLO
3118,3012,2865,2894,2511,3308,13680,9820,4943,-2610,-14665,HELLO
3131,2992,2955,2882,2501,4520,12992,11328,4560,8643,-13820,HELLO
3145,3057,3024,2992,2549,-3756,13172,6544,4926,7170,-12461,HELLO
3120,3018,2958,2928,2544,-4744,13624,6816,5814,825,-12388,HELLO
3088,3066,2990,2943,2526,-2936,14664,7300,6344,-3153,-13174,HELLO
3149,2943,2911,2896,2489,1876,15052,9676,5197,3315,-10206,HELLO
3111,2951,2931,2832,2477,-5936,15084,5032,4628,3389,-7500,HELLO
2991,2874,2794,2742,2403,-5732,14716,5888,4809,-2706,-6779,HELLO
2959,2880,2794,2528,2325,-3704,14776,6496,4971,-3271,-7470,HELLO
3008,2843,2802,1859,2306,-912,15628,8004,2613,3588,-5148,HELLO
2989,2908,2492,2160,2320,-5708,14212,4388,1934,1172,-1673,HELLO
2998,2907,1942,1659,2313,-4352,15708,6416,1485,-1501,-1083,HELLO
3066,2978,1535,1370,2335,-3836,15244,5888,554,-1394,233,HELLO
3140,2901,1218,1181,2334,-3348,15284,6640,-314,-287,1457,HELLO
3107,2928,958,1056,2317,-3604,15556,5844,-1339,-16,2855,HELLO
3056,2903,752,966,2305,-4064,15128,5868,-1481,-1289,3258,HELLO
3040,2877,579,912,2305,-2908,15160,6608,-2081,-1084,3884,HELLO
3071,2860,437,876,2286,-2752,15268,6804,-2784,142,4694,HELLO
3048,2929,2860,1216,2329,-3756,15304,6528,-3179,26,5962,HELLO
3071,2910,2859,1215,2350,-3368,15012,6080,-3000,-1116,5243,HELLO
3114,2939,2897,2834,2476,-2156,14512,7260,-3254,-43,5893,HELLO
3093,3023,2914,2891,2497,-2868,14772,7268,-3673,658,6409,HELLO
3180,2943,3024,2890,2530,-2716,14748,6920,-4629,188,7830,HELLO
3185,3008,2899,2873,2502,-2796,13704,6240,-4641,-2538,8666,HELLO
3108,2999,2928,2883,2496,-1444,13248,7768,-4149,-3360,9309,HELLO
3099,2919,2896,2822,2449,-764,13592,7972,-3935,-3084,10621,HELLO
3007,2907,2857,2775,2419,-392,13848,8384,-4024,-2754,10956,HELLO
2998,2929,2830,2800,2410,424,13744,8752,-4364,-1579,11424,HELLO
3104,2883,2874,2831,2425,456,13328,8560,-3999,-2505,11059,HELLO
3130,2993,2897,2835,2411,2904,13104,9304,-3870,-1097,10590,HELLO
3123,2965,2957,2876,2810,2428,13632,9044,-3929,-362,10745,HELLO
3119,3131,3035,2210,2837,3132,13632,9216,-4463,120,10573,HELLO
3143,2993,3002,2903,2875,2776,12788,8900,-3941,-901,8487,HELLO
3201,3023,3045,2925,2881,4760,13084,9936,-3698,616,7451,HELLO
3149,3053,2976,2997,2865,3916,13124,9748,-3950,1401,7419,HELLO
3120,2991,2982,2970,2874,3912,12896,9856,-3790,1242,6302,HELLO
3071,2943,2976,2892,2826,3820,12340,9740,-3223,524,5796,HELLO
3168,3031,3028,2946,2867,4404,12424,10496,-2435,971,5377,HELLO
3099,3071,2925,2986,2887,5148,12724,10712,-2231,1590,4856,HELLO
3161,3030,2994,2900,2911,3908,12508,10024,-1974,1074,4210,HELLO
3134,3014,3011,3006,2962,4504,12392,10640,-1313,154,3161,HELLO
3189,3152,3093,3104,2987,5416,12556,10588,-1015,77,2054,HELLO
3184,3065,3071,2933,2997,5696,12212,10904,-451,696,1233,HELLO
3183,3107,2928,3056,2934,5440,12104,10948,176,1527,458,HELLO
3175,3094,3026,2940,2961,4748,12088,10668,1146,176,-776,HELLO
3118,2999,2979,2930,2890,5392,12280,11104,2095,132,-2856,HELLO
3121,2985,2939,2957,2883,6532,12284,11312,2863,1317,-4755,HELLO
3180,3022,2965,2930,2911,4852,12044,10588,3529,3016,-5104,HELLO
3097,3056,2952,2928,2869,3464,12432,10124,4122,592,-6140,HELLO
3143,2965,2895,2918,2857,3604,12760,10120,4955,-918,-8487,HELLO
3142,3010,2947,2947,2895,5920,12900,10560,5506,947,-11244,HELLO
3167,3121,2961,3024,2907,4300,12236,9908,5353,4386,-10335,HELLO
3059,3078,2910,2915,2877,1564,12592,8688,5656,148,-9630,HELLO
3159,3008,3038,2942,2896,3588,13016,8604,5912,-149,-11137,HELLO
3155,2933,2909,2878,2842,2716,12900,8428,6165,1744,-13701,HELLO
3095,3012,2928,2919,2851,2512,13240,9024,5540,3644,-13843,HELLO
3071,2934,2919,2864,2823,-760,12992,8100,5631,3130,-12777,HELLO
2958,2896,2803,2902,2754,-1876,13224,8704,5901,1569,-12824,HELLO
3037,2896,2879,2843,2779,-1060,13244,9056,6340,2401,-13396,HELLO
3039,2829,2885,2806,2768,-2364,13656,8408,6236,6507,-12894,HELLO
3101,2933,2910,2898,2832,-4400,13460,7240,5934,4963,-11154,HELLO
3141,2930,2987,2909,2839,-4696,13548,7008,6192,2044,-10748,HELLO
3002,3019,2844,2928,2752,-2808,14280,6804,6298,3921,-11642,HELLO
3088,2863,2962,2795,2778,-3616,14996,7076,5154,8057,-10928,HELLO
3164,2907,2862,2850,2741,-6028,14244,5872,4248,6932,-8742,HELLO
3028,2881,2837,2769,2441,-5932,14696,5436,3897,4689,-7649,HELLO
2999,2863,2807,2763,2411,-6052,15092,5660,2793,3644,-6831,HELLO
2947,2819,2683,2751,2365,-5536,14992,5960,1622,4076,-4912,HELLO
2897,2686,2640,2687,2352,-6968,15112,5304,678,3126,-2692,HELLO
2851,2742,2753,2717,2357,-7460,14872,5144,-158,700,-1148,HELLO
2928,2800,2745,2721,2369,-6980,14540,5504,-785,-765,92,HELLO
2882,2884,2812,2825,2399,-6616,14472,5892,-1103,-975,1051,HELLO
2849,2832,2751,2738,2384,-6736,14828,5996,-1362,-969,1956,HELLO
2848,2850,2709,2781,2382,-6312,14812,6000,-1654,-669,2601,HELLO
3031,2887,2844,2795,2413,-6848,14456,5836,-1787,-531,3415,HELLO
3023,2865,2802,2749,2402,-6336,14056,5856,-1645,-1481,4030,HELLO
3046,2927,2799,2828,2377,-6220,14244,5632,-1930,-1665,5228,HELLO
3115,2934,2897,2853,2416,-6204,14436,5608,-2381,-2927,6389,HELLO
3082,2993,2930,2869,2429,-5748,14324,5556,-3013,-4021,7458,HELLO
3071,2966,2897,2882,2432,-5676,13592,5704,-3590,-5266,8558,HELLO
3120,3047,2957,2928,2459,-4360,13772,6388,-3812,-5662,9612,HELLO
3149,2917,3055,2858,2487,-3612,14084,6760,-4321,-5003,10457,HELLO
3099,2960,2878,2960,2736,-3560,13672,6916,-4762,-4863,10617,HELLO
3101,3045,2875,2909,2746,-2568,13532,7356,-5251,-5299,11319,HELLO
3137,2986,2966,2901,2763,-1200,13408,7900,-5579,-4131,11787,HELLO
3043,2983,2907,2875,2783,-1260,13308,7956,-5531,-4674,12087,HELLO
3056,2919,2914,2832,2774,204,13836,8768,-5566,-4529,11223,HELLO
3051,3002,2901,2864,2752,940,13712,9536,-6185,-2192,10626,HELLO
3166,2970,2815,2902,2772,972,13016,9384,-6177,-1736,9590,HELLO
3129,2977,2947,2927,2834,2120,12616,9896,-5929,-829,9574,HELLO
3143,2973,3043,2956,2881,1116,12596,9780,-5680,-1189,9492,HELLO
3104,3025,2894,2930,2783,1772,12732,10228,-5313,-1901,8334,HELLO
3148,2909,3011,2896,2862,2464,12280,10328,-4889,-1830,7370,HELLO
3120,3062,2895,2976,2816,3120,12408,10656,-4291,-1216,6573,HELLO
3056,2930,2871,2864,2785,3204,12668,10792,-3918,-425,5816,HELLO
3053,2977,2897,2885,2772,2820,12244,10880,-3389,-235,5078,HELLO
3169,2938,3002,2864,2845,3156,12068,11136,-2502,-715,4068,HELLO
3120,2951,2992,2941,2819,3880,12468,11308,-1817,143,3065,HELLO
3091,2955,2987,2783,2869,3912,12520,11232,-1126,827,2569,HELLO
3149,3050,3006,2943,2864,3536,12492,11012,-537,793,2010,HELLO
3237,3057,3043,3050,2902,3312,12292,10872,81,170,964,HELLO
3162,2983,2803,2957,2832,4168,12344,11060,686,620,199,HELLO
3199,3051,2987,2949,2926,3572,12248,10740,837,965,247,HELLO
3042,2960,3089,2954,2864,3396,12232,10860,917,344,-38,HELLO
3131,2975,2963,2919,2859,3548,12252,10832,1192,-80,-424,HELLO
3067,2907,2895,2864,2816,3464,12192,10748,1433,431,-710,HELLO
3155,2997,3005,2883,2847,3564,12224,10744,1280,1130,-493,HELLO
3126,2970,2896,2875,2855,2864,12204,10496,1106,355,-260,HELLO
3110,2969,3007,2960,2853,3132,12248,10672,1086,-282,-467,HELLO
3114,3027,2973,2962,2885,3240,12364,10632,1018,7,-648,HELLO
3275,3081,3018,2934,2928,3688,12156,10780,847,653,-508,HELLO
3163,2928,3037,2927,2896,2744,12092,10196,880,279,-203,HELLO
3071,3152,2955,3020,2848,3096,12504,10684,963,-288,-873,HELLO
3131,3024,3010,2891,2879,3248,12344,10648,1261,51,-1420,HELLO
3106,2919,2965,2871,2834,3560,12692,10888,1197,504,-2103,HELLO
3121,2992,2850,2830,2790,3224,12320,10588,1374,785,-2316,HELLO
3109,2946,2960,2885,2855,2772,12476,10764,2047,394,-2979,HELLO
3042,3027,2970,2896,2839,2264,12168,10444,3104,-328,-4042,HELLO
3087,3059,2967,2967,2856,3944,12884,11280,3627,-73,-5277,HELLO
3168,3087,3010,3003,2891,2684,13044,10352,3518,1630,-4813,HELLO
3245,3054,3161,2905,2935,1344,12632,9852,4029,-631,-5022,HELLO
2995,3136,2992,3027,2867,2292,13744,10192,5216,-1441,-6176,HELLO
3222,2950,3008,2890,2855,2748,13600,10224,5863,-72,-6690,HELLO
3140,2990,2961,2951,2823,1360,13552,9940,5330,774,-6077,HELLO
3089,2993,2894,2926,2815,780,13588,9272,5463,-598,-5869,HELLO
3071,3087,2945,2944,2559,552,13268,8820,6075,-841,-6271,HELLO
3157,3062,2973,2916,2497,1308,13668,8868,6273,-60,-6626,HELLO
3170,3001,2981,2559,2435,172,14252,8932,5407,817,-5477,HELLO
3155,3056,2787,1936,2425,-388,14104,7992,4828,-419,-4964,HELLO
3185,3150,2139,1600,2448,-308,13660,7716,4996,-647,-4947,HELLO
3232,3110,1746,1378,2468,-168,14084,7728,4805,-257,-4789,HELLO
3217,3182,1397,1226,2455,-328,14504,7780,4007,379,-3809,HELLO
3303,3056,1133,1100,2446,-1416,14564,6988,3475,-15,-3150,HELLO
3183,3056,893,994,2422,-872,14408,6968,2872,-1194,-2730,HELLO
3165,3008,697,911,2394,-456,14876,7480,2863,-400,-2195,HELLO
3186,3113,548,850,2381,-1532,15020,6984,2487,-232,-1385,HELLO
3143,3089,435,816,2396,-1408,15224,7268,1561,-1644,-375,HELLO
3184,3119,357,802,2401,-1104,14336,7044,1618,-1439,-333,HELLO
3253,3109,311,790,2417,-832,14976,7352,1919,-1420,70,HELLO
3280,3206,287,792,2449,-1356,14724,6972,2180,-1343,475,HELLO
3235,3141,260,794,2458,-1008,14860,7316,1829,-959,679,HELLO
3341,3172,252,799,2445,-1116,14464,6644,1685,-1222,1041,HELLO
3200,3090,242,799,2432,-992,14284,6072,2287,-1713,1352,HELLO
3204,3114,231,800,2417,-932,15036,6256,1905,-2289,2945,HELLO
3135,2970,203,793,2378,-1148,15032,5088,1308,-2976,5064,HELLO
3178,2990,230,797,2361,-756,13768,5552,945,-4315,6651,HELLO
3088,2874,205,772,2315,1152,11812,6280,1118,-3999,7586,HELLO
3023,2944,205,756,2304,1036,14768,6008,977,-1601,8647,HELLO
3173,3028,214,768,2333,-276,16548,6252,-942,-1208,8803,HELLO
3239,3147,222,778,2371,720,15576,6764,-1835,-2444,7978,HELLO
3280,3087,227,787,2394,2980,15416,7012,-1849,368,6404,HELLO
3238,3065,223,795,2389,2832,15000,6884,-1601,2208,5402,HELLO
3099,3095,208,802,2393,2464,15516,7432,-1753,974,4622,HELLO
3120,3027,205,806,2390,3360,15868,7132,-1473,984,4750,HELLO
3138,3008,197,815,2377,2980,15228,7484,-1185,277,3227,HELLO
3151,3054,207,827,2369,4732,14796,7988,-556,33,1634,HELLO
3152,2979,205,835,2384,4424,14480,8200,1042,669,-202,HELLO
3167,3013,208,847,2384,5856,15964,8448,1069,1848,-2798,HELLO
3102,2970,196,852,2383,3168,15172,7212,1501,1347,-4623,HELLO
2958,2887,189,830,2339,3228,14648,7692,2545,-865,-7989,HELLO
2829,1920,64,755,2237,1388,13168,6512,5085,-2385,-11326,HELLO
2864,1001,35,731,2240,5748,14288,7184,6323,-594,-13755,HELLO
2975,2805,195,798,2299,4604,16652,8412,4469,8203,-12959,HELLO
2846,1208,41,775,2286,-4152,14688,3800,4173,-565,-9774,HELLO
2736,695,22,775,2242,-72,14544,6256,3930,-1323,-11372,HELLO
2557,396,15,695,2064,-576,14544,5672,4672,-1311,-11706,HELLO
2714,286,17,723,2183,1140,14444,5840,3696,2750,-10436,HELLO
2847,240,15,763,2255,-3520,15184,4828,3520,-22,-6110,HELLO
2887,218,16,811,2283,-3228,15044,5360,3206,-1645,-5676,HELLO
2961,209,19,835,2315,-1444,15696,5596,2929,1568,-6372,HELLO
3013,2883,289,917,2356,-1700,15784,5060,2203,4757,-6921,HELLO
3181,2946,253,941,2384,-3112,15456,4564,1232,4600,-3527,HELLO
3051,2961,210,949,2377,-5736,15360,3128,1094,952,-1115,HELLO
3081,2921,204,954,2363,-4600,15460,3992,323,-1912,453,HELLO
3029,2927,192,954,2342,-3792,16076,4672,-761,-1914,1594,HELLO
3119,2912,194,955,2336,-3060,16072,4576,-2122,-672,3346,HELLO
3030,2917,185,939,2304,-3420,16732,4480,-3573,627,5446,HELLO
3047,2928,188,926,2307,-3756,15224,4648,-4836,526,6648,HELLO
3048,2886,193,907,2268,-2244,16848,5408,-6039,1190,6621,HELLO
2928,2966,186,901,2288,-8,18156,6632,-9189,4512,7822,HELLO
3056,2815,2816,1243,2295,-2620,16080,4112,-11641,2975,9430,HELLO
2896,2879,2763,1232,2302,-1872,13612,4596,-12223,1217,7937,HELLO
2960,2800,2766,1243,2301,68,14788,7528,-12415,2075,5742,HELLO
2868,2762,2661,1222,2265,1012,15312,9204,-14499,3809,5436,HELLO
2873,2770,2745,2683,2559,852,18796,10744,-18796,5713,4469,HELLO
2947,2831,2736,2673,2623,-2884,10116,4880,-19191,3852,2579,HELLO
2849,2714,2704,2645,2586,-324,7456,8036,-14325,-862,161,HELLO
2887,2774,2715,2710,2629,-1184,10372,11932,-9466,-168,1979,HELLO
2973,2802,2743,2727,2676,-1304,12936,13752,-10633,-3762,5331,HELLO
2883,2844,2699,2746,2581,-876,12468,11988,-12268,-3670,4318,HELLO
2907,2685,2756,2614,2654,1780,10448,10652,-11557,-1494,484,HELLO
2763,2764,2635,2618,2520,1452,9932,12560,-9331,3143,919,HELLO
2736,2559,2588,2541,2496,-1856,9692,12640,-8537,49,2055,HELLO
2727,2533,2559,2506,2480,-508,10424,13388,-8273,-2456,2110,HELLO
2685,2559,2481,2518,2423,-192,9628,13232,-6905,-2510,339,HELLO
2672,2480,2526,2419,2417,1860,9000,14696,-5202,-1032,-254,HELLO
2675,2509,2485,2485,2416,-60,8572,14084,-2814,439,707,HELLO
2710,2559,2559,2551,2496,-564,8444,14156,810,-848,3,HELLO
2737,2654,2654,2634,2543,352,8800,14764,4617,-1691,-796,HELLO
2726,2523,2622,2414,2527,1200,9804,15696,7343,-1217,-139,HELLO
2559,2672,2448,2559,2375,136,10240,13688,8322,-1688,117,HELLO
2711,2630,2591,2608,2430,28,10128,12396,10019,-2421,-1182,HELLO
2754,2618,2553,2583,2529,256,9704,11584,12210,-3385,-2431,HELLO
2799,2737,2704,2626,2604,1344,10720,11420,13793,-3850,-1379,HELLO
2908,2813,2751,2786,2650,20,10964,11324,14985,-4326,658,HELLO
2951,2800,2902,2749,2768,-620,12888,12100,13605,-5913,167,HELLO
3022,2905,2831,2816,2734,972,13548,8668,14172,-5840,-2548,HELLO
3135,3052,2945,2922,2863,3612,10996,10820,14517,-2739,-2324,HELLO
3206,3098,3006,2672,2928,1072,12452,8832,14039,1707,-263,HELLO
3168,3199,2430,1925,2587,-1288,14476,7520,12858,-2684,-178,HELLO
3249,3157,1952,1580,2581,908,13392,8484,12095,-4759,-1002,HELLO
3376,3175,1571,1389,2558,2160,14216,7552,12035,-1094,-2497,HELLO
3271,3198,1264,1283,2538,1120,13712,6744,11711,233,-2969,HELLO
3185,3179,1003,1215,2512,1144,15064,6584,11478,98,-1992,HELLO
3202,3282,815,1165,2490,1032,16588,6200,9385,-154,-1704,HELLO
3307,3115,653,1133,2486,812,16376,4908,7031,28,-2227,HELLO
3027,3127,491,1099,2430,992,15340,5120,5828,309,-2330,HELLO
3120,3092,3081,1445,2454,1524,16040,4900,4942,1208,-2081,HELLO
3132,2988,3009,2929,2585,1160,16872,4832,3577,1101,-787,HELLO
2928,3043,2927,2897,2535,640,16460,4424,1785,336,-320,HELLO
2982,2947,2915,2908,2537,572,15880,4368,458,-455,-425,HELLO
2966,2908,2918,2854,2502,1240,15504,4828,-26,-57,-231,HELLO
2950,2897,2864,2810,2471,1348,15748,5376,-244,777,419,HELLO
2967,2864,2855,2803,2468,296,16272,5240,-1014,169,1192,HELLO
2990,2878,2869,2863,2483,100,15676,4956,-1612,-1009,1230,HELLO
2958,2887,2907,2862,2508,1272,15188,5640,-1498,-472,802,HELLO
3008,2959,2923,2873,2527,900,15544,5972,-964,847,823,HELLO
3014,2999,2946,2928,2559,608,16080,5784,-1243,936,934,HELLO
3081,2979,2998,2960,2611,396,15692,5296,-1737,623,1026,HELLO
3219,3087,3066,2997,2632,984,15560,5956,-1536,501,951,HELLO
3120,3030,2955,2889,2559,1468,16524,6004,-2139,2478,487,HELLO
2950,2874,2836,2803,2499,1368,18204,6936,-4151,3519,886,HELLO
2829,2759,2757,2725,2638,1800,18372,6368,-6947,6049,915,HELLO
2756,2691,2624,2645,2559,232,20048,6000,-9301,6482,-947,HELLO
2611,2619,2480,2581,2468,1136,14156,4048,-11199,8006,-2580,HELLO
2764,2626,2586,2550,2558,-244,10808,3888,-10918,4447,-1815,HELLO
2903,2767,2700,2664,2590,-716,12312,7256,-9351,2674,782,HELLO
2965,2870,2801,2749,2665,-1256,15584,9064,-9373,1480,2012,HELLO
2979,2960,2811,2902,2721,-660,15204,9376,-11739,566,2117,HELLO
2962,2775,2790,2695,2763,140,13396,8892,-13061,2530,920,HELLO
2897,2802,2802,2644,2736,-2368,11372,8416,-12792,1489,-842,HELLO
2915,2783,2736,2681,2666,-1336,10660,9420,-9225,-1531,-167,HELLO
2803,2691,2640,2611,2559,-176,11728,11568,-5598,-2563,1159,HELLO
2843,2688,2709,2608,2591,488,12544,12176,-4100,-122,909,HELLO
2835,2723,2634,2647,2559,4,12200,11660,-2350,461,-318,HELLO
2843,2707,2662,2646,2606,416,12296,11896,-802,-670,-545,HELLO
2837,2729,2672,2657,2625,1156,12348,12128,-213,-690,-147,HELLO
2852,2782,2769,2704,2682,616,12524,12144,1104,80,109,HELLO
2832,2647,2753,2559,2648,136,12868,11628,2199,-269,-377,HELLO
2843,2739,2720,2658,2620,308,11512,10348,3479,-738,-1173,HELLO
2831,2720,2629,2589,2559,296,11848,11020,5177,-1314,-606,HELLO
2791,2668,2615,2554,2529,348,12596,11296,6200,-1089,438,HELLO
2807,2710,2663,2672,2527,392,12664,10560,6609,-1356,-100,HELLO
2957,2835,2793,2799,2698,-888,12092,9144,8077,-1804,-631,HELLO
3006,2857,2709,2877,2643,160,12632,10004,9425,-3385,-64,HELLO
2881,2771,2854,2621,2692,-320,11512,8864,10164,-2926,518,HELLO
3007,2907,2829,2755,2726,-1188,11052,5836,12022,-3981,-565,HELLO
3225,3083,2992,3009,2992,2132,15096,9104,12193,-3402,-411,HELLO
3214,3053,3281,2929,3095,460,11668,6312,12453,-1026,-843,HELLO
3343,3063,3065,2342,2591,-824,14732,5856,13388,-2373,-316,HELLO
3280,3191,2875,1867,2602,384,13916,7404,12401,-4055,776,HELLO
3275,3201,2183,1651,2559,1188,15540,5932,11247,-2759,1929,HELLO
3248,3184,1787,1521,2544,544,13868,5028,10969,-1772,1874,HELLO
3298,3181,1455,1401,2539,1372,15560,4664,9711,-1398,1733,HELLO
3274,3186,1184,1355,2522,928,16736,4608,7733,-995,1319,HELLO
3216,3226,958,1298,2457,1644,16696,4076,6245,-1182,947,HELLO
3267,3152,776,1243,2448,2164,14668,3980,4848,-975,1383,HELLO
3338,3203,627,1214,2479,1332,15680,3600,4561,-288,777,HELLO
3199,3222,485,1210,2477,3084,16648,4608,3274,701,95,HELLO
3142,3098,400,1186,2437,1212,16760,3200,3481,-25,308,HELLO
2898,2812,289,1134,2340,2592,16908,4232,2468,-781,-34,HELLO
2832,2800,239,1114,2324,1540,17908,4048,2013,-177,-111,HELLO
2749,2754,208,1101,2286,1736,16924,3704,991,221,-173,HELLO
2792,2800,198,1086,2288,1576,15544,3284,1118,251,293,HELLO
2815,2752,195,1090,2297,868,15676,2652,1421,-427,1149,HELLO
2800,2854,193,1095,2301,1060,17528,3684,395,-2265,2562,HELLO
2891,2842,208,1103,2322,1140,16704,3060,-724,-1991,3357,HELLO
2835,2787,203,1104,2346,1860,16204,3240,-1676,-323,4347,HELLO
2811,2915,192,1105,2336,1380,15136,2640,-2317,698,5718,HELLO
2926,2791,193,1105,2326,1784,15428,3304,-2988,97,7266,HELLO
2821,2806,190,1105,2315,2112,16528,3352,-4888,986,7892,HELLO
2786,2737,177,1093,2287,2620,15848,3396,-6877,594,8834,HELLO
2762,2797,176,1087,2268,2984,14204,3736,-7084,541,8243,HELLO
2880,2790,181,1090,2291,4536,14828,5220,-6616,2567,7631,HELLO
2881,2864,190,1104,2303,3008,15752,5296,-7187,2552,7305,HELLO
2962,2911,195,1114,2338,3820,16224,6328,-7756,1971,6236,HELLO
3086,2975,351,2759,2527,4444,13872,6064,-6919,1013,4841,HELLO
3057,3100,311,2800,2559,6044,14000,7392,-4587,1276,3817,HELLO
3153,3008,282,2768,2559,5528,14848,7508,-3082,1754,2781,HELLO
3138,3168,272,2833,2559,5192,15828,7416,-2781,545,743,HELLO
3214,3083,256,2816,2518,6204,14580,7144,-2159,29,-2245,HELLO
3146,3044,242,2772,2512,6484,13568,7136,-329,144,-3436,HELLO
3110,3039,240,2793,2489,5132,13992,7076,1334,206,-4652,HELLO
3194,3019,240,2784,2528,4008,14648,6824,2611,-1288,-6420,HELLO
3151,3042,236,2759,2501,3980,15596,6876,2920,-540,-10033,HELLO
3156,3037,197,2304,2425,6196,14224,6852,2857,2357,-11826,HELLO
3201,3081,187,1760,2427,2104,13876,5404,4117,1375,-9079,HELLO
3086,3167,181,1520,2469,416,14332,6448,4927,-2471,-8844,HELLO
3126,2991,187,1375,2417,208,15492,6124,5710,-3646,-10999,HELLO
3123,2959,193,1294,2391,5792,15736,6860,3731,962,-13246,HELLO
3136,2991,189,1250,2375,148,14328,4920,4671,3521,-10036,HELLO
3024,2897,176,1190,2282,-1524,15568,5708,4714,-1418,-9688,HELLO
3011,2883,183,1152,2238,12,15108,4208,5133,-2071,-10361,HELLO
2991,2873,185,1126,2227,2684,14952,6256,4115,2237,-10523,HELLO
3021,2867,186,1116,2244,-2020,15316,3900,4538,503,-6765,HELLO
3033,2911,193,1121,2256,-1664,16036,4732,4261,-1375,-4954,HELLO
3069,2960,203,1130,2306,-1836,16728,4580,3588,-1136,-4791,HELLO
2986,2900,187,1133,2314,-1116,16764,3904,2437,433,-4726,HELLO
3063,2923,190,1127,2307,-1368,16188,3632,1465,1645,-2681,HELLO
3015,2896,181,1125,2287,-3120,16112,3308,951,214,-439,HELLO
2975,2838,192,1115,2281,-3064,16492,3584,137,-953,1157,HELLO
2972,2832,179,1102,2257,-2448,16288,4016,-650,-1177,2974,HELLO
3038,2926,190,1099,2271,-1792,16388,4040,-1468,-813,4504,HELLO
3009,2896,190,1103,2278,-1624,16416,4344,-2019,-780,5482,HELLO
2982,2890,178,1101,2285,-1320,15904,4400,-2592,508,6167,HELLO
3024,2894,187,1099,2299,-908,15536,4436,-3130,1326,7528,HELLO
3098,2977,202,1117,2343,-1488,15144,4032,-3321,-400,9060,HELLO
3081,2962,197,1118,2351,200,15220,5340,-3614,-779,9004,HELLO
3126,3019,195,1127,2375,1224,15240,4988,-4412,703,9123,HELLO
3152,3018,197,1133,2377,1580,14944,5376,-5007,1707,9433,HELLO
3091,2989,191,1136,2368,1252,14896,5612,-4930,1018,9906,HELLO
3062,2964,187,1139,2352,1532,15108,5792,-4920,133,8864,HELLO
3104,3024,2957,1575,2401,3064,14872,6364,-5030,1328,7910,HELLO
3082,3007,2950,1488,2403,2980,14772,6636,-4805,1934,7964,HELLO
3173,3001,2943,1471,2415,2824,14836,6556,-4545,1849,7679,HELLO
3169,3050,2992,2926,2551,2828,14820,6860,-4188,1577,6417,HELLO
3219,3071,3071,2971,2596,3892,14644,7400,-4085,1641,5533,HELLO
3182,3063,2995,2914,2559,3912,14340,7372,-3606,851,5730,HELLO
3150,3046,2993,2897,2553,3604,13972,7488,-2953,385,4839,HELLO
3162,3021,2951,2893,2536,4656,14540,8152,-2253,301,3937,HELLO
3127,2971,2925,2855,2512,4740,14912,8132,-1982,831,3217,HELLO
3088,2947,2941,2867,2479,4808,14420,7984,-1417,632,2170,HELLO
3103,3014,2960,2879,2499,5024,14360,8264,-694,861,809,HELLO
3113,3047,2960,2899,2510,5108,14148,8492,583,630,-614,HELLO
3131,3026,2985,2915,2516,5072,14304,8272,1630,77,-1846,HELLO
3173,3057,3014,2943,2541,5232,14388,8320,2508,376,-3390,HELLO
3120,3024,3008,2937,2559,4948,14424,8092,3430,1621,-5251,HELLO
3135,3039,2982,2897,2540,3648,14464,7440,4027,2268,-6506,HELLO
3106,3024,2960,2888,2520,2968,14436,7140,4401,303,-6811,HELLO
3115,2976,2918,2870,2511,3236,14620,7200,4694,73,-7780,HELLO
3088,2928,2892,2837,2480,3188,14716,7012,4810,2590,-9095,HELLO
2927,2818,2787,2768,2416,2252,14440,6404,4886,3130,-9705,HELLO
3071,2979,2917,2835,2457,1144,14472,6104,4893,1997,-9258,HELLO
3056,2939,2880,2817,2448,268,14776,6160,4717,318,-9430,HELLO
3002,2905,2862,2774,2445,1296,14564,6644,4335,2283,-10091,HELLO
3041,2939,2843,2806,2475,-468,14748,5492,4147,1951,-8771,HELLO
2919,2855,2813,2731,2453,-592,14924,5720,4115,506,-7709,HELLO
2894,2795,2725,2679,2391,-1052,14912,5816,4120,554,-7805,HELLO
2815,2752,2737,2641,2385,-176,15372,5744,3519,2668,-8127,HELLO
2820,2736,2689,2192,2311,-1664,15416,4928,3066,2578,-6648,HELLO
2782,2686,2679,1813,2257,-1968,15592,5184,2740,1689,-6130,HELLO
2777,2705,2723,1635,2242,-2004,15528,5280,2326,1444,-5892,HELLO
2834,2715,2646,1520,2258,-2108,15624,5040,2009,2120,-5392,HELLO
2825,2714,2697,1473,2261,-2568,15784,4756,1553,2570,-4452,HELLO
2839,2787,2743,1437,2278,-3000,15884,4944,921,2514,-3957,HELLO
2927,2819,2734,1442,2311,-2956,15944,4696,353,3111,-3754,HELLO
2858,2768,2690,1434,2319,-3520,15728,4376,58,3193,-2827,HELLO
2863,2803,2736,1427,2299,-4180,15628,4232,-245,1700,-1054,HELLO
2835,2783,2726,1410,2287,-4548,15516,4324,-553,-266,358,HELLO
2780,2675,2650,1362,2256,-3824,15680,4880,-459,-1106,753,HELLO
2774,2704,2608,1348,2221,-3092,15996,5036,-802,-128,1198,HELLO
2773,2698,2708,1357,2225,-3100,16088,4932,-1013,670,1715,HELLO
2786,2731,2742,1353,2239,-3432,15508,5012,-1200,533,2077,HELLO
2821,2688,2704,1346,2259,-3492,15616,5288,-680,-553,2071,HELLO
2837,2762,2704,1345,2283,-2748,15828,5460,-303,-627,2009,HELLO
2871,2768,2731,1346,2315,-2524,15532,5048,-335,-49,2358,HELLO
2815,2783,2768,1331,2305,-2512,15540,4900,-576,-112,2579,HELLO
2817,2761,2751,1330,2293,-2588,15348,5024,-969,-246,2438,HELLO
2768,2775,2730,1327,2291,-2468,15196,5008,-976,-899,2305,HELLO
2800,2767,2734,1313,2277,-2580,15068,4896,-1113,-1313,2911,HELLO
2969,2839,2780,1313,2292,-3156,15060,4884,-1600,-3309,4042,HELLO
2979,2880,2803,1313,2305,-2208,15420,5520,-2275,-3728,4745,HELLO
2987,2864,2811,1310,2295,-1664,15132,5520,-2889,-2660,4846,HELLO
2975,2880,2849,1328,2322,-1240,14736,5744,-3200,-1078,4702,HELLO
2995,2906,2877,1329,2320,-1508,14856,5780,-3429,-97,4976,HELLO
3063,2947,2930,1350,2387,-1744,14852,6020,-3789,-1049,5788,HELLO
3038,2849,2821,1341,2378,-1132,14824,6044,-4244,-2188,6388,HELLO
2986,2915,2880,1339,2361,-92,14808,6756,-3955,-1887,6261,HELLO
2992,2864,2839,1329,2337,672,15260,7148,-3939,-779,5891,HELLO
2960,2859,2810,1307,2327,792,15148,7348,-3973,600,5376,HELLO
2981,2871,2847,1322,2304,276,14948,7196,-3892,282,5375,HELLO
2981,2899,2849,1333,2325,616,14888,7740,-3141,-426,5081,HELLO
3007,2885,2830,1338,2329,1308,14964,7816,-2751,-849,4970,HELLO
3015,2904,2859,1343,2342,1760,14688,7872,-2578,93,4409,HELLO
3099,2901,2898,2816,2479,1820,14416,7548,-2240,777,3948,HELLO
3004,2981,2885,2823,2501,1452,14456,7800,-1647,-60,4002,HELLO
2992,2960,2879,2806,2481,1940,14524,8152,-1309,-268,3491,HELLO
3024,2944,2895,2804,2457,2156,14672,8160,-844,146,2792,HELLO
3009,2896,2807,2759,2442,2552,14776,8176,-507,422,2244,HELLO
2999,2864,2814,2752,2431,2460,14704,8128,-54,702,1229,HELLO
2930,2925,2846,2746,2391,2752,14468,8392,706,776,-196,HELLO
2984,2913,2813,2787,2413,2684,14356,8188,1289,-30,-772,HELLO
2982,2915,2846,2789,2426,2564,14692,8208,1846,142,-1857,HELLO
3008,2918,2859,2797,2436,1964,14620,8396,2344,347,-3320,HELLO
3035,2955,2877,2848,2460,2188,14368,8488,2939,525,-4664,HELLO
3066,2975,2896,2845,2491,1780,14100,8208,3841,1131,-5704,HELLO
2992,3010,2934,2838,2477,1740,14268,8416,4536,2408,-6900,HELLO
2914,2834,2823,2783,2445,80,14184,7288,5046,2241,-7263,HELLO
2881,2761,2768,2679,2401,-96,14596,7236,5417,1309,-8237,HELLO
2743,2729,2640,2559,2342,-420,14144,6796,6003,900,-9057,HELLO
2715,2669,2628,2559,2277,492,14476,7256,5812,2861,-9350,HELLO
2720,2688,2613,2550,2290,-1080,14636,6308,5124,4371,-8489,HELLO
2752,2691,2654,2187,2278,-2752,14612,5500,5070,2011,-8335,HELLO
2793,2704,2622,1808,2266,-2008,15076,6084,5203,1925,-8623,HELLO
2768,2686,2687,1600,2236,-2992,14980,5236,4811,2260,-8714,HELLO
2721,2559,2601,1463,2223,-2456,15372,5400,4291,3155,-7910,HELLO
2712,2559,2466,1360,2176,-3464,16056,4660,2495,3155,-4706,HELLO
2615,2523,2527,1307,2160,-5400,15688,4280,1426,257,-1759,HELLO
2608,2546,2509,1265,2142,-4756,15712,4892,898,-1715,-20,HELLO
2620,2515,2537,1253,2140,-4444,16064,4820,-1,-2017,1651,HELLO
2679,2593,2554,1248,2137,-4084,15956,4368,-923,-3164,4069,HELLO
2768,2757,2688,1279,2215,-3460,16000,4944,-1956,-3843,6373,HELLO
2944,2790,2738,1302,2256,-4080,15732,4736,-2482,-5792,8409,HELLO
2949,2893,2822,1328,2287,-2720,15248,5296,-2608,-6696,9164,HELLO
3039,2995,2579,1279,2326,-1780,15072,5732,-3109,-5308,10287,HELLO
2993,2981,2037,1207,2342,-1160,14912,5808,-3736,-3752,11825,HELLO
3120,2960,1664,1167,2352,-832,15084,5608,-4707,-3225,13160,HELLO
3097,3008,1358,1127,2351,-688,14444,5440,-4932,-4367,13419,HELLO
3035,2954,1088,1085,2323,1612,14376,6676,-4696,-2290,12236,HELLO
3030,2897,859,1045,2297,2676,14948,6884,-5217,176,11754,HELLO
3090,2959,685,1023,2320,2424,14456,7220,-5355,1065,11446,HELLO
3120,3003,534,1013,2334,2924,13960,7580,-5107,215,10720,HELLO
3109,3027,429,996,2345,3648,13884,7732,-4552,79,9445,HELLO
3136,3051,365,1004,2381,4236,13952,8340,-3940,582,8159,HELLO
3219,3116,314,1008,2422,4828,14016,8264,-3695,1086,7151,HELLO
3149,3101,283,1009,2417,4740,13856,8524,-3181,1157,6156,HELLO
3167,3021,256,1005,2403,4736,13864,8636,-2664,615,4822,HELLO
3130,3033,238,991,2384,4968,13724,8860,-1815,575,3634,HELLO
1867,1338,969,1075,929,3688,15576,3576,357,106,-341,WATER
1918,1319,1114,944,1008,3364,15912,3820,337,173,-271,WATER
2012,1343,1217,918,1088,3440,16012,3868,28,302,-266,WATER
1867,1362,1121,1043,1002,3272,15768,3772,-185,-84,-91,WATER
1930,1271,1059,1049,987,3428,15484,3772,-14,-153,280,WATER
1932,1351,1218,763,1001,3428,15668,4052,370,18,221,WATER
1882,1424,1072,1167,915,3496,15820,4252,580,-141,186,WATER
1905,1216,1264,912,987,3884,16200,4460,338,326,192,WATER
1890,1265,1008,963,883,3548,15748,4020,505,413,55,WATER
1903,1237,1113,939,868,4036,15752,4092,735,-98,49,WATER
1863,1303,1205,851,960,3760,15656,3980,1106,185,-205,WATER
1898,1195,1056,963,882,3884,16052,4164,1000,216,-309,WATER
1870,1311,1052,1022,710,3804,15728,3924,488,256,-340,WATER
1891,1424,1062,931,911,3548,15732,3876,504,317,-411,WATER
1892,1331,1023,982,802,3476,15680,3964,330,-4,-241,WATER
1968,1147,1105,848,944,3968,15512,4060,520,224,-346,WATER
1883,1464,999,1074,750,3424,15856,4124,290,158,-194,WATER
1827,1130,1200,930,944,3860,15660,4160,123,248,-106,WATER
1872,1299,1021,907,901,3408,15516,3972,281,351,-88,WATER
1824,1255,1011,999,893,3592,15576,4244,559,54,-28,WATER
1844,1351,1042,885,932,3768,16144,4476,190,284,55,WATER
1855,1342,1055,927,941,3680,15680,3912,-332,301,201,WATER
1869,1290,1270,1073,832,3368,15444,3684,50,250,188,WATER
1900,1299,1016,932,911,3584,15620,3948,494,-288,218,WATER
1857,1328,1088,1013,867,3612,16056,4348,163,-178,280,WATER
1982,1247,1170,773,806,3724,16016,4232,-525,255,336,WATER
1849,1474,987,976,773,3592,15260,3836,-243,431,260,WATER
2015,1231,1042,1068,950,3448,15464,3816,426,23,266,WATER
1828,1280,1022,885,891,3740,15924,4268,310,-645,332,WATER
1872,1265,1097,975,878,4000,15984,4512,-211,-149,275,WATER
1879,1248,1087,961,873,3452,15716,3968,-165,276,109,WATER
1767,1294,913,907,818,3560,15232,3856,536,-148,3,WATER
1732,1330,1073,839,979,3612,15744,4104,987,-214,-1,WATER
1877,1297,1072,1021,938,3632,16180,4384,286,-136,29,WATER
1846,1395,1023,997,880,3600,15632,3920,-19,20,-103,WATER
1935,1139,1104,1046,831,3360,15500,3668,365,-120,-70,WATER
1807,1525,927,909,974,3688,15652,3928,816,-309,4,WATER
1843,1232,1135,935,887,3532,15988,4040,559,-13,21,WATER
1870,1334,960,913,882,3484,15916,3808,-152,140,72,WATER
1840,1288,974,939,918,3544,15560,3844,120,109,-30,WATER
1901,1270,1047,960,817,3280,15588,3688,545,-180,-24,WATER
1767,1321,1087,757,918,3608,15872,4068,570,-91,40,WATER
1851,1194,1050,816,960,3696,15936,4012,43,337,136,WATER
1849,1280,1014,886,875,3368,15428,3588,52,205,80,WATER
1925,1264,1067,846,885,3452,15616,3944,650,-220,138,WATER
1799,1408,902,871,797,3688,15844,4148,529,-98,55,WATER
1968,1271,1139,801,977,3536,15924,4060,349,229,31,WATER
1769,1330,926,944,850,3488,15840,3884,147,171,197,WATER
1846,1200,1023,909,863,3560,15608,3712,275,104,28,WATER
1884,1248,996,810,941,3452,15696,3912,650,-488,-277,WATER
1878,1356,1043,925,763,3916,16128,4232,655,339,-251,WATER
1850,1324,1104,1057,675,3484,15912,3804,287,408,-85,WATER
1925,1190,1134,917,927,3320,15668,3692,311,275,103,WATER
1903,1280,991,880,870,3520,15708,3760,603,208,130,WATER
1977,1176,1051,930,908,3700,15784,4264,1097,205,21,WATER
1840,1374,911,958,947,3464,15940,4080,636,319,192,WATER
1984,1297,976,896,840,3500,15640,4064,272,-24,328,WATER
1806,1357,953,885,945,3496,15292,3800,280,54,223,WATER
1872,1260,1010,967,848,3712,15508,3796,487,-29,-50,WATER
1891,1222,1039,843,883,3524,15868,4124,107,445,-138,WATER
1856,1247,966,878,903,3452,15712,3772,-447,259,196,WATER
1927,1275,1022,880,735,3356,15272,3568,-480,143,326,WATER
1920,1200,1053,921,878,3508,15480,3892,161,-154,255,WATER
1856,1401,1093,922,943,3860,16068,4368,168,285,26,WATER
1931,1291,1146,921,970,3688,15800,4224,-215,428,-22,WATER
1827,1504,975,986,770,3228,15712,3864,-95,286,117,WATER
1840,1322,1309,846,1011,3636,15620,3884,425,-432,97,WATER
1855,1401,1010,1009,834,3900,16072,4176,506,-61,-132,WATER
1899,1246,1089,944,918,3744,16044,4184,87,445,-189,WATER
1850,1341,1090,938,953,3384,15616,3620,-35,101,-34,WATER
1927,1376,1072,986,845,3540,15688,3776,461,-247,15,WATER
1909,1296,1104,855,816,3592,15912,4080,554,5,-109,WATER
1917,1217,1075,963,864,3508,15920,4060,270,330,-89,WATER
1873,1279,1084,894,960,3340,15764,3972,123,279,14,WATER
1931,1270,1131,853,953,3296,15524,3916,391,-21,46,WATER
1838,1480,987,977,919,3468,15628,4008,614,-123,107,WATER
2087,1102,1009,961,736,3632,15876,4244,538,193,90,WATER
1846,1391,1031,855,950,3548,16040,4192,118,625,122,WATER
1874,1344,1085,1008,905,3632,15796,3884,-140,1040,-12,WATER
1861,1210,1077,944,999,3216,15524,3616,-35,131,103,WATER
1760,1415,1031,1023,985,3452,15584,4084,251,-280,177,WATER
1936,1382,850,989,946,3400,15888,4264,274,103,-1,WATER
1915,1322,1003,944,919,3300,15768,4132,196,215,-95,WATER
1919,1382,1099,865,896,3400,15756,4192,374,416,-32,WATER
1942,1205,1055,972,899,3228,15608,3836,563,-26,54,WATER
1793,1378,859,943,1019,3436,15780,4116,655,-21,131,WATER
2096,1152,1271,1082,948,3596,16032,4136,223,152,103,WATER
1872,1392,1037,928,894,3604,15716,3928,3,438,38,WATER
1941,1293,1059,826,906,3380,15556,3752,-6,399,27,WATER
1902,1377,1098,805,960,3472,15560,4008,73,191,112,WATER
1861,1391,1057,981,871,3068,15912,4032,-109,-22,246,WATER
1839,1317,1089,1168,752,3752,15788,4132,-78,-58,140,WATER
1901,1237,1089,905,943,3448,15648,4024,247,242,-6,WATER
1853,1455,1051,946,935,3416,15700,4132,435,26,43,WATER
1997,1231,1150,832,972,3336,15948,4108,364,-53,25,WATER
1762,1461,959,1007,898,3460,15832,4016,344,-17,-2,WATER
2183,1130,1057,855,949,3664,15648,3900,449,91,-67,WATER
1866,1279,961,930,917,3380,15556,3928,653,-116,-8,WATER
1935,1183,1078,1014,897,3336,15804,4152,675,-11,-53,WATER
1925,1334,1062,946,986,3176,15884,3908,432,26,-64,WATER
1892,1241,1123,895,896,3400,15548,3836,459,-376,90,WATER
1859,1168,1009,1065,690,3496,15660,4112,784,-100,-60,WATER
1853,1338,1148,887,919,3448,15732,4068,645,-60,-100,WATER
1936,1321,1127,977,929,3292,15816,3992,495,-134,-126,WATER
1797,1437,956,963,1032,3412,15548,3860,727,-606,-73,WATER
1968,1199,1071,976,864,3540,15740,3936,677,-395,-114,WATER
1752,1590,1151,880,923,3180,15736,3748,752,-279,-382,WATER
1911,1255,1047,898,944,3248,15776,4072,881,-536,-429,WATER
1803,1328,1123,867,883,3128,15872,3952,827,-544,-335,WATER
1930,1355,1059,937,843,3396,15948,3848,576,-208,-246,WATER
1897,1317,1094,942,880,3488,15664,3540,628,215,-372,WATER
1984,1261,1269,784,1086,3264,15644,3468,779,178,-387,WATER
1872,1383,1051,949,912,2940,15764,3616,1154,-413,-240,WATER
1843,1378,1082,932,971,3440,16060,4040,1153,-318,-125,WATER
1907,1191,1152,1043,927,3220,15964,3912,1038,-80,-34,WATER
1751,1431,956,977,1050,3312,16004,3592,937,-151,63,WATER
1953,1123,1175,751,886,3420,15828,3608,978,57,-93,WATER
1847,1357,1071,947,859,3396,15928,3468,1218,58,-376,WATER
1845,1315,1023,910,955,3328,15936,3492,1423,-93,-445,WATER
1853,1360,1120,934,943,3256,15992,3516,1627,-253,-511,WATER
1871,1296,1072,1005,964,3456,16276,3580,1087,-21,-363,WATER
1841,1339,1037,1115,754,3312,15928,3172,626,140,-503,WATER
1917,1255,1124,951,899,3224,15824,2972,716,75,-550,WATER
1939,1309,1137,1060,939,3208,15916,3224,858,-40,-562,WATER
1989,1282,1275,921,864,3308,16184,3456,472,205,-472,WATER
1875,1312,1003,1013,799,2784,16000,3188,-19,330,-160,WATER
1908,1344,1361,896,1022,2940,15820,3164,90,193,72,WATER
1872,1366,1084,959,1003,3064,15948,3256,386,92,131,WATER
1888,1232,1070,909,914,3092,16184,3576,279,-33,235,WATER
1850,1440,1094,843,971,3272,16176,3544,-143,182,335,WATER
1968,1236,1152,943,979,3036,15720,3280,-260,528,328,WATER
2015,1152,1338,948,879,3128,15680,3444,274,249,284,WATER
1873,1392,1090,997,946,2988,16060,3508,278,62,360,WATER
1878,1331,1096,928,938,3408,16112,3640,115,154,267,WATER
1923,1392,1023,1068,783,3172,15896,3296,25,397,134,WATER
2000,1338,1232,836,1043,3008,15856,3220,456,-50,134,WATER
1855,1296,1008,1103,869,3344,16164,3428,393,-150,183,WATER
1906,1354,1127,971,935,3368,16080,3536,67,377,-79,WATER
1890,1314,1009,963,940,2860,15780,3236,3,608,-53,WATER
1854,1232,1140,982,929,2984,15776,3140,237,-127,169,WATER
1840,1392,980,899,926,3196,16056,3724,276,-199,55,WATER
1803,1427,1036,881,1123,3068,16108,3672,59,182,58,WATER
1910,1325,1037,957,985,3320,15860,3672,-99,748,-89,WATER
1835,1356,1075,1031,1092,2560,15636,3124,157,662,-66,WATER
1903,1466,1083,958,879,2996,15828,3528,613,-581,328,WATER
1878,1383,1216,913,1091,3296,16312,3752,286,55,239,WATER
1968,1345,1104,1071,726,3348,15916,3444,67,590,83,WATER
1898,1362,1107,957,933,2716,15596,3096,228,32,221,WATER
1797,1312,985,1051,922,3192,15832,3428,497,-267,110,WATER
1925,1205,1091,1018,891,3120,16092,3456,308,158,-106,WATER
1840,1468,1023,942,1008,3108,15984,3356,-8,94,-122,WATER
1822,1424,1115,785,1114,3048,16096,3136,-120,132,-79,WATER
1925,1360,1041,990,1030,2724,15924,3328,118,-84,-105,WATER
1879,1296,1082,1056,1101,3008,16044,3872,250,-266,53,WATER
1933,1360,1020,1009,816,2964,16104,3740,54,189,-3,WATER
1981,1314,1133,791,1088,3016,16040,3648,54,126,55,WATER
1770,1590,989,955,912,2876,15820,3572,272,-114,231,WATER
1898,1342,1120,874,951,3312,15872,3772,462,-44,244,WATER
1859,1349,1169,973,988,3088,16136,3740,163,470,190,WATER
1839,1439,1003,991,1002,3104,15772,3472,221,78,269,WATER
1954,1307,1168,976,1004,3028,15772,3220,406,-154,312,WATER
1984,1258,1133,1159,789,3328,15912,3604,534,-277,194,WATER
1821,1331,1109,1009,970,3332,16068,3596,411,127,43,WATER
1872,1440,1087,1048,889,3088,16060,3404,-1,358,73,WATER
2023,1239,1242,920,979,3020,15652,3248,287,-127,97,WATER
1881,1463,1051,1079,831,2996,15900,3296,626,-248,49,WATER
2144,1143,1262,1066,889,3188,16260,3692,184,37,82,WATER
1883,1315,1120,927,970,3120,15996,3380,-98,331,45,WATER
1907,1296,1093,967,911,2968,15736,3228,169,369,5,WATER
1969,1286,1092,853,1031,2896,15888,3388,435,12,115,WATER
1936,1354,1130,1043,876,3012,16152,3744,202,58,213,WATER
1899,1411,969,1087,816,3216,16056,3736,146,583,109,WATER
1888,1363,1125,990,1040,2920,15868,3272,287,471,87,WATER
1925,1359,1115,987,896,2964,15852,3444,582,-284,204,WATER
1971,1274,1205,962,1008,3204,16148,3836,477,-147,65,WATER
1843,1501,1059,1054,875,3260,16128,3676,142,301,-18,WATER
1967,1220,1146,1095,880,2956,15748,3180,368,317,-90,WATER
1854,1359,1059,1023,1002,2848,15860,3240,406,35,90,WATER
1808,1347,1015,971,1035,3172,16092,3552,196,-6,195,WATER
1955,1242,1246,1172,860,3204,16072,3684,100,264,-9,WATER
1819,1403,1145,806,957,3064,15860,3476,105,462,17,WATER
1964,1310,1117,878,1009,2980,15804,3540,288,70,62,WATER
1901,1391,1079,992,953,2984,16060,3676,389,-108,240,WATER
1938,1383,1194,874,1014,3240,16144,3740,107,225,114,WATER
1851,1468,892,843,951,3076,15912,3452,90,468,-14,WATER
2078,1232,1221,819,960,2976,15780,3408,373,4,117,WATER
1774,1411,874,1023,973,3100,16028,3748,382,-185,200,WATER
1882,1408,1067,1010,986,3216,16048,3712,-53,202,131,WATER
1862,1299,1161,943,944,3176,15764,3412,-34,422,-4,WATER
1911,1296,1120,1040,853,2664,15808,3448,316,61,38,WATER
1874,1474,1095,1007,976,3176,15992,3924,373,-233,170,WATER
1979,1360,1185,900,1023,3060,16156,3956,196,303,67,WATER
1840,1360,1098,1008,983,2944,15928,3512,177,257,156,WATER
1919,1360,1133,912,1092,3132,15760,3400,520,-16,111,WATER
1853,1481,1068,1063,903,3036,16116,3596,679,69,-15,WATER
2002,1365,1274,919,1151,2968,16080,3848,438,105,-97,WATER
1879,1478,1129,1136,887,2832,15952,3564,423,262,4,WATER
1948,1328,1105,963,1037,3104,15760,3388,575,-132,162,WATER
1831,1287,949,970,998,3092,15904,3312,740,93,-7,WATER
1966,1293,1226,969,970,3224,16216,3560,469,228,72,WATER
1857,1441,1002,1009,1033,3204,15860,3444,-45,388,96,WATER
1939,1297,1184,1039,1114,2812,15596,3188,34,236,159,WATER
1904,1316,1118,1119,974,3140,15776,3416,517,-386,242,WATER
1991,1307,1197,944,1023,3336,16228,3632,232,60,130,WATER
1841,1463,1010,1045,947,3116,16068,3324,-459,657,1,WATER
2054,1308,1290,905,997,2884,15788,3204,-589,16,154,WATER
1787,1422,971,983,1067,2948,15724,3612,-160,-167,123,WATER
1895,1328,1133,971,977,3048,15956,3920,94,-155,74,WATER
1911,1271,1041,947,1023,3168,16020,4284,30,192,-11,WATER
1863,1447,967,1065,971,2832,15920,3832,180,289,26,WATER
1945,1317,1191,1023,976,2996,15980,3744,322,-64,123,WATER
1935,1250,1230,943,1112,3052,15924,3700,498,9,10,WATER
1894,1384,1102,1006,1040,3164,16020,3584,336,186,78,WATER
1868,1392,1155,927,1072,3216,16164,3784,123,206,155,WATER
1878,1445,1114,1134,978,2940,15752,3380,385,72,126,WATER
1799,1360,973,949,1130,2984,15832,3584,616,-333,170,WATER
1968,1307,1183,974,1008,3208,16124,3868,261,-14,110,WATER
1887,1394,1120,964,1000,3168,16012,3840,-45,572,-24,WATER
1951,1415,1078,1005,924,2776,15552,3408,102,154,124,WATER
1915,1390,1146,912,1083,3128,15816,3796,594,-92,216,WATER
1935,1355,1098,1029,1009,3000,16056,3732,548,335,39,WATER
1781,1392,1067,1040,1006,2940,16012,3640,177,249,124,WATER
1877,1346,1159,979,1043,2980,15932,3520,81,-30,275,WATER
1887,1312,1152,1146,972,3184,15660,3556,494,61,152,WATER
2034,1338,1229,894,940,3268,15924,3808,551,91,36,WATER
1965,1429,1115,1098,848,3220,15936,3968,370,323,11,WATER
1921,1285,1206,954,1022,3056,15888,3472,303,291,-60,WATER
1876,1310,1015,1033,953,3024,15884,3512,449,-112,126,WATER
1872,1328,1157,1023,929,3064,15992,3536,333,-106,111,WATER
1921,1358,1165,965,1036,3164,16072,3624,134,268,-30,WATER
1829,1191,1135,995,1008,2688,15768,3320,6,293,-14,WATER
1856,1333,1039,1085,929,2980,15728,3664,262,-285,152,WATER
1871,1396,1075,1013,1008,3028,16032,3932,319,12,48,WATER
1947,1291,1168,1088,992,2940,15948,3652,234,187,48,WATER
1799,1344,1010,918,1222,3056,15892,3680,397,23,88,WATER
2006,1310,1072,870,853,2948,16008,3608,585,238,107,WATER
1826,1382,1052,966,982,3100,16028,3388,408,-28,151,WATER
1904,1307,1053,975,999,3336,16060,3520,73,151,83,WATER
1917,1360,1121,953,995,3100,15932,3488,27,281,31,WATER
1872,1309,1055,1043,1023,2860,15836,3448,261,42,-11,WATER
1935,1346,1215,1056,951,3072,16200,3948,358,-40,118,WATER
1984,1286,1023,1043,1023,3152,16096,3920,180,213,65,WATER
1875,1362,1082,1069,1021,2968,15972,3556,243,463,-53,WATER
1914,1326,1114,1034,1014,2852,15688,3336,421,-47,161,WATER
1855,1490,887,1104,1000,3192,16004,3796,657,-216,195,WATER
2092,1346,1328,976,923,3164,16108,3488,195,308,77,WATER
1856,1395,1023,1006,1054,2844,15880,3320,-125,141,241,WATER
1877,1335,1106,935,1056,3048,15584,3492,167,-82,276,WATER
1874,1366,1136,847,1059,3088,15964,3888,257,-54,252,WATER
1913,1306,1072,1007,981,3180,15996,3956,99,198,219,WATER
1861,1328,1088,1136,810,2616,15728,3476,127,-89,409,WATER
1936,1408,1138,933,1045,2668,15656,3548,286,-299,842,WATER
1859,1383,1129,1097,1010,2832,15856,3628,88,-51,1230,WATER
1932,1410,1271,943,1138,2828,15720,3528,111,151,1519,WATER
1922,1518,1098,1139,801,2984,15760,3352,-215,101,2062,WATER
1875,1213,1200,884,1169,2984,15744,3588,-857,946,2758,WATER
1856,1358,1082,991,926,2760,15188,3388,-1259,1103,4246,WATER
1877,1381,1104,881,1034,3068,15228,3828,-1377,693,5631,WATER
1835,1325,1010,1078,980,3616,15224,3788,-1317,304,5772,WATER
1881,1257,1130,1039,949,4632,15868,4104,-1584,795,5448,WATER
1970,1051,1292,1059,1001,4776,15892,4248,-2186,1485,4760,WATER
1845,1359,1092,942,929,5120,15468,4348,-2109,988,3999,WATER
1962,1319,1115,1005,935,5332,15672,4776,-1399,686,3318,WATER
1840,1311,981,1011,1173,5852,15792,4928,-846,159,2399,WATER
1938,1196,1190,1014,1036,5908,15576,4916,-350,429,1355,WATER
1870,1343,1184,768,1168,5676,15696,4900,250,184,546,WATER
1921,1246,1137,991,941,5788,15664,4900,860,-308,-210,WATER
1802,1345,1035,915,977,5620,15580,4824,1212,310,-1274,WATER
1827,1346,976,1023,844,5068,15220,4376,1714,-348,-1789,WATER
1922,1350,1072,870,1005,4764,15564,4372,1911,-350,-2125,WATER
1973,1075,1370,871,1123,4644,15284,4060,1721,-295,-2460,WATER
1897,1363,1023,974,997,4476,15040,3904,1866,137,-2894,WATER
1900,1315,1103,1040,976,4136,15284,3888,2008,-24,-3294,WATER
1860,1331,1202,1015,1185,4408,15400,4092,1706,57,-3517,WATER
1898,1232,1011,1168,969,4268,15336,4272,1615,563,-4172,WATER
1982,1152,1328,944,1137,3764,15080,3760,1546,472,-4816,WATER
1838,1391,1055,1053,960,4036,15228,3988,1663,-296,-5335,WATER
1985,1306,1094,1105,1036,3640,15508,3948,1702,410,-5850,WATER
1872,1398,1047,982,1071,3284,15596,3528,1395,724,-5446,WATER
1863,1292,1104,1036,955,2912,15948,3672,1478,303,-4987,WATER
1936,1347,967,1198,807,2660,16208,3396,1264,282,-4614,WATER
1909,1309,1136,1023,1111,1888,15868,2852,1201,-362,-3659,WATER
1905,1312,1143,1056,1083,2224,16560,3504,1167,-497,-2667,WATER
1903,1387,1180,935,1107,1880,16856,3556,642,-303,-1729,WATER
1959,1295,1078,1143,998,1788,16784,3396,117,130,-713,WATER
1926,1486,1040,945,1267,1944,16484,3440,262,381,275,WATER
1910,1402,1051,1053,1008,1348,16268,3560,668,-436,1284,WATER
1929,1315,1107,959,1021,2252,16804,4044,528,-482,2108,WATER
1943,1417,981,1073,965,2464,16616,4004,115,47,2340,WATER
1914,1438,1085,1017,1104,2456,16136,3520,-59,460,2382,WATER
1904,1403,1060,843,1195,2264,15744,3204,207,-166,2338,WATER
1863,1296,1107,1015,1019,2916,15904,3976,733,-761,1975,WATER
1904,1389,1118,1063,941,2972,15944,3952,601,-126,1594,WATER
1946,1330,1081,1048,994,2840,15480,3436,598,-346,1206,WATER
1847,1462,950,985,1037,2872,15704,3420,480,-23,966,WATER
1874,1199,1262,869,1034,2812,15348,3132,195,-80,592,WATER
1840,1401,990,996,1063,2720,15436,3228,235,-51,252,WATER
1847,1254,1057,1085,971,2744,15592,3392,269,-16,210,WATER
1921,1392,1105,981,1039,2624,15456,3244,354,274,8,WATER
1921,1296,1133,1056,1009,2512,15748,3392,124,582,-51,WATER
2001,1203,1120,1145,811,3316,16268,3360,-556,1342,-69,WATER
1899,1376,1151,971,1014,1660,14876,2672,-256,1196,-388,WATER
1920,1305,1095,1094,1014,3328,16268,3900,65,843,-146,WATER
1808,1303,1035,1023,1072,2740,15960,3480,-580,1302,-99,WATER
1897,1189,1168,1012,915,2512,15684,3616,-108,962,47,WATER
1776,1488,983,960,1060,2668,16088,3520,-97,783,433,WATER
1903,1247,1004,976,977,2792,15864,3308,-77,139,517,WATER
1853,1286,1002,878,992,3216,16228,3928,97,-40,510,WATER
1799,1284,1018,970,1041,3320,16272,3768,-138,460,385,WATER
1803,1226,1081,1012,991,3068,16140,3620,-332,142,537,WATER
2026,983,1251,963,924,2788,15740,3776,59,-282,640,WATER
1894,1345,1065,981,1020,3168,16112,3988,352,-71,492,WATER
1929,1323,1109,833,1088,2964,16060,4092,237,0,474,WATER
1819,1318,975,951,1087,2868,15924,3956,382,-159,612,WATER
2004,1198,1077,989,960,3092,16004,3648,365,-126,598,WATER
1827,1510,1040,912,934,3160,15708,3684,491,301,317,WATER
1873,1315,1038,1066,1040,3008,15724,3804,526,303,318,WATER
1891,1313,1092,886,977,2760,15880,3964,297,-271,437,WATER
1843,1230,994,1000,994,3100,15948,4092,-194,496,318,WATER
2032,1296,1154,1060,959,2152,15308,3440,-213,218,355,WATER
1962,1190,1231,834,1013,3076,15396,3648,130,-794,476,WATER
1920,1324,1045,913,1053,3092,15924,4068,211,-283,315,WATER
1805,1404,1060,1033,1088,2724,16044,3720,-404,-448,459,WATER
1898,1187,1105,1093,887,3196,16036,3828,-1406,-325,771,WATER
1686,1387,1034,973,1072,2924,15388,3264,-1690,-363,746,WATER
1968,1168,1100,1060,715,3528,15604,3708,-1075,-660,549,WATER
1814,1264,1040,854,837,4012,16060,4356,-1093,-231,529,WATER
1885,1259,973,957,785,3540,15928,4120,-1180,345,451,WATER
1897,1218,1088,847,946,3444,15664,4000,-1027,91,426,WATER
1886,1090,1103,1067,866,3376,15452,4260,-136,-414,405,WATER
1809,1185,993,1078,859,3088,15600,4512,464,-247,130,WATER
1907,1274,1092,966,913,3528,16028,4864,566,-267,78,WATER
1918,1278,1123,1083,988,3496,15312,4440,-951,-1022,-1370,WATER
1876,1269,1088,837,1105,3764,15552,4192,558,355,-326,WATER
1943,1149,1022,985,975,2980,15376,3792,986,-206,-563,WATER
1797,1488,1170,814,1098,3452,15884,4096,1039,-408,-689,WATER
1815,1339,1095,985,950,3792,16164,4664,993,343,-914,WATER
1872,1403,1041,912,995,3344,16040,4452,224,1627,-1118,WATER
1935,1191,1007,999,965,2056,15364,3612,314,1163,-851,WATER
1919,1409,1086,960,1035,2632,15356,4084,945,-317,-671,WATER
1968,1282,1252,833,1217,3100,15984,4704,1300,233,-322,WATER
1931,1350,1159,1104,1075,3032,16044,4680,1134,1003,-268,WATER
1878,1391,1128,1036,1114,2888,15624,4288,1475,1699,-46,WATER
1921,1406,1039,1121,935,1792,15784,3568,1985,970,-33,WATER
1867,1376,1219,944,1115,3040,16252,4008,1573,122,-205,WATER
1901,1472,1039,1101,883,3152,16088,3724,718,1182,-518,WATER
1946,1357,1069,1088,1088,3256,15976,3688,228,1567,-736,WATER
1872,1350,1057,1069,1115,2876,15736,3300,32,1119,-557,WATER
1889,1307,1137,1104,1117,3024,15904,3660,-339,857,-528,WATER
1791,1347,1003,1088,1039,3252,16100,4256,-524,1574,-827,WATER
1755,1391,996,1104,1098,2708,15956,3956,-780,1499,-732,WATER
1829,1291,1043,993,944,2704,16028,4064,-1128,1976,-734,WATER
1867,1310,1023,1002,953,2520,16252,4320,-1191,3126,-828,WATER
1984,1166,1111,1069,935,1804,15944,4160,-1059,2865,-528,WATER
1920,1568,1069,977,860,1408,15632,4076,-406,1576,-198,WATER
2112,1141,1340,933,1142,2292,16264,4604,-480,859,162,WATER
1949,1344,990,1010,1079,2052,16252,4932,-576,1340,368,WATER
2030,1411,1206,1075,1247,2488,16052,4416,-590,772,402,WATER
1973,1410,1211,1088,1274,2504,15900,4444,-196,1224,227,WATER
2032,1328,1213,1144,1226,2140,15788,4356,-84,1396,150,WATER
1987,1292,1233,1243,1152,1880,15604,4276,115,488,391,WATER
2000,1445,1178,1130,1364,2240,16220,4796,452,248,251,WATER
2047,1367,1197,1225,1426,2540,15980,4724,172,792,75,WATER
1872,1411,1070,1203,1413,2136,15516,4316,-217,403,242,WATER
1995,1431,1392,1023,1427,2556,15488,4668,-16,171,390,WATER
2022,1253,1222,1263,1294,1572,15988,4288,864,1176,109,WATER
1984,1332,1163,1229,1326,2072,16280,5068,1017,-16,234,WATER
1955,1387,1186,1161,1205,1972,15880,4308,7,-845,232,WATER
1911,1328,1198,1105,1249,3120,15656,4744,-160,162,108,WATER
1915,1377,1170,1200,1180,2216,15500,4676,363,1379,-152,WATER
1829,1478,1044,1075,1208,788,15588,4316,1263,-53,200,WATER
1949,1360,1104,1083,1173,2664,16060,5300,1555,-1672,942,WATER
1958,1407,1152,1072,999,3456,15844,5212,1307,1226,290,WATER
1957,1296,1265,977,1117,1668,15628,3896,1585,1762,133,WATER
1838,1530,1200,1123,806,1764,15992,4204,1827,-1267,742,WATER
2045,1335,1107,944,1066,2524,16316,4236,1933,-1872,402,WATER
1907,1350,1018,947,865,3120,16016,4084,1542,-1456,213,WATER
1880,1285,1076,990,900,2720,14968,3144,390,141,-53,WATER
1873,1437,1066,986,928,2300,15040,3380,1023,285,-260,WATER
1957,1394,1072,915,943,1868,15540,3576,1175,-1798,425,WATER
1929,1300,1168,1058,804,3432,16204,4368,612,-2618,733,WATER
1872,1401,1088,974,966,3412,16296,4608,-65,150,167,WATER
1975,1279,1074,975,901,2532,15372,3612,149,725,-56,WATER
1853,1447,1061,1098,917,2220,15408,3820,1142,-153,101,WATER
1948,1248,1120,830,1131,2168,16340,4192,1206,-455,186,WATER
1865,1350,1009,911,849,2904,16788,4336,416,-51,-57,WATER
1870,1385,1071,971,933,3016,16056,3972,-613,1102,-634,WATER
1883,1392,1046,985,949,2180,14960,3304,-151,1511,-636,WATER
1918,1379,1074,903,909,2344,15692,4124,790,1085,-473,WATER
1904,1374,1140,1089,787,1960,16152,4236,403,614,-474,WATER
1920,1342,975,975,825,2888,16048,4544,-231,1650,-374,WATER
1904,1392,1119,925,936,2072,15608,3676,-365,2015,-78,WATER
1893,1270,1127,1042,802,2632,15492,4044,526,1818,-223,WATER
1717,1232,959,920,1074,2856,15720,4512,1799,3822,-866,WATER
2030,1300,1231,787,715,1744,16552,4080,1686,3849,-968,WATER
1781,1408,974,927,880,1992,16596,4180,841,2258,-706,WATER
1878,1274,1045,851,869,2572,16372,4208,444,2804,-747,WATER
1866,1349,1040,839,823,2812,15620,3700,422,4187,-1497,WATER
1873,1262,906,853,858,1744,15972,3576,928,4526,-2399,WATER
1792,1258,976,763,867,940,16136,3292,550,1487,-1334,WATER
1904,1181,1131,803,915,1880,16060,4144,0,-52,-643,WATER
1909,1360,1022,942,831,2388,16096,4276,-219,2068,-1355,WATER
1801,1322,993,902,966,1628,15356,3528,179,4147,-2044,WATER
1847,1217,1046,1008,815,304,15920,3620,458,2481,-1773,WATER
1826,1322,861,861,1007,828,16024,4200,105,1116,-967,WATER
1885,1233,1002,854,799,1384,15928,4292,134,1978,-1298,WATER
1895,1260,1005,920,838,1476,16364,4456,292,3583,-1959,WATER
1792,1259,919,931,816,-16,15812,3480,359,3045,-1722,WATER
1883,1203,972,880,816,-412,15912,3464,677,104,-584,WATER
1819,1394,996,929,785,688,16372,4224,428,-298,-262,WATER
1821,1307,881,863,880,1000,16404,4284,-333,1438,-868,WATER
1808,1287,1070,960,883,732,15956,3852,-645,2543,-1086,WATER
1776,1292,973,921,997,660,16000,3840,-581,2863,-855,WATER
1898,1206,1043,1083,827,388,16184,4152,-1007,2932,-505,WATER
1807,1571,1019,784,816,696,16060,4420,-1336,3609,-657,WATER
1872,1274,1038,913,855,424,15780,4248,-933,4443,-1145,WATER
1872,1314,976,909,838,124,15740,4192,-496,4385,-1204,WATER
1853,1347,999,926,833,236,15868,4360,-689,3608,-703,WATER
1931,1322,1071,879,899,-460,16020,4356,-405,3663,-725,WATER
1999,1296,1058,658,1077,220,16088,4556,-756,2957,-724,WATER
1871,1360,976,909,864,140,15588,4472,-474,3726,-734,WATER
1882,1249,1071,937,897,-316,15812,4388,212,2688,-587,WATER
1904,1405,960,949,784,-864,16160,4520,459,1603,-335,WATER
1932,1236,1138,795,828,-1196,16112,4444,538,-428,188,WATER
1872,1535,1010,780,896,-28,16220,4904,874,-437,350,WATER
1913,1227,1078,913,848,4,16140,4644,647,321,295,WATER
1871,1281,938,846,831,-288,16000,4704,809,958,30,WATER
1945,1295,935,867,781,-984,16048,4188,787,-116,235,WATER
1905,1264,1038,921,911,-92,16100,4440,459,-866,528,WATER
1765,1249,1007,880,1020,-164,15836,4352,539,-474,370,WATER
1871,1314,962,912,861,-188,15760,4324,673,-764,467,WATER
1893,1329,1045,875,881,-692,15660,4252,1400,-1068,545,WATER
1916,1218,977,963,767,-704,16236,4212,1777,-3123,948,WATER
1758,1384,944,910,1058,800,16392,4480,911,-2748,1243,WATER
1971,1300,864,1140,827,28,16096,3964,407,-1682,970,WATER
1817,1331,955,854,914,-668,15784,3560,382,-2394,1158,WATER
1873,1171,1040,907,870,-644,15848,3768,583,-5217,2179,WATER
1888,1223,1089,864,875,-656,15908,3544,555,-8260,3346,WATER
1787,1411,1079,939,869,-32,15668,3508,334,-10447,4393,WATER
1823,1177,1136,733,993,1376,16044,3892,229,-10126,4352,WATER
1875,1375,963,883,880,1072,16188,4316,-42,-8690,3362,WATER
1915,1315,1067,998,919,2104,16200,4504,-385,-7921,3363,WATER
1986,1330,1120,1057,838,1876,16108,4268,-904,-7598,3566,WATER
1986,1349,1159,837,993,2404,15976,4116,-882,-8188,3734,WATER
1858,1494,1162,1136,768,2336,16016,4472,-580,-7533,3094,WATER
1968,1409,1168,991,955,4760,16744,5368,-859,-6172,1788,WATER
2064,1453,1214,1051,981,4112,16276,4692,-1994,-3597,37,WATER
2114,1495,1276,1117,1063,2144,16384,4440,-2660,-3054,186,WATER
2293,1695,1297,1243,1035,2664,15724,4436,-2355,-4062,420,WATER
2192,1997,1219,1248,1189,4824,15228,4876,-2126,-2101,155,WATER
2277,1791,1524,1213,1121,3496,15068,4724,-693,1359,-695,WATER
2296,1829,1409,1271,1143,1940,15644,4488,-46,11,-495,WATER
2244,1783,1535,1419,1228,3168,15656,5000,57,-1095,-111,WATER
2245,1851,1366,1198,1240,3008,15268,4456,322,483,-782,WATER
2390,1595,1629,1251,1141,2176,15500,4176,1340,-282,-1167,WATER
2245,1702,1408,1207,1088,2540,15820,4592,1726,-845,-1251,WATER
2251,1708,1379,1191,1008,2744,16240,4468,1185,-288,-1190,WATER
2181,1580,1403,1152,1006,2488,16128,4368,463,79,-1079,WATER
2102,1654,1246,1215,1011,2084,15288,4020,1005,-318,-1231,WATER
1763,1590,1084,967,1058,2264,15424,4216,2237,-438,-1556,WATER
1938,1371,1118,976,933,1948,16144,4712,2568,-387,-1372,WATER
1922,1340,1104,972,978,2384,16404,4676,1749,-95,-811,WATER
1981,1456,1136,993,753,2280,16136,3972,855,608,-474,WATER
2059,1338,1209,831,954,1928,15552,3304,1209,218,-279,WATER
1699,1434,878,976,811,2232,15696,3580,1569,-249,-88,WATER
1942,1321,1057,947,896,1812,16424,3864,1200,-699,86,WATER
1926,1287,1111,883,868,2652,16244,3972,6,-673,263,WATER
1837,1362,993,978,943,2344,15916,3472,-585,-1044,347,WATER
1897,1242,1139,895,854,2740,16020,4052,-629,405,-41,WATER
2023,1171,1129,973,790,2164,16000,3872,-954,743,-81,WATER
1893,1350,1061,870,880,1744,16180,4232,-1189,-224,232,WATER
1967,1283,1063,947,865,2008,15816,4004,-1369,-461,428,WATER
1916,1280,1164,861,989,2576,15616,4360,-468,-202,114,WATER
1923,1285,1063,1110,848,2080,15812,4584,245,189,-38,WATER
1962,1312,1236,833,993,2044,16396,4860,-153,175,88,WATER
1879,1330,1041,929,843,2360,16120,4596,-610,792,149,WATER
1894,1346,1047,918,912,1924,15304,3780,-189,197,437,WATER
1931,1263,1118,947,865,2432,15204,4296,1065,-162,377,WATER
1921,1313,958,988,842,2756,15816,4720,1768,1009,294,WATER
1817,1408,960,875,965,2080,16364,4776,1389,858,266,WATER
1855,1386,1023,874,855,2148,16328,4304,815,698,373,WATER
1827,1339,1035,931,976,1652,14876,3040,1172,469,421,WATER
1792,1349,993,978,688,1632,15224,3684,1778,4,114,WATER
1878,1367,1059,782,947,2928,16380,4888,2030,408,-60,WATER
1679,1271,965,1164,742,2244,16372,4236,1296,592,-60,WATER
1845,1268,986,816,812,2228,16176,3640,832,417,-3,WATER
1808,1255,1008,953,887,1864,15908,3520,383,-228,209,WATER
1859,1233,1111,978,774,2620,15932,4064,403,117,-23,WATER
1795,1297,1001,939,976,2052,16068,4028,103,642,-2,WATER
1719,1343,1001,893,917,2136,15988,3744,-97,40,316,WATER
1890,1257,1040,926,946,2252,15724,3924,112,-13,214,WATER
1889,1289,1073,879,994,2544,15980,4268,221,101,206,WATER
1822,1398,959,993,880,2400,16100,4228,141,596,18,WATER
2009,1255,1307,859,948,2000,15916,3820,45,360,236,WATER
1875,1327,1049,1058,738,2144,15980,3776,35,260,317,WATER
1837,1242,912,928,930,2248,15712,3784,145,111,27,WATER
1851,1298,1053,927,864,2508,15936,4224,310,507,-35,WATER
1891,1296,1162,930,912,2260,16016,4148,182,508,-18,WATER
1833,1378,882,922,866,2208,15920,4044,114,616,37,WATER
1680,1497,880,858,973,2188,15948,4040,109,488,55,WATER
2061,1329,1211,994,1360,336,16748,2740,-340,-742,-831,WAIT
2080,1489,1179,1323,1088,492,16968,3032,-1422,-743,-1163,WAIT
2128,1477,1204,1078,1111,652,16128,3152,-1980,-590,-1471,WAIT
2042,1421,1196,1075,1165,540,15696,3008,-793,116,-1228,WAIT
2170,1421,1187,1111,1179,-332,16036,3316,246,-797,-623,WAIT
2019,1458,1186,1091,1195,-84,17316,4316,-367,-1048,-671,WAIT
2188,1394,1458,1039,1101,88,16892,3740,-1428,143,-967,WAIT
2113,1521,1234,1085,1175,-4,15900,2928,-1048,-161,-1099,WAIT
2153,1427,1259,1090,1090,220,15916,3260,340,-326,-866,WAIT
2068,1461,1190,1072,1185,-144,17096,3712,252,-282,-647,WAIT
2111,1379,1289,1153,1069,-316,17216,3816,-1269,-650,-543,WAIT
2192,1427,1045,960,1437,-672,16232,3316,-1539,-720,-527,WAIT
2128,1520,1263,1150,1078,436,15476,3140,-267,-609,-922,WAIT
2085,1504,1214,1063,1110,-388,16428,3524,214,-202,-591,WAIT
2064,1530,1235,1066,1104,-776,16924,3608,-923,-1299,-76,WAIT
2097,1382,1231,1149,1111,-284,16696,3548,-2446,-1154,270,WAIT
2409,1237,1172,1105,1185,-212,15424,3060,-2059,-824,-84,WAIT
2191,1501,1232,1181,1230,-276,16080,4252,-1081,-238,-717,WAIT
2167,1494,1265,1232,1264,-904,16476,4488,-823,-463,-164,WAIT
2283,1535,1446,1054,1281,-932,16428,4676,-1083,-1183,553,WAIT
2132,1476,1242,1371,1075,-720,16072,4324,-317,-1128,210,WAIT
2216,1419,1295,864,1285,-308,16396,4388,353,-197,478,WAIT
2198,1499,1206,1165,1149,-688,16348,4632,256,-114,643,WAIT
2163,1454,1228,1098,1197,-240,16544,4948,107,-399,403,WAIT
2128,1487,1175,1234,1175,96,16276,4628,869,-299,101,WAIT
2224,1584,1324,1088,1273,424,16600,4396,1642,248,-448,WAIT
2325,1278,1312,1168,1150,480,16780,4368,1771,243,-1240,WAIT
2193,1566,1226,1074,1173,216,16564,4140,2136,-895,-1660,WAIT
2223,1576,1350,1137,1232,960,16592,4312,2635,-1089,-2386,WAIT
2103,1664,1183,1136,1072,848,16876,4016,2610,153,-3672,WAIT
2290,1509,1372,1099,1293,-140,16468,3332,2036,394,-4397,WAIT
1954,1488,944,1307,1168,-1048,15552,2784,2046,-1013,-4011,WAIT
2144,1503,1232,1086,1184,-856,15884,3216,1973,-1161,-3640,WAIT
2127,1431,1250,1206,1183,-1212,16088,3156,1404,-15,-4090,WAIT
2274,1424,1264,1168,1138,-1824,15716,2808,666,212,-4246,WAIT
2083,1517,1117,1170,1245,-2888,15596,2828,38,-65,-3477,WAIT
1885,1736,1104,1099,1296,-2624,15152,2964,388,-758,-2790,WAIT
2164,1520,1156,1183,1228,-2828,15388,3120,1004,-1055,-1761,WAIT
2148,1633,1161,1243,1136,-3112,16104,3236,838,-1113,-696,WAIT
2235,1447,1260,1267,1135,-3332,16124,2912,305,-236,261,WAIT
2009,1771,1215,1125,1155,-3260,15728,2500,204,-130,1433,WAIT
2480,1355,1383,1215,1118,-2976,15860,2376,548,-266,2612,WAIT
2159,1558,1221,1239,1201,-1916,16348,2900,247,66,3586,WAIT
2183,1456,1263,1167,1235,-1900,16676,3156,-910,901,4668,WAIT
2167,1535,1285,1121,1249,-1740,16200,2768,-1581,1495,4640,WAIT
2194,1429,1291,1200,1236,-844,15608,2808,-1083,998,4379,WAIT
2275,1361,1426,1296,1092,-96,16008,3444,-311,986,4334,WAIT
2171,1535,1278,1188,1326,-60,16664,3700,-458,1343,4595,WAIT
2228,1525,1370,1183,1429,300,16576,3168,-1848,1572,3970,WAIT
2112,1742,1168,1213,1231,696,16392,3284,-2457,1974,2862,WAIT
2254,1446,1419,1118,1431,716,16056,3600,-2314,1767,1929,WAIT
2107,1789,1136,1223,1398,936,16004,4204,-1415,1383,1480,WAIT
2240,1562,1309,1245,1422,212,16272,4016,-1345,485,2009,WAIT
2187,1516,1289,1151,1337,500,15728,4072,-878,-140,1874,WAIT
2165,1677,1210,1222,1328,1132,15984,4208,258,440,781,WAIT
2220,1535,1309,1254,1419,420,16100,3680,349,-82,729,WAIT
2317,1381,1463,1183,1487,1056,16196,4124,404,-395,590,WAIT
2218,1566,1298,1279,1392,276,16180,3792,261,-259,143,WAIT
2272,1611,1343,1202,1494,48,16192,3948,484,-215,-261,WAIT
2085,1643,1169,1114,1517,88,16160,4076,780,-585,-369,WAIT
2238,1488,1355,1214,1345,4,16296,4560,752,-499,-464,WAIT
2261,1657,1314,1040,1510,308,16152,4576,928,-192,-604,WAIT
2224,1567,1255,1267,1387,320,15896,4292,1020,277,-300,WAIT
2201,1523,1315,1225,1387,-260,15724,3988,1106,561,-62,WAIT
2128,1584,1259,1259,1398,108,15644,3632,1509,-239,41,WAIT
2238,1553,1303,1232,1264,516,15900,3636,1432,507,-133,WAIT
2394,1488,1264,1377,1174,588,16112,3480,933,794,-373,WAIT
2229,1553,1317,1195,1249,524,16240,3320,352,968,-591,WAIT
2277,1529,1275,1295,1314,-136,15932,3284,-63,325,-561,WAIT
2323,1503,1326,1075,1307,148,15668,3680,857,-31,-632,WAIT
2127,1648,1136,1310,1216,176,16236,3720,1046,264,-657,WAIT
2375,1410,1453,999,1392,-128,16768,3936,605,507,-604,WAIT
2202,1535,1295,1232,1301,-464,16580,3604,45,585,-670,WAIT
2266,1461,1245,1242,1344,-444,15828,3204,346,543,-627,WAIT
2121,1555,1293,1072,1381,-292,16084,3520,910,370,-406,WAIT
2273,1456,1301,1336,1235,36,16584,3988,927,1124,-597,WAIT
2421,1294,1202,1274,1228,-532,16724,3668,373,1911,-1006,WAIT
2209,1524,1305,1152,1242,-772,15792,3152,201,980,-557,WAIT
2224,1495,1338,1168,1264,-412,15844,3316,1478,-192,-184,WAIT
2198,1483,1381,1085,1347,-108,16188,3564,1750,597,153,WAIT
2219,1392,1282,1377,1054,-236,16876,3764,1354,1386,-106,WAIT
2052,1646,1136,1022,1345,-632,15864,2696,2015,1008,-127,WAIT
2194,1463,1301,1221,1222,-220,16024,3092,2597,118,529,WAIT
2148,1512,1103,1122,1220,-384,16308,2892,2729,957,243,WAIT
2208,1399,1324,1101,1159,-852,16344,2612,2033,540,209,WAIT
2122,1508,1232,1123,1269,-400,16052,2280,1498,-359,307,WAIT
2117,1578,1241,803,1486,8,16312,2824,1717,-262,387,WAIT
2198,1569,1179,1139,1243,-168,16816,2792,1465,131,155,WAIT
2115,1504,1263,1133,1303,-396,16504,2688,1036,-374,286,WAIT
2235,1488,1251,1262,1008,-332,16384,2784,817,-617,327,WAIT
2057,1611,1151,1098,1435,-300,15804,2484,1142,-795,399,WAIT
2087,1273,1181,1488,995,-256,16524,2888,1544,-511,441,WAIT
2183,1492,1233,1139,1162,-168,16736,2872,954,248,17,WAIT
2177,1552,1146,1134,1227,-284,16552,2580,354,266,-292,WAIT
2222,1437,1333,1213,1223,-356,16164,2184,393,-655,-211,WAIT
2064,1581,1266,1166,1380,-180,16200,2348,763,-1189,2,WAIT
1921,1765,1047,1072,1323,228,16664,2680,700,-490,-497,WAIT
2147,1499,1217,1202,1232,260,16776,2768,104,520,-1072,WAIT
2134,1579,1292,1152,1202,-400,16652,2624,-328,978,-872,WAIT
2249,1415,1353,1057,1274,-792,16284,2716,-264,89,-124,WAIT
2173,1770,1252,1214,1090,-832,16220,2820,195,793,333,WAIT
2480,1557,1568,1221,1423,-708,16468,2752,183,867,668,WAIT
2181,1519,1310,1303,1366,-964,16596,2412,-458,488,788,WAIT
2268,1583,1380,1232,1469,-804,16332,2760,-208,468,354,WAIT
2138,1692,1303,1291,1511,28,16368,2792,-16,625,187,WAIT
2304,1527,1362,1232,1468,-660,16268,2696,5,498,995,WAIT
2292,1431,1271,1488,1291,-1020,16736,2676,-173,-386,1137,WAIT
2281,1598,1347,1262,1455,-544,16696,2804,-963,-510,734,WAIT
2255,1603,1344,1295,1472,420,16732,2844,-874,-126,-324,WAIT
2130,1666,1200,1255,1533,-76,15880,2460,-721,547,-268,WAIT
2164,1603,1475,1255,1569,-904,15936,2388,-143,-549,606,WAIT
2070,1622,1286,1430,1263,-468,16128,2736,-94,-1328,799,WAIT
2256,1613,1347,1267,1440,-72,16300,3116,-23,-408,18,WAIT
2311,1561,1306,1220,1454,240,16440,3072,-370,298,-564,WAIT
2270,1472,1277,1312,1474,-384,16280,2820,-382,138,-287,WAIT
2201,1694,1260,1279,1357,-480,15808,2756,-120,-330,13,WAIT
2250,1638,1058,1451,1365,-544,16140,2932,523,-724,-123,WAIT
2270,1577,1349,1295,1451,-212,16504,3284,99,-452,-488,WAIT
2239,1609,1354,1339,1449,-108,15976,3096,-44,177,-345,WAIT
2317,1664,1501,1089,1535,-440,16040,3296,671,697,-457,WAIT
2258,1776,1335,1408,1319,-596,15808,3284,1770,644,-372,WAIT
2330,1655,1471,1142,1677,-852,16304,3188,2091,445,-6,WAIT
2239,1636,1280,1338,1460,-128,16816,3252,1880,372,-18,WAIT
2206,1643,1287,1372,1434,-644,16248,2464,1737,389,-449,WAIT
2184,1735,1295,1265,1470,-252,16456,3248,1857,-313,-472,WAIT
2224,1561,1375,1312,1343,-512,16216,3180,2187,456,73,WAIT
2179,1713,1224,1609,1115,-356,16628,3272,2318,1781,-162,WAIT
2259,1564,1337,1328,1406,-876,16632,2536,1941,1531,17,WAIT
2215,1633,1274,1343,1455,-988,16360,1604,1195,165,421,WAIT
2314,1600,1441,1167,1603,84,15692,2248,1086,1067,-216,WAIT
2262,1567,1341,1379,1415,-436,16128,2564,1237,1603,-281,WAIT
2173,1477,1511,1150,1639,-128,16884,3008,1178,717,167,WAIT
2243,1591,1325,1392,1515,-392,16884,2664,425,736,431,WAIT
2224,1535,1291,1234,1370,-416,15976,1812,191,563,-68,WAIT
2078,1565,1312,1183,1299,-8,15844,2144,1070,419,-557,WAIT
2235,1426,1322,1251,1213,-280,16780,2404,856,757,-321,WAIT
2323,1430,1296,1368,927,-572,16576,2268,348,710,-47,WAIT
2210,1489,1300,1191,1310,-648,16568,1996,7,661,-200,WAIT
2163,1571,1333,1322,1292,-772,16092,1916,432,278,-255,WAIT
2282,1623,1333,1127,1343,-620,16492,2160,451,286,10,WAIT
2256,1473,1291,1308,1165,-548,16684,2028,-91,611,-57,WAIT
2087,1360,1553,973,1424,-828,16368,1852,-639,618,-80,WAIT
2147,1450,1157,1186,1281,-880,15152,1300,-62,922,-361,WAIT
2150,1533,1265,1195,1219,-1132,15976,1988,1084,1004,-433,WAIT
2135,1519,1161,1251,1167,-704,16880,2244,976,803,-235,WAIT
2245,1437,1247,1257,1174,-820,16592,2072,231,1434,-345,WAIT
2447,1245,1395,1369,979,-572,16132,1652,126,2071,-659,WAIT
2175,1559,1292,1163,1270,-888,15840,1460,1034,2275,-979,WAIT
2131,1489,1175,1204,1330,-1124,16564,1804,1313,1843,-733,WAIT
2107,1664,1184,1233,1392,-992,17404,1852,335,1347,-540,WAIT
2275,1391,1367,1259,1274,-904,16572,1288,-644,1415,-398,WAIT
2239,1615,1413,1088,1424,-1144,15640,1064,101,1335,-767,WAIT
2160,1497,1269,1176,1169,-780,16792,1864,1035,2236,-1368,WAIT
2167,1577,1239,1111,1328,-1652,16784,1700,638,2542,-1395,WAIT
2246,1591,1228,1210,1250,-1664,16592,1596,50,893,-585,WAIT
2215,1493,1315,1099,1326,-856,16064,1352,39,1544,-796,WAIT
2247,1510,1430,915,1271,-900,15980,1716,1182,2696,-1833,WAIT
2179,1613,1325,1184,1263,-1636,16444,1576,1938,2418,-1851,WAIT
2273,1535,1301,1185,1345,-1224,17052,2156,1238,2134,-1410,WAIT
2160,1664,1267,1215,1480,-1956,16248,1372,532,2081,-1277,WAIT
2303,1513,1378,1281,1249,-1344,15436,1388,1284,1344,-1286,WAIT
2336,1650,1161,1133,1499,-944,15740,2268,1872,2799,-2198,WAIT
2209,1616,1238,1218,1297,-1400,16492,2356,1806,3790,-2716,WAIT
2224,1622,1360,1203,1283,-2288,16116,1652,700,3297,-2230,WAIT
2185,1563,1217,1291,1369,-1988,15828,1724,-62,2335,-1793,WAIT
2323,1509,1314,1338,1362,-1776,15560,1868,458,2455,-1978,WAIT
2191,1632,1334,1509,1195,-1600,16152,2392,925,3406,-2373,WAIT
2256,1535,1361,1302,1478,-2360,16700,2508,388,3285,-2188,WAIT
2244,1643,1350,1309,1439,-2196,16404,2580,-244,3844,-2514,WAIT
2353,1483,1413,1397,1574,-2816,16536,2104,-140,5243,-2806,WAIT
2181,1632,1328,1275,1535,-3800,16184,1076,-37,3751,-2101,WAIT
2101,1667,1356,1427,1262,-3600,16208,1244,279,2676,-1626,WAIT
2207,1522,1379,1265,1555,-3272,16640,1504,324,3393,-1624,WAIT
2283,1558,1355,1298,1356,-3828,16984,1224,-200,3254,-852,WAIT
2287,1535,1314,1378,1498,-4000,16596,828,-490,2908,-286,WAIT
2117,1709,1315,1236,1474,-4632,15984,332,-48,2129,-57,WAIT
2192,1901,1057,1313,1666,-3632,16420,1196,505,878,628,WAIT
2275,1638,1337,1408,1362,-3992,16900,1124,-10,1286,798,WAIT
2194,1688,1354,1225,1503,-3428,16532,912,-493,1190,772,WAIT
2315,1488,1309,1360,1412,-3220,15800,552,390,848,316,WAIT
2193,1676,1023,1168,1507,-3840,15988,876,1556,-59,293,WAIT
2378,1395,1360,1387,1359,-2892,16784,1544,1656,435,413,WAIT
2222,1712,1296,1306,1454,-3312,17104,1504,654,1538,-75,WAIT
2265,1520,1386,1342,1447,-3408,16356,900,256,2239,-915,WAIT
2255,1535,1287,1235,1530,-4152,16312,516,300,795,-548,WAIT
2159,1535,1125,1264,1472,-3224,16040,964,616,-752,-143,WAIT
2016,1857,1331,1137,1582,-3128,16716,1872,943,265,-260,WAIT
2229,1535,1249,1202,1324,-4072,16584,1076,621,148,-474,WAIT
2160,1552,1425,1233,1525,-4084,16244,1096,480,-756,-347,WAIT
2267,1638,1388,1339,1317,-4324,16320,1324,335,-1227,-481,WAIT
2303,1613,1360,1129,1371,-3860,16108,1200,215,-1391,-541,WAIT
2187,1731,1164,1103,1344,-4328,16204,1380,524,-1485,82,WAIT
2273,1490,1291,1180,1296,-4104,15908,1092,897,-2002,366,WAIT
2192,1619,1195,1183,1199,-3876,16456,1252,1196,-2254,354,WAIT
2266,1638,1125,1122,1142,-3712,16420,1312,882,-1944,191,WAIT
2268,1438,1189,1004,1197,-3544,16636,1248,599,-2108,82,WAIT
2271,1477,1495,995,1329,-3868,16640,848,109,-2686,431,WAIT
2146,1569,1149,1102,1227,-4192,16736,788,-105,-3445,1108,WAIT
2222,1428,1247,1170,1146,-4088,16364,1152,-460,-4000,1699,WAIT
2040,1502,1206,1155,1348,-3688,16456,1476,-414,-3984,1485,WAIT
2214,1339,1315,1337,1135,-3348,16180,1332,-148,-3158,993,WAIT
2152,1500,1260,951,1366,-3308,15668,820,171,-3479,1257,WAIT
2222,1474,1185,1165,1143,-3384,16288,980,48,-3646,2003,WAIT
2160,1535,1242,1121,1221,-3248,16032,992,-468,-3568,2228,WAIT
2264,1470,1106,1123,1100,-3464,16188,1304,-240,-4836,2602,WAIT
2203,1456,1207,1070,1140,-2192,16472,1704,-677,-3333,2186,WAIT
2256,1562,1418,1008,1309,-2900,17220,1756,-1375,-3377,2090,WAIT
2180,1590,1274,1233,1286,-2556,15676,664,-1564,-2333,1987,WAIT
2261,1475,1103,1219,1251,-2648,16132,1632,-812,-2178,1945,WAIT
2144,1611,1237,1244,1263,-2892,16236,1044,-628,-3381,1919,WAIT
2394,1535,1470,1129,1355,-1548,16588,2208,-48,-2657,1557,WAIT
2071,1924,1119,1251,1244,-2220,16840,2004,-618,-1250,1160,WAIT
2307,1535,1344,1183,1486,-2412,15896,1576,-560,-1479,1228,WAIT
2176,1581,1183,1244,1344,-2544,15624,1876,300,-2045,1615,WAIT
2272,1670,1265,1200,1318,-1772,16560,2308,525,-1904,1811,WAIT
2240,1591,1316,1163,1374,-976,17092,2696,29,-279,1392,WAIT
2263,1585,1350,994,1689,-1480,16240,784,270,-335,1638,WAIT
2161,1591,1261,1296,1422,-1136,15944,1140,25,-1256,1387,WAIT
2271,1570,1331,1326,1442,-1052,16388,2184,379,-773,1209,WAIT
2227,1668,1287,1372,1366,-1732,16484,1816,299,-721,1506,WAIT
2367,1509,1403,1165,1424,-1208,16380,2112,-36,-1400,1556,WAIT
2157,1892,1297,1133,1213,-1088,16096,1748,533,-425,773,WAIT
2246,1418,1309,1216,1294,-1176,15916,1748,1102,-1132,781,WAIT
2114,1582,1210,1168,1302,-720,16248,2212,1079,-981,974,WAIT
2163,1468,1205,1147,1109,-596,16232,2288,1095,256,975,WAIT
2215,1494,1283,1114,1259,-1148,16704,2400,1237,585,1151,WAIT
2256,1535,1439,1228,1132,-912,15964,1416,446,-255,1449,WAIT
2124,1585,1238,1078,1270,-456,16044,2240,1297,165,911,WAIT
2254,1493,1254,1157,1168,-776,16328,2220,2087,1084,478,WAIT
2097,1598,1123,1171,1119,-1860,16796,2312,925,322,1158,WAIT
2289,1424,1231,1019,1259,-544,16544,1724,-59,-320,1460,WAIT
2190,1717,1246,987,1212,-920,15560,852,-410,-553,1345,WAIT
2243,1445,1264,1135,1195,-388,15808,2104,652,67,444,WAIT
2155,1520,1156,1171,1216,-576,16732,2208,916,491,98,WAIT
2103,1522,1162,1184,1171,-824,16880,2088,-313,-314,761,WAIT
2225,1371,1250,1097,1257,-264,16128,1900,-1054,-15,511,WAIT
2239,1664,1329,852,1040,140,15656,1808,599,1594,-862,WAIT
2140,1579,1272,1092,1202,-900,16016,1928,1044,1856,-817,WAIT
2228,1519,1254,1191,1146,-764,16572,2148,795,760,-226,WAIT
2153,1637,1223,1211,1194,-568,16652,1776,280,692,-246,WAIT
2386,1438,1338,956,1266,-272,16064,1604,-74,1648,-1202,WAIT
2101,1659,1054,1103,1342,-256,16236,2204,433,3219,-2167,WAIT
2250,1514,1349,1137,1264,-324,16780,2240,223,3732,-2722,WAIT
2245,1599,1188,1187,1108,-424,16860,2240,-783,4722,-3610,WAIT
2237,1479,1245,1106,1232,-1204,15852,1556,-640,5231,-3841,WAIT
2321,1502,1313,1091,1234,-2256,15728,1128,192,3208,-2957,WAIT
2263,1495,1325,831,1512,-1976,15312,900,1049,390,-848,WAIT
2076,1661,1242,1244,1253,-1676,16580,1816,1223,-799,-188,WAIT
2286,1569,1281,1205,1254,-520,17380,2340,37,82,-1152,WAIT
2201,1431,1283,1296,1201,-2780,15264,616,284,-919,-877,WAIT
2178,1535,1417,1072,1424,-436,16000,2452,1560,-788,-284,WAIT
2326,1471,1257,1440,1242,-3592,16452,912,637,-2396,1438,WAIT
2147,1610,1285,1146,1360,-2016,16324,1660,-241,-3898,1711,WAIT
2273,1616,1293,1183,1194,-1628,15788,1732,397,-4066,1461,WAIT
2219,1521,1316,1185,1215,-1420,16156,1860,1052,-4335,1959,WAIT
2205,1622,1328,1216,1455,-1652,16308,2092,1568,-4716,1811,WAIT
2111,1505,1249,1234,1428,-1352,16368,2324,1804,-5176,1753,WAIT
2192,1639,1267,1294,1274,-1844,16168,1628,2651,-6314,1839,WAIT
2216,1600,1340,1214,1483,-1132,16072,1632,4185,-7205,939,WAIT
2242,1634,1295,1402,1280,-804,16312,1712,5150,-7075,-12,WAIT
2146,1635,1331,1270,1664,-1460,16396,996,4810,-6995,-133,WAIT
2459,1437,1471,1059,1256,-1864,16988,788,4062,-7761,-971,WAIT
2180,1687,1280,1305,1445,-604,17208,600,3392,-8395,-2543,WAIT
2258,1607,1346,1248,1374,60,17068,624,2450,-5908,-3947,WAIT
2257,1616,1255,1307,1423,-996,16800,388,1082,-4182,-3276,WAIT
2272,1535,1341,1188,1426,-2004,16616,200,134,-4231,-1810,WAIT
2298,1595,1329,1087,1582,-1312,16064,440,72,-3488,-2039,WAIT
2160,1648,1265,1395,1393,-1464,16480,672,201,-2132,-2451,WAIT
2224,1514,1345,1233,1414,-2024,16896,1084,-212,-2093,-2645,WAIT
2272,1594,1357,1227,1226,-1892,16880,1604,-448,-1214,-2200,WAIT
2256,1584,1408,1226,1457,-2284,17048,1580,-866,20,-2263,WAIT
2103,1428,1179,1493,1053,-2036,17240,1608,-1545,1562,-3105,WAIT
2134,1514,1289,1117,1338,-2644,17272,1588,-2123,4018,-6043,WAIT
2154,1502,1233,1236,1172,-3336,17704,1084,-3110,7545,-9685,WAIT
2211,1414,1232,1042,1082,-3928,16672,1232,-3868,5480,-9680,WAIT
2094,1588,1154,1077,1179,-4092,16332,1804,-3839,6465,-8073,WAIT
2208,1582,1216,1115,1156,-4188,16132,1036,-4220,8703,-9237,WAIT
2154,1474,1202,1092,963,-4984,14836,184,-3468,7069,-7797,WAIT
2176,1523,1203,1011,1133,-7360,13560,-1004,-1669,1349,-3624,WAIT
2163,1406,1213,1182,1019,-4612,14568,1428,128,-3178,-958,WAIT
2056,1562,1244,1047,1223,-3680,15540,2112,779,-119,-1940,WAIT
2172,1437,1136,1235,928,-5564,15396,1236,836,-365,-585,WAIT
2176,1563,1174,1017,1135,-5000,14884,1492,845,-2099,1983,WAIT
2147,1397,1097,1113,1062,-5264,14808,1116,1888,-2310,2978,WAIT
2193,1482,1199,943,1065,-4632,15524,1428,2268,-2893,3908,WAIT
2113,1600,1073,1091,974,-4896,15932,1744,1880,-3237,4668,WAIT
2193,1535,1275,1168,885,-3748,16380,2228,1492,-2944,5697,WAIT
2238,1399,1232,1049,1145,-4188,16656,1944,494,-1836,6861,WAIT
2161,1439,1233,1135,1091,-4232,16296,1508,471,-3124,7069,WAIT
2261,1600,1251,961,1168,-1184,17540,2960,-542,-1200,8079,WAIT
2192,1602,1129,1015,932,-2788,17652,2392,-2971,1157,9826,WAIT
2314,1392,1337,973,1292,-4084,17436,1900,-3910,-1138,9913,WAIT
2226,1462,1158,1131,989,-548,18948,3624,-6789,-843,9894,WAIT
2209,1598,1188,1097,1086,-1588,14896,860,-9345,3439,9677,WAIT
2192,1462,1264,1130,1097,-3880,14036,2252,-4242,134,6336,WAIT
2177,1457,1235,1088,1152,-2300,15668,3236,-1630,-3729,6731,WAIT
2176,1532,1166,1089,995,408,16544,4856,-3354,-3121,9012,WAIT
2203,1569,1210,1123,1040,684,15440,2940,-6021,8,11257,WAIT
2301,1494,1265,1086,1182,-340,13400,2144,-4649,1684,10577,WAIT
2213,1648,1252,1152,1037,440,13884,2304,-1940,691,9558,WAIT
2303,1455,1253,1014,1035,2152,15536,3612,-1943,336,8966,WAIT
2172,1674,1161,1105,905,1932,16508,3684,-3871,677,7606,WAIT
2258,1411,1237,1149,1040,2308,15456,3040,-4538,1245,5297,WAIT
2192,1501,1227,1089,1088,1640,14604,3352,-3896,558,3546,WAIT
2136,1535,1102,1165,1005,1584,15332,4956,-2074,-925,2924,WAIT
2217,1515,1203,1072,1165,2452,16556,5836,-2046,-973,2162,WAIT
2176,1666,1284,976,1007,2912,16732,6204,-3612,1079,1876,WAIT
2186,1586,1187,1105,1150,1772,14996,5024,-3382,2235,1667,WAIT
2193,1600,1220,1167,1171,2456,15084,5972,-665,2893,704,WAIT
2157,1526,1148,1115,1173,1056,15972,5684,-38,2605,514,WAIT
2373,1515,1350,1195,1144,2436,16664,7012,-1206,1682,503,WAIT
2165,1746,1211,1152,1145,3132,16152,6416,-1855,4291,-447,WAIT
2263,1535,1294,1066,1249,2536,15384,5428,-192,4318,-2120,WAIT
2230,1497,1198,1074,1103,2536,15424,5560,1566,1263,-2200,WAIT
2257,1455,1174,1133,1162,3600,16668,6656,1562,1501,-2875,WAIT
2108,1658,1067,1185,1151,2484,15892,5356,1089,2816,-4115,WAIT
2336,1427,1235,1104,1136,-660,15116,4360,3707,-2885,-6316,WAIT
2263,1328,1312,1136,1219,3892,15788,6168,5690,-3925,-7205,WAIT
2179,1488,1293,1166,1117,2480,16796,6024,4698,-358,-5712,WAIT
2301,1530,1310,1051,1195,44,15308,4328,3938,-2768,-3809,WAIT
2178,1595,1240,1169,944,260,15140,3868,5484,-3859,-3556,WAIT
2087,1522,1128,961,1376,720,16204,4320,5905,-3748,-4070,WAIT
2215,1443,1226,1195,1075,1700,17836,5244,3159,-1257,-4327,WAIT
2128,1471,1249,1066,1043,584,17116,3456,-2333,1079,-4918,WAIT
2171,1512,1173,1104,998,-1572,13748,1496,-3533,-1883,-6179,WAIT
2173,1421,1191,951,1083,-2032,15544,4092,-3086,-4367,-7436,WAIT
2210,1366,1276,1078,1136,-900,14880,4240,-4445,-3355,-7339,WAIT
2031,1483,1091,1107,1058,-2192,17056,5260,-9143,-5714,-8694,WAIT
2026,1380,1171,1071,1040,-464,15064,4888,-11856,-4495,-9217,WAIT
2070,1443,1218,1214,1012,2112,12628,4756,-9769,-687,-4900,WAIT
2185,1319,1325,1006,1186,-1952,13400,5044,-7095,1069,-3708,WAIT
2005,1413,1088,1388,1013,-3460,13544,5892,-4151,41,-2661,WAIT
2147,1359,1250,1072,1154,-2480,14780,7228,-1626,-1860,-1878,WAIT
2106,1445,1168,1047,1068,-1328,15936,8636,-1673,-779,-747,WAIT
2077,1361,1199,1019,1094,-1312,16160,8572,-2097,1139,-370,WAIT
2128,1424,1145,1002,1177,-1908,15272,7472,-1589,2437,-161,WAIT
2113,1514,1168,1123,1156,-3056,14880,7216,630,1415,268,WAIT
2059,1413,1038,1163,1058,-2260,15768,7712,1213,-959,948,WAIT
2121,1440,1136,1074,1072,-1528,15840,7628,637,-212,840,WAIT
2129,1468,1162,1169,997,-1528,14780,6824,1050,667,294,WAIT
1997,1402,1054,1043,1212,-2592,14812,6784,2723,218,379,WAIT
2194,1376,1184,1136,1006,-2392,15600,7204,2161,-1395,844,WAIT
2138,1343,1088,975,1146,-1524,15820,7460,279,-850,872,WAIT
2115,1472,1122,1058,1005,-1868,14788,6280,-829,417,632,WAIT
2112,1361,1153,1101,1110,-2268,14100,5860,382,128,571,WAIT
2080,1528,1041,1178,1041,-2216,15076,6636,445,-600,1128,WAIT
2096,1425,1115,961,1087,-1900,15552,7148,-1323,-487,1396,WAIT
2106,1419,1103,962,1089,-1828,15176,7016,-3104,-117,1710,WAIT
2128,1408,1188,1040,1090,-2016,13960,6828,-2841,-4,1600,WAIT
2047,1496,1123,1051,1256,-1872,14376,7320,-1427,-29,1732,WAIT
2111,1387,1023,1232,967,-1556,15544,8032,-2894,-204,2483,WAIT
1967,1617,1077,1088,1178,-1148,14800,7696,-4503,-299,2975,WAIT
2083,1267,1206,1115,1068,-1868,14832,7624,-4484,-788,2206,WAIT
2096,1467,1133,1037,1143,-648,14580,7684,-4417,-976,2302,WAIT
2160,1401,1105,1078,1003,-592,14148,8128,-4248,-209,2601,WAIT
2055,1455,1165,1040,1200,-804,14024,8772,-2950,119,2240,WAIT
2189,1393,1118,1105,1141,-1132,14300,8976,-2139,-911,2120,WAIT
2090,1487,1011,1154,1008,-260,13812,8976,-1218,-1023,1714,WAIT
2067,1415,1104,1046,1134,-284,14100,9276,767,175,888,WAIT
2036,1378,1193,1246,1083,-660,14508,9040,1213,-2,616,WAIT
2185,1467,1263,994,1205,-412,13896,8564,2339,-35,226,WAIT
2125,1299,1119,1333,992,-1176,13976,8048,4311,-34,-283,WAIT
2029,1460,1232,1018,1087,-420,14540,7944,4820,-843,-330,WAIT
2112,1407,1200,1088,1042,-20,14472,7640,4664,-105,-750,WAIT
2127,1328,1205,1161,1081,-508,12828,6568,7744,1258,-1438,WAIT
2015,1519,1216,1109,1136,-564,12952,6380,11563,784,-1449,WAIT
2191,1518,1151,1007,1052,-204,13156,6488,15532,1160,-2392,WAIT
2218,1208,1239,1174,901,-1916,13080,4532,20618,2511,-3581,WAIT
2161,1533,1173,1150,1136,-1816,15552,3676,24548,1387,-1880,WAIT
2243,1440,1228,1090,1168,1628,17720,6688,21449,-87,-1696,WAIT
2057,1603,1181,1280,1416,-2532,19040,4500,15688,1742,-4593,WAIT
2351,1680,1520,1151,1495,-2496,19620,1644,11551,859,-5261,WAIT
2116,1830,1270,1494,1587,-1500,17216,2400,9415,1089,-3472,WAIT
2189,1664,1408,1422,1697,-1544,17572,1340,7373,2114,-3040,WAIT
2177,1719,1390,1578,1744,-2488,16660,724,6043,2377,-3519,WAIT
2303,1637,1677,1432,1841,-2316,16384,4,4481,1692,-3182,WAIT
2139,1744,1334,1565,1864,-2840,16200,68,3475,1736,-2555,WAIT
2226,1744,1569,1364,1885,-2676,16104,212,2648,1829,-2078,WAIT
2245,1705,1470,1623,1822,-2688,15788,324,2582,2831,-1775,WAIT
2182,1766,1487,1567,1961,-2864,16024,604,3033,3185,-1753,WAIT
2233,1818,1407,1581,1615,-2552,16868,544,2563,4084,-1924,WAIT
2384,1734,1615,1472,1787,-3072,16200,-124,2454,4098,-1938,WAIT
2069,1963,1426,1558,1748,-2800,16344,-228,2368,3957,-2265,WAIT
2195,1677,1428,1563,1815,-2396,16476,48,2106,4848,-3041,WAIT
2128,1733,1435,1455,1703,-2136,17008,356,1522,6585,-4214,WAIT
2240,1570,1509,1602,1566,-2260,16508,56,1199,9126,-5958,WAIT
2064,1737,1339,1520,1701,-4276,16128,-1276,1683,6895,-6478,WAIT
1936,1875,1271,1392,1843,-3236,16944,-536,1026,5444,-6346,WAIT
2274,1670,1425,1553,1698,-2732,17316,-4,-278,8045,-8259,WAIT
2096,1779,1415,1535,1760,-3164,16772,-540,-1329,11255,-11331,WAIT
2203,1590,1456,1747,1723,-5152,14692,-1876,-1217,11770,-12598,WAIT
2016,1743,1399,1376,2055,-7004,14176,-2472,-179,8535,-10469,WAIT
2229,1697,1328,1660,1694,-7252,13920,-2432,152,4392,-6936,WAIT
2202,1641,1473,1553,1814,-7736,13948,-2140,1475,1663,-5077,WAIT
2227,1660,1408,1603,1618,-7516,13924,-1960,2308,724,-4741,WAIT
2234,1669,1531,1535,1767,-7656,13764,-2392,2399,742,-3800,WAIT
2143,1650,1325,1651,1617,-7792,13860,-2376,2491,-864,-2029,WAIT
2000,1936,1344,1453,1764,-7500,14284,-2000,2941,-1313,-1289,WAIT
2313,1735,1436,1567,1799,-7948,14476,-2368,2858,-2157,-769,WAIT
2237,1751,1412,1535,1915,-7656,14148,-2800,2243,-2918,692,WAIT
2202,1610,1520,1666,1590,-6932,14260,-2484,1947,-2842,1599,WAIT
2198,1789,1295,1573,1851,-7208,14280,-2636,1397,-2588,1899,WAIT
2384,1716,1481,1730,1613,-7280,14452,-2496,833,-4260,3186,WAIT
2222,1654,1462,1477,1734,-6276,15212,-1648,126,-3686,3760,WAIT
2299,1645,1422,1526,1684,-6540,15416,-1612,-817,-2206,3022,WAIT
2274,1716,1507,1568,1773,-6844,15220,-1948,-1342,-2462,2996,WAIT
2285,1749,1411,1572,1696,-6724,14688,-1964,-1011,-4563,4181,WAIT
2286,1762,1372,1649,1572,-5664,15528,-828,-375,-4080,3748,WAIT
2250,1659,1447,1584,1703,-5880,16024,-768,-361,-2658,2293,WAIT
2197,1689,1456,1611,1697,-7328,15044,-1740,-16,-4470,2454,WAIT
2341,1698,1660,1442,1833,-7668,14420,-2284,1026,-9469,4970,WAIT
2246,1535,1387,1770,1616,-7804,14792,-2576,2340,-14262,6242,WAIT
2155,1565,1516,1410,1767,-3552,16312,-460,2140,-14504,3338,WAIT
2129,1586,1347,1419,1642,-3280,16228,-120,1058,-8662,1688,WAIT
2167,1657,1396,1432,1682,-5500,15872,-860,67,-7927,1738,WAIT
2127,1642,1399,1470,1633,-5428,15396,-564,-178,-7248,1361,WAIT
2205,1555,1443,1370,1637,-4492,16372,540,-696,-4241,-884,WAIT
2437,1488,1554,1394,1745,-4144,15956,356,-1435,-439,-816,WAIT
2229,1652,1398,1478,1717,-6152,15140,-508,-1065,-585,-380,WAIT
2275,1648,1567,1306,1717,-5716,15364,-324,-520,-2146,-148,WAIT
2129,1810,1187,1535,1742,-4512,16196,412,-1038,-831,53,WAIT
2389,1662,1570,1262,1725,-5184,15784,292,-1400,496,-99,WAIT
2107,1872,1309,1298,1744,-5628,15560,164,-1431,369,466,WAIT
2151,1647,1384,1517,1648,-6196,15536,140,-978,-1073,1262,WAIT
2166,1670,1519,1396,1713,-5028,15556,440,-754,-1069,914,WAIT
2285,1682,1424,1422,1561,-5528,16540,616,-1335,-432,749,WAIT
2213,1658,1522,1483,1722,-5100,16928,1020,-2579,-540,984,WAIT
2226,1641,1451,1391,1891,-5068,16612,908,-4401,795,1326,WAIT
2192,1643,1441,1455,1728,-5736,15416,148,-4662,-49,2742,WAIT
2207,1702,1485,1377,1615,-5052,14444,1072,-3070,415,3787,WAIT
2183,1641,1383,1451,1301,-5124,16052,1688,-2162,583,4699,WAIT
2143,1642,1313,1297,1682,-4208,17616,2384,-4096,-503,7481,WAIT
2160,1470,1199,1647,1323,-3700,18024,1652,-7667,868,10449,WAIT
2130,1523,1386,1322,1488,-2048,15492,1480,-10242,4400,11457,WAIT
2159,1520,1246,1313,1377,-2528,14964,2636,-11039,5950,11980,WAIT
2214,1514,1395,1280,1477,-3644,14660,2336,-9877,3819,14191,WAIT
2014,1568,1174,1233,1535,-2276,17056,3952,-11334,2089,14421,WAIT
2018,1706,1328,1349,1598,-1536,14452,2552,-13862,5284,13701,WAIT
2160,1489,1346,1410,1531,-2744,14056,3528,-9825,6052,8242,WAIT
2133,1514,1252,1371,1597,-2492,14464,4204,-6781,4102,6634,WAIT
2101,1523,1345,1456,1317,-1180,14924,5364,-7795,2795,9456,WAIT
2096,1648,1520,1298,1728,-1996,14504,5020,-6641,1584,9344,WAIT
2146,1605,1280,1629,1472,-284,14564,5344,-4249,857,6176,WAIT
2206,1532,1310,1351,1506,1352,14724,6164,-2523,1613,5330,WAIT
2144,1516,1307,1311,1488,884,15664,6916,-2009,2695,5647,WAIT
2205,1601,1360,1387,1399,204,16208,6704,-2262,1081,4402,WAIT
2128,1606,1214,1369,1532,1740,15412,6480,-2549,863,3853,WAIT
1969,1727,1235,1313,1535,1384,15012,6476,-1357,1178,3794,WAIT
2132,1498,1314,1383,1562,1496,16000,7336,-1003,1099,2820,WAIT
2186,1607,1249,1341,1584,1536,15804,6784,-2040,693,2388,WAIT
2284,1521,1295,1435,1332,1580,15184,6696,-1941,-706,1533,WAIT
2300,1581,1477,1279,1618,2700,14708,7176,-417,-478,133,WAIT
2175,1659,1124,1438,1507,1756,15116,7500,161,1084,147,WAIT
2219,1602,1339,1309,1515,564,15324,7320,-181,196,30,WAIT
2174,1535,1323,1382,1452,892,15180,7088,-464,-529,-115,WAIT
2222,1436,1377,1419,1535,268,14040,5908,486,-203,-1066,WAIT
2096,1620,1280,1296,1605,304,14308,6520,3005,-846,-2960,WAIT
2128,1601,1445,1285,1714,2620,14832,7364,2514,985,-1164,WAIT
2187,1520,1360,1332,1568,108,15648,6688,-220,1992,1814,WAIT
2171,1599,1373,1356,1563,156,15216,5340,-1360,530,1675,WAIT
2230,1455,1344,1412,1359,1368,14504,5352,-645,772,706,WAIT
2112,1616,1264,1259,1681,1624,14908,6560,114,1694,156,WAIT
2230,1380,1446,1580,1298,1748,15612,7400,-446,1346,486,WAIT
2173,1513,1378,1399,1531,1620,15340,7380,-1086,833,186,WAIT
2186,1490,1373,1376,1411,1544,15128,7608,-154,661,-916,WAIT
2171,1488,1267,1287,1495,1184,14492,7292,2230,113,-2334,WAIT
2109,1583,1264,1261,1328,2188,15020,8000,4213,-321,-3189,WAIT
1990,1701,1067,1318,1200,2096,15804,8392,4802,1152,-3782,WAIT
2241,1535,1280,1250,1443,616,15048,6496,5045,125,-3521,WAIT
2213,1562,1205,1249,1279,1008,15036,6352,5439,-1604,-3132,WAIT
2212,1333,1277,1198,1293,1140,15056,6224,5746,-506,-2587,WAIT
2125,1685,1147,1179,1173,40,16040,5880,5409,165,-1774,WAIT
2283,1372,1353,1296,1258,-196,15688,5284,4330,-116,-971,WAIT
2178,1535,1237,1232,1312,12,15780,4728,2983,-687,-823,WAIT
2207,1488,1264,1232,1277,284,15308,4668,2633,-175,-1032,WAIT
2131,1685,1302,1137,1317,28,15468,4928,2524,-28,-628,WAIT
2338,1375,1280,1216,1337,-32,15820,5252,1887,277,5,WAIT
2133,1583,1219,1457,1066,-396,15496,5072,1547,318,-17,WAIT
2161,1502,1267,1185,1344,120,15424,4860,1650,71,-2,WAIT
2129,1535,1296,1303,1324,12,15632,4980,1762,465,-171,WAIT
2045,1645,1264,1115,1461,332,15548,4952,2280,1069,-478,WAIT
2220,1306,1279,1133,1091,-500,15940,4496,2404,933,-462,WAIT
2236,1373,1202,922,1646,-372,15832,4400,2696,-646,-444,WAIT
2136,1563,1271,1179,1136,572,16080,4784,2780,31,-782,WAIT
2172,1473,1246,1192,1177,504,15764,4248,2440,1445,-822,WAIT
2195,1553,1283,1009,1252,-568,16076,4244,2403,1013,-699,WAIT
2208,1381,1232,1179,1091,-44,15964,4192,2277,580,-574,WAIT
2161,1665,1040,1352,1010,-320,16248,4340,2244,825,-590,WAIT
2208,1495,1286,1209,1110,-144,16420,4404,2037,809,-618,WAIT
2222,1475,1206,1232,1275,-412,16412,4084,1648,739,-425,WAIT
2064,1502,1109,1119,1237,-280,16356,3704,1036,-95,-175,WAIT
2195,1360,1248,1301,1135,344,16116,3912,1221,-169,-311,WAIT
2003,1651,1098,1002,1454,-80,16424,3872,1157,852,-588,WAIT
2192,1506,1315,1215,1152,-584,16688,3732,606,303,-357,WAIT
2164,1463,1219,1133,1185,-384,16332,3600,96,-376,-233,WAIT
2142,1555,1190,1136,1196,-244,15768,3628,400,-291,-494,WAIT
2154,1435,1247,1221,1173,-540,16108,3728,747,-27,-497,WAIT
2317,1225,1423,1048,1097,-496,16308,4108,105,149,-285,WAIT
2160,1566,1266,1115,1184,-640,16212,3768,-506,415,-91,WAIT
2245,1462,1239,1221,1270,-472,15648,3496,-292,850,-156,WAIT
2461,1911,1803,1709,1778,-15760,1120,-372,194,16,-35,HUNGRY
2224,2177,1586,1808,1840,-15888,1096,-188,306,456,47,HUNGRY
2419,2027,1813,1712,1807,-16048,1152,-392,278,125,-41,HUNGRY
2356,2064,1730,1776,1856,-16236,1128,-272,78,86,-176,HUNGRY
2406,2014,1950,1650,1866,-16316,1144,-312,-12,32,-81,HUNGRY
2503,1907,1936,1706,1921,-16080,1068,-88,106,189,55,HUNGRY
2339,1952,1887,1620,1904,-15952,1052,-128,223,385,190,HUNGRY
2416,1968,1795,1756,1818,-16080,1112,-152,350,117,80,HUNGRY
2363,1965,1822,1751,1807,-16116,1108,-100,233,-31,-98,HUNGRY
2386,1936,1969,1791,1747,-16240,1004,-156,296,81,-29,HUNGRY
2418,1936,1878,1802,1808,-16320,1036,-180,293,259,160,HUNGRY
2353,1965,1783,1487,1939,-16248,1040,-128,345,40,-1,HUNGRY
2384,1987,1894,1792,1885,-16140,936,-336,289,-103,-73,HUNGRY
2271,2030,1773,1749,1913,-16068,1044,-288,237,8,38,HUNGRY
2272,2077,1750,1693,1886,-16356,1120,-112,158,138,45,HUNGRY
2443,2096,1619,1869,1831,-16468,1048,-248,113,-43,80,HUNGRY
2366,2082,1895,1743,1831,-16132,1056,-268,65,-92,87,HUNGRY
2347,1986,1899,1770,1810,-16064,1120,-200,91,92,228,HUNGRY
2370,1982,1872,1701,1808,-16252,1240,-272,91,212,293,HUNGRY
2393,1942,1820,1629,1808,-16124,1144,-368,-53,-70,226,HUNGRY
2398,1943,1843,1711,1808,-15832,1332,-272,-119,955,473,HUNGRY
2315,1987,1746,1929,1501,-15992,1256,-180,-19,1058,449,HUNGRY
2425,1998,1871,1830,1840,-15916,1344,-36,48,1047,372,HUNGRY
2532,1966,1952,1728,1891,-15752,1424,-444,104,1521,320,HUNGRY
2476,1862,1826,1670,1806,-16280,1632,-644,416,1192,632,HUNGRY
2531,1938,2026,1709,1814,-16936,2100,-724,76,-180,624,HUNGRY
2448,1870,2043,1831,1822,-16152,2244,-572,-615,-1221,214,HUNGRY
2322,1983,1824,1845,1825,-15496,1756,-692,-944,-820,576,HUNGRY
2363,1952,1841,1715,1866,-15436,1836,-640,-828,-272,783,HUNGRY
2334,1919,1923,1902,1856,-15500,1696,-508,-1032,-591,499,HUNGRY
2290,1968,1850,1750,1858,-14888,1352,-108,-985,-1021,-95,HUNGRY
2240,2096,1631,1738,1766,-14532,736,-32,-774,-872,-598,HUNGRY
2443,2026,1834,1779,1898,-14608,380,156,-313,-194,-1150,HUNGRY
2371,2028,1886,1893,1840,-14984,60,264,-50,356,-1544,HUNGRY
2378,2138,1942,1856,1750,-15420,-508,128,447,513,-2054,HUNGRY
2414,1876,1824,1916,1775,-16676,-1008,4,542,409,-2702,HUNGRY
2339,2001,1770,2096,1808,-17408,-1292,-280,528,354,-2847,HUNGRY
2381,2001,1854,1840,1828,-18260,-1388,-396,482,651,-2601,HUNGRY
2416,1980,1779,1818,1782,-18392,-1724,-292,652,525,-2302,HUNGRY
2336,2071,1714,1853,1782,-17548,-1448,-288,994,648,-1929,HUNGRY
2470,1973,1920,1840,1817,-17228,-792,-216,1059,1456,-1676,HUNGRY
2427,1971,1886,1776,2023,-17980,-476,-720,948,1423,-1578,HUNGRY
2430,1990,1840,1899,1855,-19948,56,-1316,822,-136,-1165,HUNGRY
2336,2000,1853,1925,1959,-19124,1220,-796,-217,-1154,-375,HUNGRY
2373,2037,1952,1659,1926,-18476,1924,-852,-885,-1196,759,HUNGRY
2274,1966,1728,1824,2043,-16332,3172,16,-1076,-101,1963,HUNGRY
2210,1767,1615,1498,1805,-16016,3472,-376,-548,447,3092,HUNGRY
2295,1842,1662,1514,1562,-15076,4316,124,280,-473,3600,HUNGRY
2235,1845,1715,1447,1535,-15168,5088,136,-327,-1038,3830,HUNGRY
2259,1831,1735,1663,1728,-14412,5280,280,-1167,-1684,4117,HUNGRY
2275,1793,1649,1667,1703,-13328,4288,524,-2099,-2072,4333,HUNGRY
2144,2032,1617,1603,1751,-12480,3540,76,-2185,-1217,4167,HUNGRY
2247,1968,1888,1798,1954,-13040,2888,304,-2261,-997,3466,HUNGRY
2334,2085,1872,1811,1975,-14648,1544,104,-2419,-2310,2114,HUNGRY
2108,2016,1717,1693,1959,-14308,-32,264,-2511,-3683,666,HUNGRY
2127,2006,1718,1761,1665,-14064,-1096,572,-2159,-4061,-920,HUNGRY
2032,2153,1709,1697,1790,-12772,-1992,1476,-1730,-2068,-2080,HUNGRY
2213,1875,1706,1744,1744,-13624,-2684,1412,-885,1551,-2413,HUNGRY
2241,1879,1732,1682,1779,-17600,-2984,16,-45,1036,-3277,HUNGRY
2119,1846,1808,1602,1770,-18340,-2428,672,185,-1898,-4749,HUNGRY
1968,1811,1579,1591,1784,-17556,-2644,816,-281,-3093,-5635,HUNGRY
2183,1721,1737,1893,1616,-17116,-2784,868,-83,-1570,-5342,HUNGRY
2096,1794,1667,1651,1729,-18176,-2488,728,289,-88,-4689,HUNGRY
2099,1787,1776,1648,1743,-19116,-2008,780,849,613,-4194,HUNGRY
2124,1707,1668,1666,1630,-19736,-1316,928,714,843,-3515,HUNGRY
2181,1722,1808,1671,1840,-20372,-632,292,430,631,-2388,HUNGRY
2032,1817,1667,1465,1780,-19580,112,708,218,97,-1263,HUNGRY
2186,1820,1574,1649,1722,-18484,1120,1204,-129,-449,-268,HUNGRY
2163,1797,1648,1703,1699,-17460,1672,1248,-299,-766,552,HUNGRY
2243,1931,1744,1627,1925,-17020,3028,1268,-292,-937,1471,HUNGRY
2083,1934,1680,1681,1860,-15992,3780,1232,-466,-689,2786,HUNGRY
2263,1719,1658,1773,1776,-15684,4172,824,-267,-656,3980,HUNGRY
2288,1872,1683,1713,1834,-14352,4772,1280,-292,-716,4681,HUNGRY
2310,1914,1781,1663,1883,-12772,5384,1468,-715,283,5449,HUNGRY
2327,1876,1749,1524,1887,-11588,4556,1552,-1432,1982,6424,HUNGRY
1997,1981,1621,1699,1910,-12392,4008,636,-1442,3721,6260,HUNGRY
1974,1949,1683,1471,1925,-15224,3484,48,-1859,1625,5183,HUNGRY
1934,1761,1574,1641,1709,-16540,2392,-404,-2420,-3092,3465,HUNGRY
1897,1703,1618,1593,1712,-14508,896,548,-3141,-5743,1869,HUNGRY
1936,1810,1666,1611,1818,-12716,-668,832,-2640,-4703,689,HUNGRY
1867,1756,1535,1646,1607,-11396,-1720,2168,-1910,-2020,-437,HUNGRY
2017,1357,1617,1456,1566,-11620,-2656,2344,-1306,1444,-1747,HUNGRY
1887,1535,1456,1430,1621,-15444,-3488,1160,-796,2277,-3839,HUNGRY
1955,1598,1508,1414,1638,-16612,-3424,1412,-372,362,-4956,HUNGRY
1978,1584,1668,1307,1707,-14840,-3488,2156,-154,1100,-5341,HUNGRY
1933,1701,1437,1488,1790,-13160,-3708,2476,268,6613,-5398,HUNGRY
1990,1875,1535,1479,1578,-18008,-4112,308,1615,9701,-4730,HUNGRY
2079,1744,1633,1561,1655,-23144,-4204,-1264,3857,3106,-4329,HUNGRY
2064,1698,1524,1589,1654,-21988,-3432,-788,5255,-1663,-4452,HUNGRY
2059,1739,1614,1575,1667,-19344,-1832,656,4548,-1179,-3967,HUNGRY
2005,1673,1364,1600,1578,-19412,-900,596,3984,-147,-3088,HUNGRY
2083,1456,1669,1504,1488,-19764,-220,464,2925,893,-2386,HUNGRY
2002,1605,1488,1383,1605,-20168,572,-124,1790,250,-1018,HUNGRY
2064,1764,1659,1553,1647,-19896,1636,-572,825,-763,388,HUNGRY
2271,1821,1826,1499,1746,-17076,2720,544,138,-749,1629,HUNGRY
2375,1766,1815,1519,1797,-16076,3524,412,-691,1102,2515,HUNGRY
2387,1831,2070,1782,1725,-17300,4508,-264,-220,452,3393,HUNGRY
2256,1920,1831,1732,1754,-16316,4808,132,-86,-637,4587,HUNGRY
2295,1904,1906,1744,1762,-15520,4776,616,-111,-1006,5968,HUNGRY
2257,1881,1781,1770,1632,-13904,4612,1304,-947,-399,6729,HUNGRY
2308,1822,1684,1750,1693,-12912,4508,1544,-2211,510,6944,HUNGRY
2134,1969,1671,1535,1814,-12616,3776,1456,-2787,-463,6382,HUNGRY
2193,1870,1711,1637,1777,-11468,2440,1308,-2396,-1585,4746,HUNGRY
2201,1901,1827,1705,1639,-11208,1632,1620,-2003,-670,3192,HUNGRY
1979,1813,1599,1643,1387,-12912,1072,1172,-2335,387,1249,HUNGRY
1869,1522,1467,1707,1570,-13512,100,820,-3012,-970,-695,HUNGRY
1982,1441,1531,1535,1481,-13028,-1672,208,-2519,-1370,-1941,HUNGRY
1923,1531,1485,1387,1589,-14168,-1816,604,-1043,-51,-2492,HUNGRY
1934,1510,1447,1424,1575,-15824,-2180,676,-1503,1655,-3536,HUNGRY
1997,1638,1396,1494,1462,-17184,-2848,60,-1254,1078,-4423,HUNGRY
2064,1643,1563,1566,1535,-17088,-3196,604,-775,139,-4860,HUNGRY
2070,1918,1353,1496,1648,-17820,-3428,460,-447,669,-4699,HUNGRY
2066,1725,1535,1584,1616,-18560,-3664,188,238,817,-4645,HUNGRY
2086,1755,1566,1571,1562,-18872,-3396,608,804,182,-4494,HUNGRY
2007,1759,1354,1532,1478,-18556,-3408,512,1326,864,-3984,HUNGRY
2093,1842,1415,1583,1392,-18296,-2932,884,1811,1828,-3244,HUNGRY
2032,1643,1424,1742,1420,-18160,-2348,876,2194,2412,-2590,HUNGRY
2027,1641,1486,1561,1570,-18408,-1556,508,2492,2264,-2277,HUNGRY
1968,1590,1445,1535,1573,-19188,-772,-8,2377,993,-2017,HUNGRY
1856,1499,1455,1497,1510,-18792,232,324,2192,573,-1180,HUNGRY
1847,1535,1449,1455,1533,-19140,1720,300,1778,257,176,HUNGRY
1975,1419,1648,1282,1646,-19016,2452,508,1253,-671,1617,HUNGRY
2087,1771,1625,1535,1639,-16976,3492,912,1176,-1086,2804,HUNGRY
2111,1862,1708,1684,1727,-16512,3824,336,1404,-491,4265,HUNGRY
2122,1780,1695,1648,1863,-16504,4436,240,1563,-649,5487,HUNGRY
2032,1897,1589,1651,1842,-15736,4588,344,793,-1455,6246,HUNGRY
2001,2032,1523,1686,1824,-14528,4444,652,-524,-1744,6755,HUNGRY
2128,1853,1714,1667,1770,-13156,3732,680,-1452,-1036,7279,HUNGRY
2096,1831,1649,1715,1778,-12648,3080,564,-1873,-27,7093,HUNGRY
2025,1889,1680,1690,1873,-12680,2572,836,-2049,142,5793,HUNGRY
2187,1879,1655,1744,1646,-12564,1332,668,-2160,-380,4261,HUNGRY
2199,1603,1839,1452,1782,-12620,156,860,-1978,-1324,2283,HUNGRY
1985,1688,1535,1471,1613,-12652,-360,1044,-1800,-1407,326,HUNGRY
1975,1792,1626,1578,1680,-11736,-1216,1488,-1411,-425,-1240,HUNGRY
1948,1735,1626,1535,1761,-10480,-1948,1728,-494,2409,-3011,HUNGRY
1904,1679,1419,1504,1782,-14900,-3108,316,734,3895,-4645,HUNGRY
1923,1637,1606,1360,1625,-17224,-3016,720,1214,1086,-5915,HUNGRY
1968,1616,1535,1504,1633,-16896,-3324,736,651,1679,-6317,HUNGRY
2014,1616,1488,1467,1632,-19224,-4116,-164,794,3390,-5716,HUNGRY
2075,1731,1568,1517,1695,-20560,-3748,-440,1480,2776,-4941,HUNGRY
2038,1622,1584,1512,1741,-20560,-3520,-260,2318,1894,-4680,HUNGRY
2069,1808,1584,1729,1571,-20016,-3012,240,2649,1399,-4005,HUNGRY
2131,1806,1703,1669,1702,-19236,-2088,268,2811,2018,-2929,HUNGRY
2158,1927,1606,1639,1753,-19644,-1432,-108,2983,1950,-2103,HUNGRY
2117,1931,1707,1808,1623,-19752,-372,-196,3004,537,-1373,HUNGRY
2401,1825,1776,1939,1705,-18192,776,-40,2729,2,-708,HUNGRY
2304,2032,1650,2031,1589,-17524,1496,-284,2237,-159,223,HUNGRY
2282,1938,1712,1751,1712,-16936,2348,-228,1938,-376,946,HUNGRY
2297,1921,1664,1808,1744,-17420,2960,-620,1429,-1066,1592,HUNGRY
2234,1828,1662,1713,1749,-17332,3404,-672,997,-2432,2413,HUNGRY
2256,1867,1631,1767,1689,-15400,3908,28,552,-1882,3509,HUNGRY
2554,1669,1883,1660,1778,-14972,4188,-28,374,-227,5004,HUNGRY
2266,1839,1706,1695,1761,-15356,4472,-124,-471,321,5982,HUNGRY
2303,1946,1712,1729,1776,-15120,4908,132,-1976,-411,6336,HUNGRY
2394,1997,1757,1636,1713,-13900,3872,-184,-3027,-1121,6109,HUNGRY
2371,1867,1859,1515,1835,-12872,3396,120,-2759,-1199,5927,HUNGRY
2288,1842,1678,1471,1982,-11908,3200,944,-2566,-791,4946,HUNGRY
2194,1937,1636,1710,1744,-12460,2244,1352,-2885,-675,3609,HUNGRY
2226,1849,1739,1648,1681,-13736,1196,516,-3035,-1223,2051,HUNGRY
2181,2003,1703,1654,1668,-14840,528,556,-2732,-2539,598,HUNGRY
2210,1791,1608,1648,1706,-13500,-88,1728,-2546,-2676,-639,HUNGRY
2459,1664,1853,1648,1625,-12068,-1320,1904,-2231,703,-1265,HUNGRY
2249,1845,1743,1747,1644,-15032,-2384,432,-1149,3349,-1893,HUNGRY
2155,1787,1755,1669,1695,-16764,-2672,364,47,2404,-2603,HUNGRY
2128,1825,1794,1535,1701,-17812,-2720,148,746,167,-3521,HUNGRY
2112,1791,1648,1599,1779,-17456,-2728,176,588,-70,-4128,HUNGRY
2160,1798,1439,1639,1772,-16752,-2980,280,815,1068,-4032,HUNGRY
2086,1847,1731,1663,1702,-18304,-2964,-288,1712,1946,-3621,HUNGRY
2037,1759,1589,1744,1661,-18732,-2600,-372,2161,1054,-3758,HUNGRY
2153,1824,1695,1535,1680,-18180,-2356,36,2307,671,-4073,HUNGRY
2085,1871,1603,1708,1781,-18012,-2068,-52,2356,1623,-3715,HUNGRY
2428,1743,1796,1647,1747,-18352,-1736,-216,2708,2368,-2981,HUNGRY
2308,1925,1833,1797,1743,-18884,-1100,-140,2985,1762,-2547,HUNGRY
2257,1903,1809,1700,1810,-19120,-372,-188,3109,932,-2233,HUNGRY
2372,1992,1892,1587,1728,-18472,476,240,2771,269,-1429,HUNGRY
2342,1885,1825,1635,1858,-18092,1272,252,2311,504,-445,HUNGRY
2352,1840,1835,1719,1936,-18472,1880,-152,2404,338,812,HUNGRY
2307,1989,1713,1659,1797,-17496,2728,292,2299,115,1912,HUNGRY
2320,1942,1709,1783,1735,-16612,3712,404,2395,-287,2971,HUNGRY
2320,2053,1761,1727,1806,-15904,4500,200,2587,-66,4045,HUNGRY
2299,1946,1763,1753,1827,-15592,5188,180,2321,-845,4987,HUNGRY
2609,1739,1963,1778,1742,-14332,5272,300,1307,-1769,5289,HUNGRY
2384,1933,1862,1830,1770,-12788,5232,628,156,-2175,5359,HUNGRY
2405,1962,1789,1709,1859,-11964,4016,480,-770,-1477,5419,HUNGRY
2309,2006,1881,1782,1867,-11760,3252,-184,-882,-551,5114,HUNGRY
2421,1949,1798,1698,1837,-14048,2308,-720,-776,-1475,3932,HUNGRY
2286,1981,1759,1518,2003,-13924,1496,-356,-1569,-3130,2303,HUNGRY
2266,2003,1787,1808,1763,-13436,512,276,-2476,-3879,670,HUNGRY
2227,2006,1712,1833,1741,-12200,-848,924,-3020,-1307,-372,HUNGRY
2283,1968,1757,1763,1792,-13300,-1776,1084,-2673,1567,-1265,HUNGRY
2217,2014,1773,1956,1714,-15168,-2484,712,-1991,2638,-2212,HUNGRY
2431,1985,1847,1535,1917,-17384,-2820,560,-1274,1059,-3320,HUNGRY
2343,1887,1854,1761,1781,-17944,-3152,428,-968,-144,-4602,HUNGRY
2423,1951,1806,1730,1822,-17768,-3136,976,-530,-178,-5087,HUNGRY
2262,2020,1824,1782,1921,-17528,-3252,1324,-304,1287,-4877,HUNGRY
2272,1984,1840,1628,1889,-18612,-3212,1172,295,2491,-4553,HUNGRY
2266,1985,1847,1467,2053,-19368,-2976,1140,1106,2014,-4280,HUNGRY
2265,2031,1856,1761,1794,-18868,-2576,1120,2130,1068,-4112,HUNGRY
2320,2041,1840,1747,1810,-18560,-2052,1016,2892,968,-3656,HUNGRY
2251,1967,1879,1738,1867,-18780,-1476,828,3277,972,-3053,HUNGRY
2384,1911,1857,1731,1773,-18564,-936,640,3563,544,-2512,HUNGRY
2304,2135,1622,2021,1677,-18680,-280,320,3684,-113,-1891,HUNGRY
2279,2054,1736,1781,1830,-18620,392,-88,3326,-1101,-1035,HUNGRY
2429,2064,1859,1890,1840,-17808,1328,-208,3122,-1254,3,HUNGRY
2289,2069,1712,1782,1776,-17924,2520,-60,2553,-1822,1421,HUNGRY
2276,2060,1808,1859,1710,-16612,3208,-100,1438,-750,2778,HUNGRY
2249,2201,1526,1753,1840,-15640,4236,40,624,518,4275,HUNGRY
2314,2000,1738,1779,1681,-14936,4444,-196,319,2405,5906,HUNGRY
2384,1925,1757,1786,1653,-15892,4776,-92,9,2025,7087,HUNGRY
2298,1953,1646,1812,1730,-16204,5024,-328,-1322,-223,7163,HUNGRY
2257,1951,1725,1789,1754,-15188,4868,-288,-2667,-2386,7127,HUNGRY
2241,1978,1886,1531,1689,-12888,3688,180,-2594,-2359,7273,HUNGRY
2352,1904,1794,1754,1747,-12084,3128,508,-1896,-669,7083,HUNGRY
2295,1854,1787,1718,1723,-14060,2600,356,-2408,-652,5874,HUNGRY
2345,1847,1874,1669,1755,-14064,1888,976,-3276,-2233,4104,HUNGRY
2238,1776,1773,1567,1655,-15056,432,432,-3304,-4377,2197,HUNGRY
2265,1761,2015,1695,1715,-14464,-464,656,-2653,-5846,478,HUNGRY
2113,1735,1693,1440,1697,-13348,-1132,1436,-2321,-4217,-764,HUNGRY
1936,1694,1589,1535,1683,-11840,-1084,2480,-1956,-673,-1389,HUNGRY
1985,1641,1618,1535,1750,-11496,-2224,2048,-947,3592,-2415,HUNGRY
2079,1595,1581,1424,1687,-15912,-2712,708,673,4044,-4137,HUNGRY
1941,1585,1513,1670,1347,-17488,-2308,980,879,1221,-5312,HUNGRY
1873,1637,1349,1502,1618,-15880,-2188,1464,348,429,-6450,HUNGRY
1946,1584,1513,1629,1590,-15724,-2704,1240,306,2158,-6389,HUNGRY
1968,1530,1573,1664,1584,-18384,-1380,1968,-720,3374,-6415,HUNGRY
2032,1535,1635,1731,1557,-19904,-1496,3072,2116,2186,-5838,HUNGRY
2255,1535,1522,1471,1469,-20788,-3980,-3392,-269,-1171,-7891,HUNGRY
2113,1600,1619,1506,1586,-21272,-1012,1468,3529,1707,-5513,HUNGRY
2083,1687,1535,1554,1712,-18872,-1756,1052,2608,2275,-2642,HUNGRY
2128,1682,1648,1675,1594,-19292,-396,1160,2452,2586,-2433,HUNGRY
2158,1777,1717,1606,1713,-19480,208,936,1090,2579,-953,HUNGRY
2219,1883,1740,1794,1840,-18596,632,148,1550,2006,189,HUNGRY
2262,1903,1739,1498,1733,-18928,1808,532,1881,719,1160,HUNGRY
2157,1859,1611,1555,1689,-17164,2756,744,1074,-66,1781,HUNGRY
2157,1918,1613,1563,1705,-16836,3396,160,1740,-749,2611,HUNGRY
2015,1962,1588,1713,1668,-16820,3996,316,1694,-1353,3539,HUNGRY
2074,1731,1559,1719,1616,-15760,4424,772,744,-1919,4345,HUNGRY
2062,1723,1527,1648,1648,-14796,4044,388,-293,-1632,5490,HUNGRY
2097,1713,1503,1631,1606,-13876,4044,448,-711,-945,6464,HUNGRY
1995,1712,1533,1535,1680,-12852,3788,804,-1011,-345,6766,HUNGRY
2031,1761,1554,1535,1708,-12816,3372,1004,-1179,-822,6121,HUNGRY
2176,1693,1831,1618,1535,-11748,2524,1224,-1534,-763,4814,HUNGRY
2123,1687,1645,1618,1659,-11800,1780,976,-1755,74,3308,HUNGRY
1926,1621,1587,1525,1690,-13848,436,204,-1980,-606,1468,HUNGRY
1850,1474,1509,1395,1661,-14104,-456,656,-1593,-2374,-281,HUNGRY
1975,1518,1615,1333,1579,-13696,-1552,1252,-1435,-2505,-1940,HUNGRY
2030,1490,1648,1353,1662,-12456,-2324,2056,-1329,540,-3073,HUNGRY
2000,1630,1567,1527,1665,-15764,-3332,908,-989,2516,-4048,HUNGRY
2064,1639,1483,1564,1619,-17720,-3532,780,-440,839,-5330,HUNGRY
2145,1655,1469,1456,1635,-18864,-3572,580,-336,-1107,-5992,HUNGRY
2185,1671,1598,1519,1602,-17580,-3512,1080,153,-1070,-5984,HUNGRY
2095,1773,1376,1422,1713,-17276,-3020,1372,644,1671,-5074,HUNGRY
2128,1758,1613,1339,1697,-19024,-2692,448,1285,2865,-4375,HUNGRY
2138,1746,1519,1491,1686,-19804,-2064,388,1323,1650,-4127,HUNGRY
2101,1710,1610,1522,1692,-19536,-1504,476,1146,1026,-3439,HUNGRY
2146,1674,1675,1463,1776,-18232,-848,712,1486,1235,-2275,HUNGRY
1909,1728,1386,1535,1866,-18076,-76,448,1636,2120,-1093,HUNGRY
1951,1563,1535,1444,1696,-18140,892,348,1364,2216,-19,HUNGRY
2027,1742,1621,1535,1712,-17892,1300,-88,765,1389,1145,HUNGRY
2150,1641,1608,1666,1710,-18020,1956,-324,1136,225,2335,HUNGRY
2114,1676,1626,1572,1683,-16892,3440,76,1506,-616,3653,HUNGRY
2121,1717,1682,1562,1811,-15380,4108,376,1448,381,4446,HUNGRY
2146,1674,1661,1519,1747,-15980,4032,116,1071,762,5584,HUNGRY
2153,1743,1664,1523,1760,-15632,3840,-12,502,-432,6517,HUNGRY
2128,1825,1651,1660,1807,-14804,3740,432,-576,-838,6780,HUNGRY
2317,1725,1810,1456,1788,-13892,3608,708,-1411,-473,6594,HUNGRY
2260,1742,1758,1392,1945,-13604,3252,864,-1894,-120,6113,HUNGRY
2274,1725,1704,1456,1747,-13376,2392,964,-2221,-974,5039,HUNGRY
2166,1798,1658,1555,1730,-12856,1604,968,-2317,-447,3945,HUNGRY
2127,1725,1684,1535,1623,-13936,1328,852,-2316,-103,2784,HUNGRY
2160,1727,1522,1561,1729,-14268,976,868,-2324,-674,1378,HUNGRY
2099,1792,1591,1446,1665,-13304,20,1144,-2177,-978,45,HUNGRY
2096,1874,1635,1461,1745,-11964,-340,1404,-1754,1221,-1361,HUNGRY
2154,1821,1648,1674,1739,-14256,-1080,720,-1256,2867,-2474,HUNGRY
2064,1731,1481,1633,1728,-17064,-1240,-120,-591,1887,-3286,HUNGRY
1969,1748,1527,1479,1757,-17392,-1220,176,-923,202,-4092,HUNGRY
2011,1833,1456,1455,1458,-15952,-1732,332,-1169,1029,-4350,HUNGRY
1989,1853,1523,1633,1625,-14988,-2360,628,-108,2566,-4290,HUNGRY
2146,1799,1648,1629,1642,-17988,-3324,-620,1475,2024,-4717,HUNGRY
2174,1840,1671,1627,1686,-19892,-3112,-484,2237,-1385,-5710,HUNGRY
2191,1814,1642,1582,1717,-18180,-3156,496,2197,-2053,-5375,HUNGRY
2207,1894,1746,1677,1631,-17356,-2976,744,2393,955,-4083,HUNGRY
2112,1874,1563,1830,1706,-17996,-2360,312,2813,2667,-3483,HUNGRY
2244,1872,1717,1764,1745,-18980,-1640,104,3051,1226,-3846,HUNGRY
2336,1910,1792,1793,1637,-19188,-1204,0,2787,100,-3689,HUNGRY
2263,1997,1706,1861,1574,-17964,-384,304,2496,530,-2632,HUNGRY
2287,1771,1647,2031,1687,-18432,240,-348,2817,1350,-1339,HUNGRY
2357,1797,1602,1806,1632,-18920,1196,-164,2590,555,-337,HUNGRY
2243,1887,1774,1713,1712,-18200,2120,204,1528,-628,504,HUNGRY
2347,1805,1701,1687,1648,-17064,2492,220,855,-339,1743,HUNGRY
2317,1889,1762,1748,1666,-16848,2836,-264,1169,204,3157,HUNGRY
2362,1905,1782,1777,1680,-16924,3768,-96,1488,-462,4314,HUNGRY
2177,1894,1664,1581,1803,-16328,4408,256,878,-1575,4953,HUNGRY
2209,1941,1754,1739,1725,-14912,4188,464,-36,-1961,5585,HUNGRY
2215,1965,1642,1718,1856,-14468,3968,380,-750,-1276,6468,HUNGRY
2230,1929,1747,1822,1841,-14084,3640,480,-1281,-1388,6857,HUNGRY
2097,1967,1535,1660,1847,-13072,3268,668,-2006,-1512,6275,HUNGRY
2199,1946,1804,1707,1836,-11988,2648,844,-2242,-1015,5088,HUNGRY
2243,1908,1682,1771,1764,-13144,1404,608,-2429,-843,3919,HUNGRY
2245,1817,1775,1705,1706,-13840,724,504,-2577,-943,2373,HUNGRY
2241,1827,1691,1710,1646,-14272,-52,480,-3006,-1218,795,HUNGRY
2219,1712,1779,1679,1615,-12728,-840,1344,-2990,-954,-746,HUNGRY
2210,1945,1747,1603,1787,-11800,-1876,1544,-2346,942,-2152,HUNGRY
2288,1874,1729,1773,1743,-13672,-2576,1120,-1250,2203,-3970,HUNGRY
2066,1846,1680,1712,1838,-15684,-2932,592,-593,2279,-5416,HUNGRY
2189,1841,1840,1641,1809,-16432,-3204,796,-282,1054,-5967,HUNGRY
2149,1767,1899,1690,1888,-17132,-3596,284,288,1939,-5852,HUNGRY
2416,1826,1803,1571,1782,-17168,-3612,348,799,3699,-5290,HUNGRY
2131,1857,1714,1791,1712,-19024,-3728,-856,2119,4819,-4519,HUNGRY
2288,1838,1773,1661,1651,-21328,-3552,-1096,3085,2294,-4349,HUNGRY
2272,1872,1691,1744,1611,-20560,-2716,-412,2876,-367,-4662,HUNGRY
2320,1903,1782,1751,1636,-18776,-2476,120,1850,510,-3951,HUNGRY
2355,1953,1778,1555,1718,-18032,-2152,-40,2014,1724,-2794,HUNGRY
2355,1907,1813,1799,1746,-18556,-1424,-228,3112,1164,-2075,HUNGRY
2400,1987,1805,1704,1791,-18900,-396,28,2982,92,-1727,HUNGRY
2415,1841,1917,1645,1771,-18796,204,-92,2135,-913,-1025,HUNGRY
2397,1914,1855,1694,1840,-17996,772,-340,1638,-975,86,HUNGRY
2423,1857,1891,1610,1695,-17112,1644,-8,1663,-400,1467,HUNGRY
2304,1874,1752,1741,1751,-17136,2316,-84,1424,-260,2616,HUNGRY
2320,1867,1789,1735,1695,-17484,2904,-260,1189,-1145,3553,HUNGRY
2288,1933,1723,1676,1680,-16044,3524,100,1015,-1977,4495,HUNGRY
2428,1872,1837,1878,1765,-14900,3592,172,777,-726,5370,HUNGRY
2238,1965,1830,1557,1898,-15484,3716,148,206,-1256,5843,HUNGRY
2271,1921,1769,1762,1762,-14528,3732,640,-852,-2422,5762,HUNGRY
2255,2017,1743,1792,1750,-12424,3300,1272,-1441,-3111,4977,HUNGRY
2183,1991,1633,1689,1808,-9520,2148,1812,-1027,-1747,3993,HUNGRY
2304,2145,1792,1774,1651,-9608,1612,1780,-312,1016,3182,HUNGRY
2126,2094,1808,1753,1676,-12740,1156,648,-122,987,1442,HUNGRY
2304,1872,1739,1706,1676,-14000,360,536,-450,-2338,-1034,HUNGRY
2205,1914,1723,1776,1685,-12348,-620,872,-1675,-889,-2763,HUNGRY
2221,1914,1769,1873,1776,-13320,-1888,608,-1926,1863,-3162,HUNGRY
2283,1911,1804,1771,1675,-16008,-3044,-392,-1616,2861,-3541,HUNGRY
2391,1699,2015,1747,1725,-19828,-3660,-364,-955,-905,-4996,HUNGRY
2130,1906,1712,1710,1717,-18300,-4416,168,-1616,-2644,-5981,HUNGRY
2206,1877,1776,1694,1792,-16664,-5216,604,-1287,1369,-4983,HUNGRY
2288,1882,1806,1486,1795,-18928,-4940,104,-254,3718,-2905,HUNGRY
2073,1863,1648,1664,1838,-19648,-4452,-12,935,2164,-3163,HUNGRY
2091,1793,1828,1602,1801,-18464,-3456,976,1140,-66,-3880,HUNGRY
2352,1916,1795,1747,1725,-17068,-3260,1056,1131,768,-3464,HUNGRY
2333,1913,1761,1718,1749,-17848,-2924,464,1994,1881,-2665,HUNGRY
2347,1923,1743,1710,1796,-19832,-2088,132,2711,449,-2164,HUNGRY
2165,1989,1757,1594,1755,-19468,-1236,84,2245,-853,-1752,HUNGRY
2274,1860,1730,1825,1665,-18512,-476,256,1563,-1448,-677,HUNGRY
2223,1917,1744,1773,1731,-16832,88,444,1385,310,866,HUNGRY
2288,1887,1795,1640,1755,-17904,996,84,1714,352,2061,HUNGRY
2288,1733,1753,1837,1670,-16848,1820,268,1202,-658,2641,HUNGRY
2398,1900,1834,1627,1600,-15732,2352,264,899,-1244,3089,HUNGRY
2387,1819,1910,1840,1685,-14516,2736,172,613,-21,3967,HUNGRY
2303,1923,1759,1731,1743,-15380,3228,304,320,982,4784,HUNGRY
2307,1842,1739,1787,1767,-15888,3556,400,-776,375,5510,HUNGRY
2256,1985,1680,1794,1707,-15700,3356,160,-1520,-760,6184,HUNGRY
2305,1934,1695,1744,1712,-14856,3052,144,-1611,-1301,6361,HUNGRY
2313,1891,1890,1520,1943,-13312,3024,744,-1617,-649,6271,HUNGRY
2246,1936,1909,1758,1796,-12692,2780,1088,-2011,683,6165,HUNGRY
2247,1908,1844,1767,1815,-13408,1816,524,-2248,387,5244,HUNGRY
2278,1891,1795,1587,1793,-14332,924,40,-2086,-656,3654,HUNGRY
2240,1886,1904,1792,1931,-13832,408,580,-2711,-1632,1979,HUNGRY
2361,1727,1932,1640,1835,-13040,-480,916,-2941,-1165,629,HUNGRY
2284,1878,1743,1737,1722,-11000,-1700,1796,-2438,1133,-988,HUNGRY
2201,1879,1802,1851,1708,-14068,-2824,696,-1199,3572,-2123,HUNGRY
2224,1821,1834,1697,1767,-16516,-3004,352,-162,2308,-3579,HUNGRY
2148,1878,1907,1761,1781,-17476,-3420,224,-23,143,-4768,HUNGRY
1979,2141,1584,1712,1755,-16580,-3788,324,-272,1120,-5103,HUNGRY
2188,1875,1767,1725,1749,-17968,-3944,-284,-7,2372,-4843,HUNGRY
2216,1935,1723,1719,1717,-19904,-3844,-596,418,1999,-4660,HUNGRY
2141,1967,1649,1747,1770,-20000,-3408,-472,695,700,-4672,HUNGRY
2288,2080,1794,1816,1616,-18480,-3084,-8,702,1386,-3867,HUNGRY
2037,2073,1632,1744,1811,-18552,-2580,-320,1237,2030,-3031,HUNGRY
2306,1883,1723,1743,1759,-18512,-1936,32,1693,2174,-2450,HUNGRY
2257,1953,1703,1745,1717,-18420,-1224,36,1793,1374,-2126,HUNGRY
2314,1955,1712,1763,1826,-18308,-812,-240,1895,185,-1742,HUNGRY
2272,2002,1699,1837,1765,-17940,228,24,2075,-190,-1161,HUNGRY
2416,1745,1792,1792,1693,-17560,928,0,1653,49,-241,HUNGRY
2251,1905,1920,1666,1694,-16992,1612,164,1154,-289,620,HUNGRY
2278,1909,1829,1662,1754,-17300,2172,-368,1043,-650,1527,HUNGRY
2271,1742,1810,1890,1622,-16984,2924,-88,983,-1403,2463,HUNGRY
2326,1804,1848,1602,1707,-16724,3320,-188,866,-1660,3671,HUNGRY
2326,1808,1821,1639,1603,-16032,3584,248,412,-1596,4798,HUNGRY
2289,1886,1771,1699,1655,-15328,3648,472,-263,-1337,5733,HUNGRY
2251,1875,1647,1701,1676,-14712,3696,564,-680,-1647,6291,HUNGRY
2343,1921,1744,1769,1731,-13284,3296,688,-988,-1817,6484,HUNGRY
2229,1885,1775,1661,1653,-13160,2780,620,-1186,-881,6200,HUNGRY
2285,1861,1889,1483,1904,-12776,2512,444,-1637,-346,5478,HUNGRY
2270,1871,1712,1722,1694,-12932,1712,476,-2075,138,4290,HUNGRY
2161,1867,1744,1734,1762,-14032,908,44,-2426,-665,2496,HUNGRY
2373,1840,1835,1586,1693,-14028,160,12,-2393,-1801,807,HUNGRY
2240,1858,1906,1667,1861,-12696,-432,816,-2449,-554,-422,HUNGRY
2210,1835,1840,1561,1819,-13108,-1324,608,-2171,1077,-1654,HUNGRY
2012,1783,1680,1724,1714,-15000,-1920,156,-1662,1807,-3022,HUNGRY
2033,1719,1619,1613,1691,-16096,-2424,-84,-1680,1461,-4051,HUNGRY
2066,1679,1567,1680,1629,-16080,-2796,272,-1468,1561,-4604,HUNGRY
2112,1774,1578,1623,1710,-17756,-3448,-488,-893,2102,-4921,HUNGRY
1808,1877,1452,1684,1665,-18464,-3500,-296,-342,1005,-5265,HUNGRY
2081,1752,1616,1566,1671,-17824,-3524,-120,446,1249,-4907,HUNGRY
2091,1854,1619,1670,1667,-18340,-3332,-228,994,1873,-4273,HUNGRY
1969,1958,1558,1574,1740,-18504,-2944,-240,1625,1899,-3910,HUNGRY
2096,1957,1635,1766,1535,-18888,-2604,-168,2219,1573,-3485,HUNGRY
1983,1968,1521,1713,1769,-18316,-1816,-88,2546,953,-2780,HUNGRY
2053,1824,1755,1698,1711,-18204,-1172,-88,2993,1609,-2028,HUNGRY
2198,1859,1776,1698,1696,-18328,-404,-156,3024,1024,-1506,HUNGRY
2122,1872,1747,1639,1730,-18148,212,-184,2885,202,-848,HUNGRY
2241,1886,1757,1656,1707,-18172,752,-324,2418,-269,-9,HUNGRY
2323,1901,1535,1867,1397,-17600,1540,-100,2107,-853,898,HUNGRY
2207,1855,1712,1719,1776,-16928,2064,156,1878,-828,2045,HUNGRY
2325,1850,1739,1718,1732,-17040,2496,8,1966,-961,3109,HUNGRY
2263,1808,1775,1775,1723,-16052,3220,324,1958,-1428,3946,HUNGRY
2382,1872,1923,1716,1722,-16004,3332,52,1608,-1415,4751,HUNGRY
2176,1894,1778,1562,1833,-14884,3676,496,955,-1739,5591,HUNGRY
2205,1859,1714,1744,1701,-13600,3852,716,491,-996,6065,HUNGRY
2221,1866,1731,1693,1708,-12748,3516,832,-21,-692,6168,HUNGRY
2286,1873,1755,1680,1771,-12776,3016,528,-252,-324,5338,HUNGRY
2161,1910,1855,1762,1731,-13452,2708,488,-852,-68,4058,HUNGRY
2320,1893,1502,1834,1535,-15324,1956,28,-1374,-1347,2502,HUNGRY
2183,1865,1717,1754,1690,-15184,632,220,-2038,-2260,1602,HUNGRY
2223,1812,1850,1781,1724,-13820,-4,536,-1705,-929,1431,HUNGRY
2203,1818,1790,1841,1705,-13128,-552,576,-1304,2214,1240,HUNGRY
2347,1771,1757,1985,1686,-12800,-1308,980,-882,3121,43,HUNGRY
2257,1730,1780,1703,1623,-15228,-1944,-140,-679,3411,-1892,HUNGRY
2160,1785,1791,1812,1749,-17080,-2244,-548,-1016,1553,-3576,HUNGRY
2140,1787,1758,1731,1671,-17184,-2820,-664,-1273,683,-4296,HUNGRY
2178,1853,1871,1742,1671,-16604,-3036,-272,-881,1205,-4425,HUNGRY
2195,1815,1791,1808,1708,-17956,-3168,-532,-203,1242,-4507,HUNGRY
1899,1987,1694,1817,1791,-19104,-3212,-824,159,215,-4724,HUNGRY
2148,1908,1706,1662,1719,-18524,-2980,-292,123,-92,-4564,HUNGRY
2160,1904,1808,1824,1746,-17876,-2872,-92,393,1586,-3335,HUNGRY
2238,1958,1687,1857,1620,-18704,-2252,-360,1156,1900,-2575,HUNGRY
2260,1828,1828,1945,1713,-18496,-1720,-40,1793,712,-2444,HUNGRY
2195,1731,1809,1789,1657,-18248,-1180,148,2005,47,-2288,HUNGRY
2304,1870,1793,1831,1714,-18196,-604,-20,1795,-660,-1802,HUNGRY
2353,1868,1853,1814,1685,-17360,104,36,1810,-618,-1174,HUNGRY
2195,1910,1695,1794,1703,-17216,708,108,1777,-697,-618,HUNGRY
2209,1871,1743,1739,1679,-17568,1320,-128,1849,-1362,107,HUNGRY
2304,1808,1936,1616,1712,-17272,1956,72,1499,-1993,1005,HUNGRY
2277,1804,1823,1735,1699,-17008,2324,-152,934,-1898,2024,HUNGRY
2256,1851,1789,1789,1785,-16192,2648,128,670,-1249,3224,HUNGRY
2351,1903,1935,1603,1734,-16400,2800,-4,747,-973,4423,HUNGRY
2307,1885,1963,1663,1885,-16092,2996,-148,648,-1519,5580,HUNGRY
2320,1744,2000,1494,1885,-14932,3236,352,337,-1499,6173,HUNGRY
2237,1872,1727,1666,1776,-13748,3188,640,-439,-629,6426,HUNGRY
2288,1855,1719,1687,1682,-12824,2620,976,-936,321,6331,HUNGRY
2309,1859,1830,1775,1645,-12252,2344,1044,-1150,807,5612,HUNGRY
2282,1858,1813,1823,1776,-12264,1980,1008,-1071,1016,4080,HUNGRY
1981,2105,1567,1782,1806,-13420,1436,1068,-1169,453,2292,HUNGRY
2266,1931,1707,1714,1766,-14460,828,340,-1235,-1551,214,HUNGRY
2148,1951,1751,1814,1712,-14896,128,-112,-1321,-2058,-1147,HUNGRY
2111,1947,1577,1810,1641,-14056,-76,564,-1224,-1594,-1656,HUNGRY
2175,1943,1657,1675,1591,-13072,-648,848,-1045,1644,-1837,HUNGRY
2160,1913,1649,1860,1808,-14400,-1272,480,-779,3290,-2553,HUNGRY
2112,1891,1744,1778,1720,-16552,-1900,-480,-394,2187,-3599,HUNGRY
2125,1864,1712,1819,1654,-17164,-2104,-456,-260,-230,-4950,HUNGRY
2091,1840,1626,1793,1695,-16712,-2612,-508,-207,-220,-5248,HUNGRY
2207,1904,1691,1809,1717,-16576,-2972,-136,-32,1497,-4935,HUNGRY
2290,1808,1989,1597,1864,-18544,-3028,-572,-24,2696,-4266,HUNGRY
2259,1840,1819,1786,1744,-19704,-2848,-548,-47,2153,-3966,HUNGRY
2238,1859,1741,1689,1777,-19180,-2576,-76,104,1078,-3656,HUNGRY
2301,1851,1814,1699,1769,-18504,-2556,112,748,1303,-2901,HUNGRY
2367,1835,1867,1507,1755,-18096,-1956,288,1292,1870,-2091,HUNGRY
2476,1818,1933,1894,1633,-18532,-1432,308,1610,1400,-1793,HUNGRY
2365,1920,1828,1831,1778,-18532,-796,144,1843,-14,-1530,HUNGRY
2317,1911,1809,1792,1853,-17156,-328,436,1903,-339,-858,HUNGRY
2377,2002,1826,1858,1719,-17300,244,188,2231,191,225,HUNGRY
2368,1924,1845,1840,1695,-17332,916,120,2507,-51,1147,HUNGRY
2141,2136,1588,1782,1803,-16928,1692,236,2546,-644,1965,HUNGRY
2247,1968,1792,1566,1793,-16768,2084,-100,2386,-1026,3042,HUNGRY
2282,1955,1808,1701,1746,-16388,2712,-296,2257,-1108,3936,HUNGRY
2143,2002,1744,1839,1765,-15368,3052,-412,1903,-702,4887,HUNGRY
2057,1920,1629,1601,1861,-15004,3348,-352,1539,-404,5509,HUNGRY
2090,2142,1804,1616,1729,-14716,3452,-128,904,-577,5497,HUNGRY
2185,1990,1751,1833,1697,-13424,3192,548,304,-919,5391,HUNGRY
2217,1968,1791,1774,1648,-12492,2300,228,156,-178,5026,HUNGRY
2227,1927,1799,1681,1684,-12720,2088,232,439,219,4166,HUNGRY
2253,1937,1727,1801,1763,-13924,1492,216,391,-2,2621,HUNGRY
2167,1889,1816,1882,1611,-14540,1024,656,-126,-1732,875,HUNGRY
2246,1920,1724,1767,1744,-14604,-28,68,-343,-2141,-400,HUNGRY
2352,1947,1753,1858,1722,-14136,-924,388,-347,-192,-1042,HUNGRY
2268,1901,1798,1898,1712,-15160,-1252,244,-460,1763,-1367,HUNGRY
2324,1836,1799,1918,1718,-15980,-1840,160,-361,1353,-2618,HUNGRY
2187,1856,1658,1782,1589,-17452,-2492,-152,-244,-396,-4090,HUNGRY
2347,1854,1763,1808,1712,-17836,-2872,-408,-461,-1840,-4720,HUNGRY
2313,1908,1853,1742,1725,-16324,-2800,136,-385,-354,-4211,HUNGRY
2255,1904,1749,1776,1767,-16952,-2660,100,5,2395,-3358,HUNGRY
2201,1985,1724,1904,1781,-18396,-2332,-332,460,2121,-3246,HUNGRY
2411,1956,1802,1491,1953,-18332,-1988,132,782,670,-3595,HUNGRY
2304,1863,1829,1776,1789,-17916,-1748,372,1025,384,-3434,HUNGRY
2353,1979,1858,1805,1857,-18172,-1640,128,1389,632,-2682,HUNGRY
2355,2075,1854,1829,1825,-18104,-1224,40,1830,1380,-1583,HUNGRY
2352,2017,1783,1762,1952,-18140,-524,-4,2059,831,-753,HUNGRY
2313,2204,1837,1666,1695,-17300,124,264,2040,773,-49,HUNGRY
2311,2061,1797,1893,1703,-17208,508,60,2047,615,750,HUNGRY
2370,1909,1891,1725,1685,-17228,1120,0,2160,328,1367,HUNGRY
2231,1921,1710,1886,1786,-17240,1692,200,1889,-235,2203,HUNGRY
2287,1965,1772,1814,1727,-16660,2212,-280,1637,105,3402,HUNGRY
2241,1941,1978,1797,1729,-16256,2808,-124,1578,263,4417,HUNGRY
2365,1859,1899,1872,1765,-16160,3196,-164,1128,513,4925,HUNGRY
2319,1953,1808,1742,1761,-16064,3344,-136,302,160,5399,HUNGRY
2315,1916,1792,1728,1807,-15436,3516,-204,-233,-778,5550,HUNGRY
2127,1991,1774,1839,1886,-13956,3544,296,-556,-1204,5328,HUNGRY
2189,2103,1720,1847,1638,-13112,2952,432,-870,-522,4981,HUNGRY
2242,2011,1744,1778,1778,-12828,2684,340,-1122,-191,3929,HUNGRY
2288,1920,1723,1767,1711,-13652,2184,104,-1263,-1173,2209,HUNGRY
2309,1749,1535,1433,1437,-11428,11096,4016,258,147,-37,DRINK
2236,1719,1461,1494,1385,-11812,11084,3828,68,176,-100,DRINK
2227,1669,1503,1534,1439,-11644,10956,3620,178,30,84,DRINK
2267,1712,1463,1479,1377,-11504,10976,3936,480,-10,132,DRINK
2274,1763,1459,1424,1424,-11264,11044,3940,361,44,118,DRINK
2191,1729,1470,1519,1458,-11436,11080,3876,251,263,56,DRINK
2301,1681,1535,1463,1519,-11556,10964,3664,252,83,92,DRINK
2247,1743,1616,1483,1588,-11436,10900,3800,407,-9,85,DRINK
2066,1840,1395,1489,1351,-11352,11200,3832,366,-13,19,DRINK
2165,1781,1469,1592,1264,-11356,11140,3772,246,16,-8,DRINK
2276,1745,1567,1469,1463,-11528,10948,3828,216,194,-16,DRINK
2278,1672,1482,1534,1411,-11592,10808,3832,320,245,-26,DRINK
2166,1776,1492,1577,1392,-11632,10968,3940,420,-67,86,DRINK
2247,1726,1501,1532,1358,-11388,11052,3924,371,-64,84,DRINK
2085,1925,1367,1437,1498,-11276,10964,3832,291,132,-29,DRINK
2219,1786,1499,1535,1456,-11352,10844,3728,350,57,-178,DRINK
2252,1734,1501,1525,1469,-11416,11020,3816,358,-115,-276,DRINK
2291,1776,1535,1475,1648,-11276,11016,3828,304,-124,-307,DRINK
2077,1855,1411,1535,1295,-11476,11092,3952,263,-8,-545,DRINK
2209,1679,1448,1707,1358,-11600,11272,4004,0,134,-351,DRINK
2263,1707,1503,1474,1511,-11864,11092,3776,-2,13,-204,DRINK
2161,1650,1493,1477,1489,-12156,11124,3888,-176,-415,127,DRINK
2263,1699,1527,1533,1456,-12028,11020,4140,-403,-633,800,DRINK
2194,1712,1415,1410,1302,-12480,10956,3944,-443,-1543,2373,DRINK
2133,1826,1392,1346,1445,-12044,10956,4292,-228,-2412,4428,DRINK
2165,1688,1360,1473,1382,-12144,10636,3744,13,-3009,6695,DRINK
2215,1613,1430,1331,1411,-12600,10296,3728,922,-5892,10889,DRINK
2245,1591,1454,1317,1510,-13244,11012,3272,1339,-10567,15490,DRINK
1968,1654,1183,1200,1233,-11360,11460,3700,1137,-16088,17345,DRINK
2071,1520,1207,1414,1203,-8908,12564,4556,1740,-18125,16275,DRINK
2175,1518,1331,1212,1363,-5244,13620,6196,2360,-15153,13465,DRINK
2081,1605,1213,1173,1267,-4788,13652,6560,985,-11021,13633,DRINK
2068,1535,1207,1263,1344,-6216,14712,5980,865,-8772,11065,DRINK
2133,1534,1256,1264,1287,-3920,14576,6608,1191,-6529,6591,DRINK
1943,1693,1144,1265,1359,-3044,14656,6828,1245,-3190,3343,DRINK
2039,1576,1244,1314,1362,-3736,14824,6424,1114,-359,512,DRINK
2198,1588,1311,1315,1435,-3656,15008,6844,406,2310,-2287,DRINK
2090,1586,1323,1271,1493,-3380,14848,6872,-22,7826,-6236,DRINK
1975,1613,1203,1273,1259,-2424,15104,7912,215,15717,-12707,DRINK
2039,1584,1184,1330,1151,-3560,14576,7288,-429,24078,-19155,DRINK
2209,1513,1339,1237,1308,-8096,13240,5096,-913,27401,-23595,DRINK
2160,1603,1324,1318,1299,-10320,11564,4128,-976,23407,-23835,DRINK
2085,1608,1296,1377,1279,-12408,10584,2824,-594,17251,-22242,DRINK
2173,1523,1271,1245,1152,-11128,9804,3012,-1186,14180,-17635,DRINK
2225,1514,1215,1307,1040,-13512,9396,1744,-2133,10849,-11324,DRINK
2118,1559,1175,1226,1181,-14472,9304,1236,-2366,7336,-7998,DRINK
2141,1502,1313,1200,1236,-14260,9100,1588,-1401,4341,-6205,DRINK
2047,1535,1232,1206,1303,-14000,8756,1176,-383,1441,-3138,DRINK
2070,1584,1199,1264,1087,-14624,8748,1360,877,-1428,-433,DRINK
2286,1417,1343,1267,1054,-14372,9172,1852,1248,-4542,1828,DRINK
2119,1487,1230,1134,1230,-13256,9184,2124,1083,-5985,5651,DRINK
2032,1457,1200,1179,1136,-13448,9936,2364,321,-6783,8700,DRINK
2075,1522,1235,1199,1135,-11852,9744,2980,-893,-6574,12061,DRINK
2138,1474,1322,1189,1232,-12604,10296,2900,-2048,-5773,19291,DRINK
2131,1602,1326,1378,1257,-14332,9360,1616,-1343,-8516,21908,DRINK
2221,1553,1345,1303,1257,-12384,9812,2464,65,-14545,24960,DRINK
2140,1561,1274,1204,1377,-12360,11204,1828,901,-23469,28644,DRINK
2116,1616,1256,1329,1257,-9824,12676,2284,2099,-31802,26797,DRINK
2193,1584,1311,1445,1455,-2924,14328,4672,1788,-32768,24261,DRINK
2171,1570,1427,1208,1525,188,15764,6064,730,-29873,18077,DRINK
2076,1558,1237,1236,1459,4020,15784,7720,8,-18516,9392,DRINK
2066,1489,1236,1260,1317,4848,15116,8944,-900,-4335,4397,DRINK
2095,1511,1369,1286,1394,176,15000,7496,-905,4181,511,DRINK
2108,1478,1266,1315,1563,-3004,15076,6848,-1060,4982,-2493,DRINK
2032,1503,1212,1357,1482,-3340,15084,7032,-759,4799,-5728,DRINK
2174,1447,1274,1283,1490,-764,15340,8512,918,10583,-11712,DRINK
2106,1535,1287,1255,1451,1100,16236,9720,1460,24169,-19643,DRINK
2110,1666,1205,1335,1243,-3580,15288,6484,579,32767,-27373,DRINK
2154,1485,1274,1446,1376,-6876,13868,4844,-596,30764,-31397,DRINK
2242,1589,1511,1223,1428,-6280,10884,4012,-930,27228,-30780,DRINK
2086,1535,1186,1145,1226,-9400,10520,3416,-2699,25327,-28716,DRINK
2096,1425,1214,1163,1106,-12392,8632,1080,-4803,21041,-22301,DRINK
2079,1365,1218,1136,1120,-15460,8152,276,-5433,14908,-16331,DRINK
2006,1425,1280,1234,1218,-15720,6436,-340,-4066,8948,-11402,DRINK
2064,1488,1155,1173,1173,-16856,7176,180,-1852,4033,-6902,DRINK
2167,1333,1232,1110,1185,-16272,7936,1124,-280,1401,-4025,DRINK
2033,1476,1270,1089,1156,-15692,8396,1496,-514,-1540,-378,DRINK
2063,1429,1211,1250,1059,-15764,8588,2116,-139,-3862,3479,DRINK
2062,1371,1243,1171,1109,-15248,8380,1824,687,-6486,8130,DRINK
1943,1455,1068,1120,1215,-13968,8684,2040,829,-9184,12912,DRINK
2087,1603,1184,1102,1065,-13344,10312,3192,202,-10017,18273,DRINK
2062,1520,1175,1107,1118,-12584,10684,4296,-1749,-9337,22833,DRINK
2099,1528,1162,1188,1221,-13416,10660,3492,-1791,-10514,23572,DRINK
2165,1498,1359,1198,1326,-12880,11916,3688,-841,-14031,21539,DRINK
2144,1633,1234,1335,1331,-10040,11844,3376,-381,-19848,21621,DRINK
2314,1589,1502,1251,1522,-8832,12080,3540,125,-25629,24561,DRINK
2179,1638,1377,1371,1477,-6704,12456,3896,1258,-30842,23306,DRINK
2229,1679,1325,1432,1458,-956,12968,5628,828,-31302,20264,DRINK
2160,1502,1389,1487,1530,188,14160,6408,-451,-26002,19170,DRINK
2140,1595,1371,1361,1689,1140,14032,6076,240,-20830,14030,DRINK
2174,1571,1381,1466,1535,3628,14852,7928,65,-14267,7198,DRINK
2155,1574,1381,1360,1503,4768,14876,8608,-1561,-3861,3126,DRINK
2125,1527,1323,1387,1504,1896,14060,7532,-2002,4796,-1986,DRINK
2220,1616,1454,1535,1661,800,13864,7500,-878,9655,-7815,DRINK
2192,1728,1351,1419,1614,52,13704,7792,1176,15060,-13859,DRINK
2129,1535,1375,1489,1599,-1228,13928,8368,2131,19963,-17989,DRINK
2112,1631,1315,1389,1555,-1592,13712,8168,834,24780,-19902,DRINK
2135,1703,1247,1457,1434,-4664,14152,6872,-1062,29122,-20855,DRINK
2151,1663,1324,1453,1403,-5924,12464,5084,-1135,31782,-22813,DRINK
2188,1513,1443,1173,1447,-10700,10404,824,1274,27958,-22218,DRINK
2099,1505,1334,1211,1352,-10936,11336,4544,605,19858,-20369,DRINK
2131,1533,1338,1343,1326,-11432,11640,2996,-2227,14806,-12052,DRINK
2097,1530,1278,1338,1289,-14492,11320,3092,-1792,13117,-11898,DRINK
2164,1578,1491,1328,1313,-14680,11256,2848,-427,9396,-12882,DRINK
2115,1648,1262,1225,1264,-13860,10560,3044,657,4661,-9513,DRINK
2202,1431,1266,1314,1270,-13588,10316,3168,-36,2257,-2049,DRINK
2147,1584,1315,1278,1246,-14848,10148,2640,778,1181,-1196,DRINK
2096,1630,1265,1327,1174,-15172,10464,2576,1416,-1673,-494,DRINK
2144,1520,1293,1406,1286,-14604,10012,2220,2000,-6412,3185,DRINK
2267,1661,1452,1211,1411,-13312,9812,2324,1896,-11474,10186,DRINK
2150,1526,1405,1195,1354,-14120,9572,2308,2788,-15703,15537,DRINK
2128,1558,1282,1239,1278,-12688,11072,3436,4061,-18384,16865,DRINK
2160,1491,1318,1296,1278,-11200,11048,3216,3743,-21048,18905,DRINK
2131,1525,1363,1292,1459,-10288,11072,3524,3141,-25964,23674,DRINK
2118,1638,1234,1397,1352,-8224,11464,3660,3154,-29813,27168,DRINK
2157,1616,1403,1353,1598,-4228,12296,4996,3193,-30977,26956,DRINK
2182,1600,1363,1397,1535,-2476,14788,5488,2325,-28344,23402,DRINK
2126,1535,1463,1489,1607,916,15668,6312,513,-21999,16010,DRINK
2221,1451,1434,1328,1698,4188,14860,7312,-210,-11786,8289,DRINK
2100,1651,1328,1456,1797,3820,14504,7560,-614,-1621,2919,DRINK
2061,1728,1296,1447,1636,1364,14156,6772,-920,5018,-1571,DRINK
2113,1574,1344,1423,1602,-552,13744,6200,-915,6149,-4863,DRINK
2111,1620,1415,1469,1645,-1560,13396,6260,-433,5817,-7493,DRINK
2129,1591,1419,1424,1746,-1124,13768,7100,-72,7323,-10525,DRINK
2086,1570,1319,1471,1482,-312,14748,8516,-933,13365,-13947,DRINK
2109,1515,1299,1344,1453,-2148,13840,7444,-880,19625,-17737,DRINK
2128,1600,1333,1328,1474,-3972,13420,6704,-337,21684,-18513,DRINK
2128,1520,1209,1296,1360,-6992,12624,5608,1148,20594,-19661,DRINK
2131,1458,1371,1010,1341,-7920,13316,5736,1856,18603,-21712,DRINK
1958,1600,1111,1182,1121,-8508,13148,5484,-226,18683,-19941,DRINK
2030,1426,1159,1279,1100,-9476,10952,4128,-1879,18526,-17514,DRINK
1988,1410,1173,1049,1159,-12596,10296,3132,-1438,17066,-13675,DRINK
2036,1411,1245,1057,1137,-14924,11124,2664,-1151,11335,-11232,DRINK
2073,1514,1182,1101,1155,-14640,10892,3076,-869,5628,-9118,DRINK
2010,1504,1136,1214,1154,-13856,10204,3064,-541,2619,-6034,DRINK
1985,1535,1121,1104,1136,-14084,10100,3140,-241,962,-1159,DRINK
2024,1486,1167,1168,1219,-15640,10388,3048,-91,-2341,3304,DRINK
2122,1441,1284,1077,1279,-16072,9736,2448,392,-7929,8115,DRINK
1974,1503,1118,1168,1328,-16228,9972,2256,1723,-15300,12095,DRINK
2064,1533,1219,1376,1164,-13680,10332,2984,2918,-21839,15544,DRINK
2103,1432,1243,1065,1073,-10608,10732,4024,4163,-25087,18457,DRINK
2097,1472,1213,1173,1211,-8124,11844,5728,4400,-24789,21248,DRINK
2042,1486,1185,1157,1152,-6572,12660,6400,3619,-21838,22564,DRINK
2080,1441,1179,1190,1185,-6212,13424,6020,3169,-20667,21403,DRINK
2118,1425,1291,1203,1298,-4752,12884,5904,2820,-21832,21583,DRINK
2110,1532,1254,1335,1225,-2992,14232,6232,2546,-22464,21168,DRINK
2064,1517,1296,1277,1459,972,15156,6972,1621,-18739,16474,DRINK
2081,1580,1270,1386,1553,2920,15336,7792,967,-10422,9959,DRINK
1978,1610,1220,1357,1466,4088,14556,7560,724,-1538,4641,DRINK
2143,1535,1359,1467,1431,1748,14516,6628,471,3920,492,DRINK
2177,1466,1456,1361,1450,1124,14860,6896,145,6087,-4388,DRINK
2141,1583,1327,1307,1447,2336,14848,7616,193,12213,-10538,DRINK
2065,1559,1312,1371,1488,1776,14400,7832,664,21859,-18069,DRINK
2060,1568,1218,1329,1349,-1584,13936,6352,740,26427,-22995,DRINK
2193,1447,1342,1313,1458,-5116,13032,5760,429,25052,-25375,DRINK
2097,1563,1232,1361,1170,-5900,12536,5572,403,23684,-25902,DRINK
2096,1491,1189,1182,1226,-8296,11716,4264,500,23566,-26348,DRINK
2067,1503,1216,1107,1289,-9268,11156,3724,-1085,21422,-25111,DRINK
2000,1521,1104,1184,1092,-11320,11180,3776,-3290,18646,-20984,DRINK
2068,1398,1121,1205,1104,-12380,9424,2940,-3539,17549,-18464,DRINK
2134,1401,1328,1074,1307,-14096,9260,2164,-2624,15777,-15249,DRINK
2033,1443,1159,1134,1173,-16084,9664,2132,-1317,10562,-13042,DRINK
2009,1445,1111,1137,1113,-15164,9292,2396,-789,6897,-11961,DRINK
2121,1502,1200,1095,1057,-13540,8848,2756,-1065,7318,-9744,DRINK
2109,1432,1168,1091,1155,-16400,8348,2448,-1330,7199,-7121,DRINK
2067,1463,1203,1179,1146,-16228,7904,1240,-380,4243,-6959,DRINK
2139,1489,1212,1109,1143,-15308,7624,1448,28,2179,-5189,DRINK
2122,1514,1177,1119,1095,-16732,7056,960,849,-509,393,DRINK
2143,1426,1232,1250,1049,-16348,7064,924,1175,-4531,5153,DRINK
2160,1376,1302,964,1238,-15892,6208,388,1727,-7659,13530,DRINK
2127,1475,1087,1052,1089,-17468,5788,-104,3220,-13499,22072,DRINK
2029,1459,1121,1088,1050,-18900,8200,1640,4253,-22857,27291,DRINK
2045,1395,1104,1214,1083,-13420,7676,1268,3246,-30369,32767,DRINK
2148,1439,1205,1217,1287,-13008,8264,432,2192,-32768,32767,DRINK
2090,1554,1284,1215,1378,-9168,10052,828,3561,-32768,32767,DRINK
2249,1351,1392,1343,1371,-656,12120,3424,3066,-32768,32767,DRINK
2160,1520,1381,1355,1625,5908,16232,5916,897,-32768,30710,DRINK
2133,1637,1291,1450,1601,7956,17000,7400,-948,-23350,17403,DRINK
2106,1680,1325,1462,1558,9448,16160,8776,-2433,-4869,4903,DRINK
2145,1418,1352,1366,1655,7216,13952,8512,-1875,10054,-2185,DRINK
2209,1511,1418,1342,1838,1132,13932,7204,-1367,15054,-4549,DRINK
2060,1564,1327,1458,1617,-2612,14008,6592,-1147,11357,-5630,DRINK
2157,1535,1319,1402,1637,-3468,13388,7036,-282,5978,-6365,DRINK
2093,1609,1328,1461,1616,-188,14164,9020,729,5966,-7401,DRINK
2128,1509,1411,1473,1680,888,15748,9792,48,15227,-9940,DRINK
2091,1677,1290,1671,1416,-2064,14832,7744,-664,21507,-13308,DRINK
2214,1582,1437,1520,1613,-5160,14824,6116,-432,20065,-14902,DRINK
2144,1602,1328,1403,1613,-3976,14424,6480,524,19792,-19485,DRINK
2043,1700,1182,1405,1329,-1664,14080,6932,527,25596,-22840,DRINK
2097,1567,1291,1307,1247,-5216,12812,4632,-1156,29756,-24335,DRINK
2271,1360,1454,1175,1185,-9696,11888,4312,-3012,27434,-24607,DRINK
2085,1457,1183,1089,1229,-11156,10260,3392,-3514,22699,-22732,DRINK
1997,1492,1199,1085,1150,-13664,8916,2944,-3102,17634,-22005,DRINK
2018,1521,1105,1104,1054,-13860,8900,2700,-1428,14119,-15229,DRINK
2126,1358,1182,1074,1136,-15444,8648,2088,-941,8517,-9934,DRINK
2067,1582,1072,1258,961,-15028,8612,2180,222,5395,-7416,DRINK
2044,1421,1155,1157,1133,-15424,8740,2456,686,3633,-5663,DRINK
2134,1425,1216,1138,1190,-15872,8596,2296,476,1271,-2799,DRINK
1946,1461,1113,1155,1056,-16248,8076,1900,1066,-2506,-195,DRINK
2105,1520,1200,1262,1079,-14712,8592,3004,2312,-3885,928,DRINK
2259,1328,1435,1128,1023,-14032,9344,3612,2278,-3062,1397,DRINK
2015,1431,1187,1099,1154,-14380,9448,3336,1383,-2972,2407,DRINK
2108,1390,1200,1186,1158,-14680,8808,2996,1565,-4301,2727,DRINK
1953,1389,1113,1136,1092,-14060,8840,3020,2435,-5279,3483,DRINK
2029,1471,1151,1088,1023,-14088,8600,2876,3266,-7182,6054,DRINK
2054,1520,983,992,1021,-13360,9140,3260,3244,-9372,10067,DRINK
2064,1520,1161,1141,1136,-13024,9224,3224,2279,-11083,17163,DRINK
2149,1445,1296,1046,1212,-16368,7812,1468,3322,-18932,24504,DRINK
2119,1523,1199,1123,1386,-12376,9264,2352,4465,-28720,28870,DRINK
1977,1535,1005,1148,1154,-7492,10528,4920,4074,-31339,28326,DRINK
2002,1399,1147,1424,962,-2064,12684,6984,3597,-21899,26125,DRINK
2139,1510,1307,1266,1255,-2536,15364,6736,2066,-12464,20504,DRINK
2062,1493,1214,1160,1313,-2184,15668,6432,395,-6756,12273,DRINK
2069,1533,1237,1359,1248,-120,14800,6764,-721,-2214,6693,DRINK
2035,1566,1316,1461,1232,-988,13852,5920,-568,1441,3017,DRINK
2071,1456,1168,1165,1457,-2212,13828,5644,681,4238,-899,DRINK
2026,1535,1221,1311,1359,-2756,14604,5896,871,5264,-4917,DRINK
2119,1587,1258,1312,1342,-2652,15104,6652,175,7354,-9372,DRINK
2138,1489,1408,1207,1535,-1860,15004,7360,-1009,12611,-14138,DRINK
1867,1602,1120,1243,1297,-3936,14092,6688,-1600,18187,-17639,DRINK
2058,1362,1138,1229,1100,-8292,12884,4720,-395,17875,-20323,DRINK
2159,1392,1180,1088,1211,-9632,12912,5072,1398,13064,-22870,DRINK
2052,1461,1162,1085,1189,-6304,12012,6132,-970,14144,-21460,DRINK
2034,1422,1184,1054,1092,-9440,11696,4900,-3838,17265,-17046,DRINK
1985,1466,1140,1104,1098,-13144,9452,2764,-4370,16306,-14652,DRINK
2047,1343,1200,1075,1264,-13976,9372,2452,-3446,11186,-13699,DRINK
1993,1520,1136,1180,1167,-14252,8156,2360,-2300,6474,-7777,DRINK
2102,1472,1226,1107,1109,-14880,8288,2572,-381,3040,-3832,DRINK
2115,1473,1295,1088,1278,-15360,9280,3036,706,363,-2674,DRINK
2000,1527,1191,1118,1279,-14136,9272,3332,907,-2215,-916,DRINK
2046,1535,1189,1271,1056,-13568,9048,3380,1458,-4055,1243,DRINK
2130,1422,1232,1154,1059,-13112,9328,3816,2078,-4817,4189,DRINK
2039,1407,1183,1097,1114,-13624,9684,3480,2419,-6585,7630,DRINK
2009,1404,1178,1076,1130,-12968,9632,3320,2315,-9608,12376,DRINK
2074,1523,1195,1229,1132,-13140,9364,3300,2242,-14083,20006,DRINK
2109,1487,1154,1190,1296,-14600,9168,3068,3030,-21528,25357,DRINK
2068,1535,1264,1089,1253,-11860,10120,3800,3990,-28105,28796,DRINK
2069,1450,1169,1199,1222,-7300,11112,4996,3268,-28674,32416,DRINK
2178,1404,1250,1216,1316,-6532,14284,5320,3238,-28894,30747,DRINK
2176,1450,1375,1186,1526,-1108,15628,6456,2003,-25331,22637,DRINK
2106,1599,1225,1312,1291,5112,15676,8028,122,-14955,15142,DRINK
2042,1680,1279,1444,1437,1804,16132,7460,8,-4411,9110,DRINK
2106,1598,1323,1356,1597,2240,15344,7488,396,1871,1710,DRINK
2189,1508,1403,1399,1597,516,14724,6932,401,4305,-2752,DRINK
2117,1568,1373,1283,1565,-368,14336,6952,690,4138,-5498,DRINK
2138,1573,1293,1403,1442,196,14740,8124,323,6959,-7764,DRINK
2171,1516,1436,1337,1647,-4,14872,8584,-73,14023,-11007,DRINK
2111,1571,1230,1298,1515,-2620,14464,7396,808,19579,-15262,DRINK
2112,1467,1307,1460,1470,-4304,13884,7164,2393,21937,-20036,DRINK
2235,1478,1348,1157,1347,-5584,13672,5608,2632,20890,-21806,DRINK
2034,1586,1136,1109,1128,-6580,13576,4936,1595,19948,-21894,DRINK
1987,1535,991,1119,1091,-8456,12824,4264,183,19391,-21439,DRINK
2070,1465,1187,1104,1154,-9936,11644,3700,-516,17543,-20836,DRINK
2019,1410,1149,1098,1215,-10560,11464,3520,-1981,15665,-18563,DRINK
2142,1488,1207,1015,1175,-12440,10596,2544,-2960,12541,-14391,DRINK
1986,1435,1111,1097,1013,-12272,9964,3008,-3077,10675,-12028,DRINK
2000,1424,1165,1008,1145,-13008,9064,2084,-2002,10429,-9758,DRINK
1994,1363,1186,1121,1115,-15088,9460,1676,-1211,7197,-7284,DRINK
2087,1397,1223,1072,1134,-14700,9236,1752,-680,3936,-5319,DRINK
2137,1447,1232,962,1283,-14772,9148,1988,-369,1300,-3436,DRINK
2023,1616,1079,1211,1044,-15048,8848,1836,-84,-1137,255,DRINK
2143,1441,1092,1216,1005,-15356,8516,1568,1154,-5144,3620,DRINK
2031,1431,1168,1078,1072,-15396,8744,1792,3085,-9303,7403,DRINK
2053,1439,1258,1085,1118,-14196,9428,2740,4212,-13455,10488,DRINK
1996,1488,1150,1070,1179,-11944,10236,3552,3424,-14357,16345,DRINK
2128,1426,1178,1056,1035,-13496,10312,3164,2760,-16348,22414,DRINK
1976,1369,1140,1145,1226,-14204,9620,2848,3732,-22446,25544,DRINK
2106,1487,1233,1147,1201,-11792,10676,3424,5289,-28816,28082,DRINK
2115,1402,1255,1263,1154,-7268,12100,4416,6055,-32300,28531,DRINK
2204,1374,1302,1043,1289,-2680,13192,5184,5350,-30288,28321,DRINK
1986,1600,1091,1246,1154,-1320,14840,4984,4465,-26863,25270,DRINK
2118,1600,1339,1407,1350,1108,15820,5216,3126,-23053,18980,DRINK
2109,1609,1294,1328,1432,4544,15848,6760,1775,-14514,11452,DRINK
2203,1534,1255,1367,1487,4696,15788,6972,981,-3887,4158,DRINK
2107,1491,1333,1338,1627,3296,15676,6604,80,4612,-1828,DRINK
2103,1639,1296,1399,1613,1120,15384,6196,-1096,8511,-5378,DRINK
2288,1471,1456,1351,1488,884,15080,6140,-1557,11646,-9033,DRINK
2155,1600,1304,1421,1535,956,15372,7128,-1605,16658,-13514,DRINK
2101,1635,1253,1406,1559,-564,15108,6716,-1616,23361,-18921,DRINK
2022,1627,1209,1344,1355,-3824,14328,4732,-1501,25018,-22361,DRINK
2115,1488,1200,1293,1191,-4740,13104,4212,-1383,22582,-23937,DRINK
2130,1456,1211,1232,1093,-7204,12980,4288,-1798,20981,-24001,DRINK
2096,1501,1192,1201,1216,-8232,12404,3856,-3073,19959,-20748,DRINK
2037,1471,1125,1075,1114,-11220,10940,2904,-3228,18073,-17709,DRINK
2076,1467,1168,1196,1097,-13212,10904,2452,-2608,13296,-16439,DRINK
2131,1407,1167,1117,1063,-12868,11356,3280,-3179,8984,-13901,DRINK
1987,1628,1072,1109,1063,-12840,11160,3920,-4035,7460,-9788,DRINK
2078,1474,1206,1083,1015,-13232,10112,4292,-3422,8726,-7454,DRINK
2142,1429,1213,1008,1177,-15452,10164,3656,-1928,7238,-5523,DRINK
2057,1370,1233,1039,1219,-16000,10000,3532,-289,1824,-3674,DRINK
2096,1486,1270,1236,1063,-14560,9556,3464,992,-1925,-107,DRINK
2079,1374,1087,1119,1155,-15164,9536,3332,2330,-5915,4041,DRINK
1985,1414,1200,1152,1119,-13852,9412,3300,3583,-9508,8198,DRINK
1975,1391,1200,997,1136,-13332,9688,3180,4439,-12866,13427,DRINK
2001,1463,1270,1022,1200,-13452,9932,2380,4988,-17843,18260,DRINK
1904,1439,1072,1147,1093,-11512,9360,2592,6024,-24051,22007,DRINK
2099,1374,1168,1045,1198,-9956,11100,3724,6758,-28242,25223,DRINK
2094,1535,1169,1190,1214,-6384,12476,5004,5983,-28024,26213,DRINK
2163,1438,1189,1136,1201,-3360,12932,5940,4861,-24527,25551,DRINK
2199,1360,1264,1146,1230,-2812,14032,5780,3886,-20600,25056,DRINK
2102,1519,1232,1234,1413,-1592,14796,5568,2818,-19638,21363,DRINK
2128,1735,1232,1392,1511,1704,15720,6208,1115,-15462,17040,DRINK
2159,1595,1393,1344,1490,2292,16052,6644,-250,-8826,10655,DRINK
2206,1511,1371,1338,1593,3324,15560,6620,-830,-1410,4001,DRINK
2192,1769,1375,1326,1583,2640,15100,6620,-743,5312,-1518,DRINK
2227,1510,1401,1438,1507,1328,15000,6484,-612,8388,-4691,DRINK
2132,1745,1266,1399,1493,1864,15988,7976,-1217,12229,-7877,DRINK
2189,1667,1428,1449,1630,2224,16588,8688,-1776,21651,-14184,DRINK
2183,1497,1395,1462,1587,-416,15576,7420,-1248,30703,-21388,DRINK
2309,1456,1360,1255,1443,-3812,13764,5180,43,32259,-24060,DRINK
2157,1557,1323,1165,1520,-6804,13024,4400,1174,28431,-23963,DRINK
2007,1644,1198,1022,1171,-8996,13124,3920,1322,22714,-23501,DRINK
2144,1534,1232,1168,1108,-9444,13324,4164,-184,19348,-22088,DRINK
2175,1475,1246,1136,1114,-10540,11856,3172,-1779,17704,-18963,DRINK
2130,1476,1251,1215,1216,-12272,10688,1884,-1888,14988,-14773,DRINK
2161,1579,1247,1043,1195,-13656,10352,1996,-1032,10836,-9715,DRINK
2170,1375,1151,1222,1066,-14360,10548,1824,-551,6749,-5574,DRINK
2133,1498,1252,1103,1151,-13932,10464,1908,-426,3715,-3577,DRINK
2077,1616,1184,1168,1099,-13040,10576,2036,-86,2607,-1515,DRINK
2123,1535,1207,1262,1071,-13680,10164,1516,303,222,665,DRINK
2207,1516,1271,1005,1232,-13300,10172,1384,976,-3603,3360,DRINK
2019,1457,1136,1125,1266,-13192,10216,1456,1999,-8193,6184,DRINK
2145,1494,1181,1072,1153,-12796,10504,1804,3210,-13120,8795,DRINK
2108,1473,1152,1082,1167,-10348,10508,2756,4030,-16696,12253,DRINK
2064,1557,1225,1210,1163,-9888,11148,3004,3778,-18254,18890,DRINK
2138,1489,1264,1068,1168,-11656,10712,2448,3626,-23658,22558,DRINK
1910,1648,1082,1173,1196,-10024,11504,3040,4613,-30173,23940,DRINK
2096,1516,1235,1200,1200,-5184,12412,4608,4386,-30786,26215,DRINK
2214,1534,1231,1138,1236,-4084,13880,5196,3760,-28536,25772,DRINK
2213,1522,1334,1091,1424,-1032,15556,5740,2904,-23812,21795,DRINK
2205,1664,1375,1328,1571,2140,16504,6516,1442,-15420,14552,DRINK
2099,1803,1311,1371,1558,3016,16784,6360,-118,-5947,7797,DRINK
2177,1648,1392,1425,1535,2756,16100,6372,-982,2165,1092,DRINK
2183,1572,1399,1468,1562,736,15204,5916,-1178,7082,-3363,DRINK
2178,1591,1430,1360,1535,-932,14832,5992,-955,7638,-5598,DRINK
2078,1588,1337,1520,1425,-656,15268,6840,-1266,7947,-7341,DRINK
2256,1605,1463,1325,1596,-512,15724,7360,-1754,12887,-10289,DRINK
2190,1584,1427,1367,1498,-3300,15896,6564,-1753,17638,-14767,DRINK
2192,1627,1414,1506,1517,-3224,15016,5984,-1586,20328,-18382,DRINK
2195,1730,1232,1303,1200,-5836,15276,5228,-1760,21363,-21736,DRINK
2141,1458,1380,1259,1233,-5804,14748,5396,-3444,20659,-23826,DRINK
2109,1360,1306,1078,1392,-6036,14116,5224,-5966,20905,-24187,DRINK
2062,1535,1235,1227,1186,-8164,10852,4164,-6273,20347,-23116,DRINK
2016,1507,1191,1187,1052,-9620,10020,3836,-4579,20734,-19741,DRINK
2082,1434,1201,1122,1159,-13732,10564,3168,-4207,16899,-14577,DRINK
2151,1408,1265,1199,1117,-16204,9180,2172,-3723,9363,-10235,DRINK
2027,1609,1280,1314,1061,-13832,8180,2384,-2218,3196,-7585,DRINK
2126,1513,1218,1226,1190,-15136,8148,2728,36,1830,-2117,DRINK
2134,1567,1246,1229,1233,-16456,9148,2716,1852,-2468,1571,DRINK
2042,1503,1225,1119,1290,-14944,9316,2904,2865,-7150,5308,DRINK
2041,1639,1191,1255,1005,-14136,9444,2680,3328,-11317,10882,DRINK
2001,1405,1232,1382,913,-12860,9380,2672,3749,-15338,15829,DRINK
2096,1424,1226,1191,1137,-13196,9048,2424,5405,-21387,21533,DRINK
2007,1405,1211,1104,1221,-11248,9632,2948,7016,-29125,25507,DRINK
2019,1481,1235,1113,1266,-6820,10740,4152,7078,-31688,29558,DRINK
2003,1573,1176,1273,1225,-5884,12656,5104,7080,-31751,29878,DRINK
2132,1440,1365,1174,1663,-1772,14672,5624,6480,-28247,24504,DRINK
2133,1669,1401,1409,1646,1840,16868,6584,4769,-20892,18012,DRINK
2146,1694,1487,1601,1664,4012,17268,6944,2076,-10485,10882,DRINK
2135,1705,1435,1633,1584,3384,16560,6996,199,-395,3244,DRINK
2311,1554,1527,1378,1691,1776,15888,6468,-1313,6886,-2154,DRINK
2224,1509,1361,1338,1760,-1144,14904,5744,-1946,8585,-5262,DRINK
2170,1663,1367,1499,1659,-2228,14768,5648,-1813,7994,-6974,DRINK
2151,1607,1388,1521,1659,-1856,14512,7380,-1364,8802,-8687,DRINK
2240,1579,1453,1447,1904,-1832,15316,7912,-1655,15131,-10146,DRINK
2199,1594,1387,1365,1613,-2596,15124,7564,-2180,20938,-13790,DRINK
2180,1403,1407,1425,1507,-6124,15268,6104,-2135,25363,-17218,DRINK
2154,1535,1410,1436,1648,-7120,14160,4412,-1720,24857,-19784,DRINK
2175,1613,1369,1447,1616,-8360,13164,3808,-1977,20674,-20115,DRINK
2069,1659,1264,1422,1209,-8308,12676,4208,-3013,16049,-18986,DRINK
2199,1462,1318,1393,1261,-8236,11668,4448,-3707,15447,-16007,DRINK
2343,1402,1585,1316,1207,-11400,10708,3412,-3232,13336,-12422,DRINK
2134,1577,1296,1220,1227,-13420,10312,2728,-2005,7047,-8592,DRINK
2110,1535,1315,1183,1148,-13380,10144,2768,97,1922,-5914,DRINK
2055,1535,1263,1280,1146,-13036,10016,3184,1116,-1906,-1850,DRINK
2238,1662,1341,1264,1302,-13560,10524,3780,1901,-4237,968,DRINK
2063,1650,1089,1323,1044,-13080,10744,4116,2126,-5507,3231,DRINK
2215,1527,1247,1226,1190,-12784,11172,4056,2323,-6495,5491,DRINK
2160,1473,1247,1226,1264,-12280,11144,4500,2320,-8465,7635,DRINK
2013,1619,1088,1154,1250,-11960,10708,4216,3047,-10526,11958,DRINK
2157,1677,1271,1327,1179,-11640,10600,3916,4203,-14393,16770,DRINK
2084,1522,1251,1259,1168,-11744,11340,3784,6287,-21699,19397,DRINK
2144,1477,1328,1227,1382,-7236,11144,4192,6648,-25552,24366,DRINK
2156,1535,1297,1230,1506,-6772,11968,4152,7138,-28916,26193,DRINK
2177,1603,1379,1440,1666,-2920,13844,4512,6203,-29053,26601,DRINK
2144,1650,1251,1553,1512,908,15540,6336,2515,-22839,23090,DRINK
2073,1899,1193,1497,1697,164,17136,5788,1222,-15756,16986,DRINK
2115,1701,1393,1535,1778,3848,16556,6172,-59,-7793,8220,DRINK
2202,1649,1509,1600,1789,4416,16140,6560,-872,843,1223,DRINK
2177,1760,1568,1498,1899,2364,15596,6088,-1883,7243,-3769,DRINK
2064,1769,1283,1530,1728,1228,15128,6468,-2418,10483,-6800,DRINK
2107,1603,1307,1700,1456,808,15156,7172,-2041,15338,-10842,DRINK
2215,1616,1414,1466,1708,-1048,15984,6560,-1223,21847,-16434,DRINK
2134,1665,1360,1371,1727,-2256,14952,6864,-540,23752,-19985,DRINK
2147,1648,1445,1447,1667,-5440,13960,5832,-470,23543,-18180,DRINK
2127,1633,1358,1485,1680,-7732,12664,4888,1063,19059,-16478,DRINK
2115,1717,1403,1279,1808,-8828,13088,4556,3574,14389,-16379,DRINK
2273,1527,1475,1394,1589,-7852,14568,5316,3537,11984,-17892,DRINK
2183,1637,1378,1350,1474,-6608,14300,4984,-20,13030,-15603,DRINK
2127,1691,1290,1415,1247,-10336,12452,3500,-1667,14158,-12216,DRINK
2171,1392,1354,1345,1317,-11536,11692,2600,-1234,11865,-11049,DRINK
2143,1535,1433,1107,1521,-13084,11292,1980,-345,6701,-8686,DRINK
2087,1535,1224,1147,1248,-10592,11236,3180,117,3226,-6341,DRINK
2133,1520,1200,1190,1095,-12100,11468,2932,-321,4082,-2785,DRINK
2032,1514,1227,1182,1114,-13248,11152,2288,-675,1645,-1884,DRINK
2180,1506,1331,1207,1290,-12820,10812,2204,-429,-1289,202,DRINK
2064,1578,1245,1284,1175,-12812,10368,2136,614,-4731,2817,DRINK
2223,1356,1231,1185,1253,-11612,10884,3068,1509,-7947,5815,DRINK
2160,1466,1175,1196,1335,-12684,10800,2640,2121,-11021,9771,DRINK
2107,1618,1200,1243,1200,-10864,11220,2924,2104,-15302,13817,DRINK
2068,1633,1249,1424,1203,-11088,11348,3228,2068,-20583,19582,DRINK
2159,1533,1452,1392,1393,-11148,11216,2768,2509,-26887,24902,DRINK
2256,1613,1472,1392,1599,-6988,12732,4048,3846,-32768,23198,DRINK
2115,1622,1360,1471,1636,-400,14588,5956,2115,-28467,22346,DRINK
2139,1577,1380,1533,1689,-1120,15428,6156,1070,-20931,18781,DRINK
2187,1565,1355,1473,1649,1036,15776,6596,337,-12917,12672,DRINK
2243,1535,1535,1565,1755,2052,15732,7056,-405,-4603,6800,DRINK
2039,1723,1395,1616,1767,640,16132,7288,-1001,1810,1192,DRINK
2206,1637,1403,1564,1751,-420,15772,6824,-1769,6339,-3369,DRINK
2269,1671,1521,1466,1763,348,15200,7384,-1868,9983,-7743,DRINK
2057,1600,1386,1399,1918,200,15432,8004,-1055,17912,-13357,DRINK
2198,1575,1279,1730,1584,-2144,14980,7364,-191,23455,-18191,DRINK
2121,1510,1450,1442,1724,-5044,14740,6188,230,23438,-21207,DRINK
2150,1660,1340,1470,1686,-6176,13976,5152,93,21800,-22584,DRINK
2134,1590,1400,1347,1640,-8508,13244,4096,-877,17870,-22747,DRINK
2047,1712,1510,1501,1653,-10040,13012,5080,-2199,13721,-21971,DRINK
2140,1785,1481,1455,1328,-8236,11620,4652,-3808,12957,-18616,DRINK
2105,1653,1584,1375,1483,-11436,10212,3816,-4021,12998,-12345,DRINK
2159,1727,1416,1516,1557,-13956,9740,3448,-3042,9994,-9963,DRINK
2240,1636,1506,1509,1337,-13832,9524,3536,-1765,6876,-7457,DRINK
2222,1535,1375,1437,1357,-13508,8044,2888,-406,3784,-3882,DRINK
2334,1618,1600,1261,1575,-14696,9288,2712,907,583,-807,DRINK
2174,1751,1367,1430,1357,-14304,9580,2784,1520,-3379,2935,DRINK
2217,1584,1417,1418,1427,-13212,9128,2652,2562,-6443,7009,DRINK
2185,1472,1451,1492,1346,-14708,10160,2824,4123,-11483,8864,DRINK
2107,1520,1520,1434,1408,-11896,10184,3436,4849,-16051,12313,DRINK
2168,1632,1323,1438,1394,-10520,9800,3416,6406,-20471,17390,DRINK
2256,1471,1586,1441,1558,-8928,10040,4476,6619,-21723,26016,DRINK
2139,1616,1466,1424,1662,-10736,11728,3392,6301,-25556,30797,DRINK
2210,1741,1530,1714,1689,-7336,14984,4792,5016,-32095,23426,DRINK
2169,1426,1439,1655,1775,3356,14828,7032,2571,-21012,18555,DRINK
2304,1662,1575,1393,1808,-272,15932,6092,1676,-10623,12604,DRINK
2269,1505,1572,1444,1804,1144,16568,6128,907,-4042,5390,DRINK
2151,1659,1425,1521,1694,1556,16180,6564,-1353,1610,-1263,DRINK
2199,1622,1408,1517,1760,904,14492,6396,-2404,5715,-5504,DRINK
2140,1712,1326,1620,1645,-976,14492,6372,-2794,9875,-8135,DRINK
2225,1628,1558,1739,1834,-2852,14912,6280,-3394,12723,-12117,DRINK
2203,1843,1616,1919,1925,-3672,14616,7260,-3845,13672,-16500,DRINK
2263,1755,1744,1815,2027,-5184,14280,7024,-5106,17038,-15839,DRINK
2342,1919,1864,1742,2041,-7580,12472,5864,-4490,17271,-18562,DRINK
2121,1773,1629,1744,1959,-10452,12788,5108,-3110,14395,-18120,DRINK
2317,1716,1583,1791,1670,-6352,12204,5844,-2925,14326,-15955,DRINK
2313,1627,1563,1565,1609,-11556,11280,5072,-4617,14949,-11454,DRINK
2217,1655,1535,1601,1473,-12348,11164,4848,-4720,12993,-10539,DRINK
2169,1671,1461,1535,1428,-13452,10948,4124,-4563,10214,-8547,DRINK
2138,1709,1471,1566,1557,-11316,9436,4124,-3127,5780,-5500,DRINK
2187,1573,1473,1504,1387,-13724,10000,4604,-1306,2975,-894,DRINK
2170,1711,1479,1528,1482,-13884,10264,4860,-483,-336,2957,DRINK
2233,1695,1535,1493,1474,-15156,9720,3988,738,-5628,5861,DRINK
2237,1601,1520,1535,1502,-12208,9704,4432,2703,-10820,8861,DRINK
2267,1520,1456,1426,1381,-11796,9924,4888,4658,-14420,13536,DRINK
2021,1669,1237,1355,1486,-10460,9852,5272,5011,-17309,20775,DRINK
2059,1776,1191,1203,1438,-10544,10532,5036,5800,-21927,26277,DRINK
2138,1535,1365,1351,1511,-8428,11180,4668,6008,-26557,30257,DRINK
2038,1583,1461,1458,1571,-5536,13280,4956,6418,-27984,27967,DRINK
2211,1531,1367,1274,1600,648,16336,7156,5435,-24044,18206,DRINK
2183,1641,1282,1584,1616,5160,16968,7604,3060,-10936,10781,DRINK
2256,1643,1457,1457,1853,3916,16316,7316,800,1361,3540,DRINK
2178,1683,1479,1494,1679,408,15580,6564,-688,8148,-998,DRINK
2203,1643,1504,1655,1697,-616,14576,6256,-514,7448,-5181,DRINK
2191,1503,1428,1615,1668,688,15012,7436,208,10165,-8555,DRINK
2260,1618,1458,1269,1745,680,15912,8600,435,18312,-15308,DRINK
2160,1639,1414,1366,1633,-3716,15136,6792,537,22610,-21099,DRINK
2070,1455,1420,1426,1627,-6844,14388,5564,843,18971,-25405,DRINK
2121,1535,1328,1293,1348,-7392,13996,5372,-203,13575,-26948,DRINK
2108,1460,1282,1239,1164,-6912,12816,5928,-1453,12846,-27317,DRINK
2079,1456,1259,1061,1168,-6892,11392,5272,-3595,15574,-24951,DRINK
2096,1367,1218,1131,1087,-10188,8800,3348,-4207,17275,-18577,DRINK
2093,1462,1200,1141,1171,-15436,8432,2224,-3150,13350,-12984,DRINK
2081,1485,1127,1193,1117,-15600,8272,1752,-2046,6138,-9366,DRINK
2004,1461,1159,1252,997,-14808,8564,2868,-1310,2096,-6507,DRINK
2150,1488,1379,1008,1210,-14020,8464,3128,-430,1940,-2155,DRINK
1962,1418,1280,1046,1360,-15524,9024,3080,563,320,779,DRINK
2086,1473,1195,1150,1105,-14616,9552,3352,1178,-2644,2830,DRINK
1939,1439,1165,1093,1150,-13596,9228,3568,2132,-5863,5366,DRINK
1995,1483,1194,1131,1008,-12180,9344,3780,2745,-7945,9748,DRINK
2023,1477,1297,1111,1127,-12052,9560,3880,2341,-8132,15784,DRINK
2091,1518,1077,1259,1110,-13276,9772,3252,2219,-11427,22257,DRINK
2055,1504,1302,1157,1182,-13056,10112,3552,2001,-17063,27967,DRINK
2112,1563,1232,1201,1360,-10164,11104,3996,-293,-19325,31142,DRINK
2209,1519,1322,1163,1456,-9688,12284,3520,615,-23510,30057,DRINK
2112,1764,1209,1290,1275,-4868,13876,4668,1711,-25847,24228,DRINK
2113,1557,1315,1354,1343,2548,14124,6472,894,-20413,19209,DRINK
2091,1535,1366,1329,1502,1624,15952,6884,669,-12883,13626,DRINK
2044,1601,1299,1376,1535,3432,16280,7860,-89,-4315,3751,DRINK
2102,1599,1392,1470,1578,1940,15528,7500,-486,3407,-3166,DRINK
2188,1557,1392,1430,1606,756,14508,7552,-906,6341,-6660,DRINK
2047,1750,1270,1333,1579,-1048,14536,7884,-1943,10017,-6322,DRINK
2117,1664,1413,1475,1655,-3660,14404,7756,-2094,11298,-7952,DRINK
2288,1614,1440,1349,1601,-4632,14624,7708,-1006,14782,-12562,DRINK
2202,1648,1168,1077,1069,-4916,4372,-15420,568,329,117,COME
2247,1635,1230,1053,1080,-5188,4452,-15560,557,364,169,COME
2228,1530,1307,1015,1106,-5108,4428,-15484,598,71,162,COME
2210,1757,1232,1135,880,-4900,4560,-15452,460,16,116,COME
2192,1871,1204,1040,913,-5100,4612,-15516,120,86,18,COME
2246,1519,1330,1049,1104,-4840,3948,-16032,-173,129,241,COME
2214,1469,1221,1057,1046,-4844,4376,-15504,683,34,106,COME
2244,1576,1254,1104,1011,-4880,4764,-15120,681,268,85,COME
2275,1535,1207,1069,938,-4992,4428,-15300,363,89,98,COME
2234,1616,1357,820,1385,-5040,4488,-15328,85,-171,70,COME
2370,1680,1360,1232,1067,-4976,4040,-15508,-96,-58,205,COME
2250,1713,1328,1238,1123,-5068,4472,-15348,123,155,179,COME
2180,1699,1305,1168,1318,-4960,4232,-15312,243,214,231,COME
2311,1588,1401,1049,1054,-4988,4036,-15596,640,265,142,COME
2159,1522,1023,1424,881,-5120,4436,-15440,731,506,242,COME
2185,1676,1195,1035,1033,-4884,4672,-15032,1160,1314,138,COME
2238,1601,1255,1045,1104,-4836,4344,-14932,1347,1550,-16,COME
2224,1601,1207,1094,966,-5152,4188,-15356,1544,503,80,COME
2127,1630,1216,1008,1102,-3992,4208,-14920,1489,814,320,COME
2322,1722,1309,1424,721,-4888,4660,-15396,688,1522,212,COME
2272,1749,1317,1022,1092,-5296,4148,-16184,144,-216,211,COME
2355,1625,1343,1203,1111,-4620,4276,-15796,752,-167,204,COME
2279,1633,1303,1263,1120,-4536,4228,-15640,789,93,142,COME
2231,1680,1174,1172,1188,-4288,4172,-15420,1027,623,22,COME
2125,1561,1359,926,1461,-4952,4236,-15656,811,524,56,COME
2316,1610,1362,1117,1015,-4652,4148,-15460,433,136,-62,COME
2268,1637,1291,1154,1037,-4700,3748,-16004,355,-310,176,COME
2213,1693,1289,1091,1068,-4660,3984,-15828,684,20,43,COME
2293,1618,1340,1068,1042,-4676,4340,-15428,708,374,28,COME
2309,1693,1280,953,1297,-4960,4340,-15632,319,-5,-81,COME
2299,1744,1248,1151,976,-4812,3956,-15956,-403,-359,178,COME
2336,1731,1259,1207,1110,-4736,3832,-15968,-505,-205,234,COME
2224,1808,1445,1079,1251,-4736,4168,-15660,34,-308,82,COME
2390,1535,1394,1171,1152,-4696,4624,-15420,-56,-273,-38,COME
2192,1569,1269,1443,934,-4816,4504,-15124,-353,-72,-191,COME
2278,1759,1232,1156,1075,-5032,4280,-15520,-935,-477,-63,COME
2273,1679,1316,1159,1150,-5620,3272,-17160,-1291,-1525,437,COME
2199,1673,1235,1145,978,-4440,4432,-14804,264,-614,-139,COME
2192,1732,1255,1083,1132,-4400,4968,-14668,-118,305,152,COME
2293,1664,1282,1408,797,-4756,4412,-15148,-534,918,141,COME
2282,1783,1269,1117,1093,-5664,4548,-15496,-1308,-61,664,COME
2338,1679,1392,1136,1136,-4508,3812,-15504,-771,-354,401,COME
2402,1610,1340,1111,1138,-4968,4708,-15344,-521,904,740,COME
2273,1744,1274,1225,944,-4904,4500,-15400,-272,535,490,COME
2263,1962,1315,1050,976,-4512,4088,-15932,617,1127,624,COME
2353,1664,1365,1056,1085,-4504,4560,-15120,1343,1243,-109,COME
2351,1642,1330,900,1038,-4948,4536,-15120,1305,790,456,COME
2288,1649,1293,1013,1104,-4196,4396,-14708,1571,442,12,COME
2285,1680,1291,1092,1135,-5096,4576,-15496,1402,418,218,COME
2149,1914,1199,1009,1150,-4340,4472,-15368,1139,182,-1,COME
2325,1613,1337,1135,1138,-4660,4744,-15416,563,412,21,COME
2297,1699,1390,1130,1019,-4084,4372,-15892,-248,613,127,COME
2239,1845,1343,1261,907,-4708,4492,-16264,-462,1728,43,COME
2199,1777,1211,1124,1155,-5308,4800,-16364,-1133,257,173,COME
2255,1567,1175,957,1259,-3684,5508,-15628,-2419,455,268,COME
2410,1693,1412,1182,1154,-4936,4508,-16552,-3947,619,816,COME
2352,1653,1361,1090,1089,-5660,4060,-16724,-3065,-705,553,COME
2341,1761,1282,1227,1095,-5340,4160,-16340,-426,-2483,214,COME
2462,1674,1380,1063,1175,-4148,5056,-15332,-589,-2676,437,COME
2387,1694,1437,1280,1174,-4548,5096,-15600,-1591,-809,388,COME
2384,1759,1456,1198,1023,-5392,4988,-15684,-1398,-769,664,COME
2353,1740,1328,1264,1123,-4756,5908,-14700,-1658,-1472,667,COME
2320,1838,1277,1254,1256,-4692,5312,-14704,-2212,-1592,609,COME
2446,1731,1491,1003,1185,-4640,4884,-14616,-1653,-1060,717,COME
2505,1715,1264,1212,939,-4308,4756,-14436,-200,-288,834,COME
2347,1872,1357,1139,1122,-4512,5148,-13664,1587,962,511,COME
2459,1818,1456,1166,1150,-5232,5800,-14104,1253,533,387,COME
2465,1818,1379,1173,1198,-4256,5144,-14144,1594,374,354,COME
2451,1814,1408,1251,1160,-5096,4976,-14648,2427,559,389,COME
2535,1918,1439,1434,937,-4728,5224,-14300,3044,52,404,COME
2543,1872,1481,1205,1235,-4184,5180,-14652,2932,785,311,COME
2530,1872,1511,1230,1282,-4368,5300,-15216,1985,2022,183,COME
2559,1767,1535,1278,1155,-5168,4968,-16336,1198,1697,268,COME
2523,1884,1383,1299,1023,-5116,4932,-16676,749,365,399,COME
2479,1802,1302,1215,1344,-4540,5068,-16188,578,-292,403,COME
2633,1787,1367,1200,1167,-4520,5420,-15756,-298,294,324,COME
2527,1838,1423,1249,1101,-4968,5336,-16008,-1218,177,563,COME
2593,1842,1441,1155,1214,-4604,5168,-15692,-2017,286,346,COME
2529,1729,1402,1200,1171,-4260,4784,-15420,-2260,90,500,COME
2480,1735,1454,1219,1266,-5044,5004,-15392,-1668,-1005,524,COME
2438,1735,1397,1299,1121,-5164,6496,-14368,-1718,-999,646,COME
2359,1795,1411,1219,1153,-4996,5560,-15616,-3683,-2370,1525,COME
2355,1773,1596,1235,1269,-3752,4348,-15560,-2902,-1203,889,COME
2393,1700,1422,1219,1152,-4712,5212,-14748,-631,-311,97,COME
2303,1814,1389,1510,987,-4852,6132,-14704,-140,-1058,360,COME
2296,1824,1387,1361,1217,-4988,6100,-15180,-1859,-1095,1339,COME
2320,1776,1433,1315,1197,-5116,5480,-15288,-2426,-798,887,COME
2366,1824,1497,1340,1173,-4708,5536,-14892,-769,-250,232,COME
2349,1846,1519,1207,1299,-4568,6240,-14484,290,-680,262,COME
2336,1805,1365,1219,1195,-4624,6332,-14508,-111,-766,380,COME
2417,1784,1557,1330,1300,-4932,6496,-14700,-642,15,476,COME
2333,1840,1513,1392,1253,-5380,5972,-15192,-782,-436,386,COME
2362,1872,1535,1478,1167,-4868,5656,-14948,149,-510,109,COME
2352,1850,1519,1361,1408,-4644,6592,-14296,172,-30,165,COME
2444,1738,1593,1248,1232,-4852,6188,-14760,-476,176,198,COME
2306,1905,1499,1388,1296,-4824,5772,-14876,-297,21,4,COME
2311,1881,1456,1397,1253,-4740,5336,-14824,1263,593,-279,COME
2395,1881,1481,1382,1285,-4684,6120,-14496,2902,776,-484,COME
2326,1805,1409,1357,1279,-4936,6836,-14344,2468,1087,-246,COME
2336,1811,1445,1408,1073,-5160,6708,-14676,1437,1520,-151,COME
2306,1740,1330,1099,1160,-4904,5900,-15348,1115,1363,-285,COME
2310,1700,1393,1230,1099,-5636,5508,-15920,1805,1175,-45,COME
2278,1666,1312,1264,1089,-4740,5948,-14524,2884,1214,-492,COME
2241,1725,1386,1178,1293,-4364,5920,-14564,2412,1078,-552,COME
2432,1669,1617,1171,950,-4428,4948,-15396,2476,1618,-683,COME
2446,1678,1310,1178,1068,-4884,5276,-15232,3227,1183,-724,COME
2417,1781,1264,1110,925,-4916,5436,-15472,2962,202,-519,COME
2480,1647,1317,1196,1054,-4328,5696,-15096,2455,278,-476,COME
2419,1776,1295,1278,1056,-4564,5444,-15236,1614,1193,-391,COME
2453,1808,1472,1348,917,-5192,5272,-16000,977,1049,46,COME
2470,1803,1360,1089,1146,-4896,4884,-16104,828,-57,106,COME
2475,1735,1392,1157,1106,-4268,4940,-15864,629,-62,221,COME
2541,1683,1390,1063,1118,-4788,5076,-15484,579,296,263,COME
2466,1697,1346,1290,1085,-4476,5200,-15208,573,53,158,COME
2439,1754,1200,1359,996,-4516,5400,-14992,-89,267,284,COME
2411,1787,1327,1166,1127,-4816,5132,-15408,-731,-20,403,COME
2464,1710,1353,1099,1091,-4660,4700,-16096,-655,-479,295,COME
2449,1668,1285,1123,1017,-4020,5324,-15000,220,-327,233,COME
2363,1746,1372,1198,1104,-4628,5632,-14960,292,42,51,COME
2412,1776,1422,1232,893,-4752,5484,-14776,-558,-512,416,COME
2282,1751,1376,1097,1015,-5488,4212,-17208,-1589,-1486,755,COME
2326,1711,1361,1041,1117,-2860,5000,-14216,959,370,-165,COME
2462,1695,1391,1050,1066,-4612,5416,-14912,609,-14,45,COME
2307,1859,1407,1271,1019,-4732,6380,-14760,-1013,-1025,159,COME
2301,1986,1362,1211,1194,-5340,5100,-16492,-2420,-1612,1008,COME
2341,1805,1392,1187,1198,-4148,4880,-15796,-975,29,283,COME
2352,1801,1456,1200,1191,-5156,5136,-15808,-688,-776,486,COME
2271,1787,1302,1217,1139,-4392,5744,-15024,-507,-831,80,COME
2309,1794,1400,1264,1198,-4344,5412,-15088,-1020,-228,336,COME
2288,1702,1399,1313,995,-5072,5380,-15416,-1588,-371,383,COME
2293,1840,1380,1378,1232,-4696,5012,-15412,-930,-777,270,COME
2352,1817,1472,1281,1295,-4480,5204,-14900,424,-488,68,COME
2455,1789,1513,1201,1219,-4540,5904,-14620,671,69,145,COME
2292,1920,1459,1341,1111,-4680,5540,-14752,618,403,164,COME
2256,2017,1379,1185,1209,-5076,5492,-14912,593,389,184,COME
2314,1811,1462,1255,1209,-4876,5380,-15444,1051,83,140,COME
2277,1719,1363,1104,1104,-4268,5432,-14856,1650,713,-130,COME
2240,1687,1345,1145,1006,-4552,5736,-15020,2234,1688,-389,COME
2288,1666,1336,1110,1104,-5352,5516,-15692,2537,891,-230,COME
2194,1558,1295,1124,1117,-4612,5248,-14680,2990,1812,-468,COME
2288,1531,1360,1083,1153,-4848,5260,-15404,1924,527,-337,COME
2346,1683,1328,1110,1050,-4316,4608,-15824,2239,368,-542,COME
2379,1721,1315,1251,1099,-4732,5364,-15072,3006,1146,-895,COME
2341,1731,1231,1278,1121,-4700,5204,-15352,2290,351,-526,COME
2399,1591,1330,993,1396,-4352,4824,-15680,1596,680,-295,COME
2503,1670,1381,1171,1040,-4656,4404,-15820,1830,845,-460,COME
2446,1727,1338,1218,1072,-4904,4428,-15988,2266,42,-305,COME
2460,1587,1329,1152,1098,-4348,5236,-14976,1787,272,-166,COME
2447,1741,1305,1187,945,-4624,5140,-15652,-196,716,143,COME
2487,1750,1390,1023,1148,-4756,4048,-16404,-18,174,116,COME
2443,1712,1328,1198,1071,-4540,4612,-15668,610,-185,152,COME
2466,1764,1377,1221,1290,-4336,4760,-15344,543,304,196,COME
2426,1827,1435,1193,1167,-4508,4860,-15372,-144,365,339,COME
2445,1610,1374,1347,1029,-4804,4272,-15916,-309,-108,424,COME
2525,1823,1255,1350,1138,-4136,4612,-15260,228,-4,205,COME
2512,1799,1414,1140,1123,-4432,4788,-15288,224,170,140,COME
2448,1686,1387,1136,1113,-4492,4984,-15224,-342,45,183,COME
2402,1761,1327,1094,1118,-4636,4812,-15624,-933,-130,274,COME
2458,1757,1345,1158,1067,-3716,3668,-15856,-34,-551,-27,COME
2496,1731,1354,1137,1040,-4176,5092,-14936,676,839,-94,COME
2526,1729,1393,1133,1053,-4932,5344,-15264,-24,369,-36,COME
2390,1776,1402,1163,1009,-4876,4704,-16004,-874,-483,264,COME
2387,1744,1376,1247,1017,-4484,4608,-15604,-576,-193,155,COME
2255,1831,1268,1199,1137,-4496,4772,-15172,9,-318,22,COME
2314,1655,1286,1088,1351,-4636,5428,-15168,-189,-119,124,COME
2434,1716,1454,1093,1118,-5372,4932,-16096,-1138,-834,553,COME
2311,1703,1360,1183,1104,-4836,5772,-15312,-1386,-952,430,COME
2288,1751,1430,1255,1139,-5848,5768,-16772,-2730,-2161,1309,COME
2432,1707,1460,1280,1095,-5012,3656,-16780,-1277,-2461,415,COME
2347,1760,1431,1057,1393,-4432,5672,-14424,409,-1578,287,COME
2369,1747,1471,1294,1077,-4424,5888,-14352,71,-215,101,COME
2273,1826,1458,1327,1181,-5120,5180,-14888,-668,-23,324,COME
2274,1829,1355,1303,1178,-4936,5008,-15088,-1043,-798,629,COME
2451,1776,1526,1141,1202,-4624,5136,-15148,-966,-635,558,COME
2434,1722,1339,1324,1085,-4772,5160,-15324,-588,-342,391,COME
2296,1814,1361,1311,1178,-4616,5288,-14892,294,79,218,COME
2307,1818,1424,1290,1199,-4652,5328,-15040,412,550,226,COME
2327,1796,1505,1307,1153,-4992,5112,-15276,819,719,113,COME
2279,1785,1422,1266,1119,-5148,5528,-15704,942,263,-19,COME
2285,1718,1419,1208,1190,-4652,5676,-15100,897,1227,57,COME
2323,1666,1386,1159,1089,-4472,5580,-14848,1154,1442,-155,COME
2325,1760,1377,1151,1076,-5064,5100,-15304,1509,696,-487,COME
2253,1751,1317,1106,1144,-4452,5752,-13924,1748,1879,-468,COME
2417,1587,1328,983,1137,-5020,4844,-15296,1928,1200,-574,COME
2489,1639,1296,1456,957,-4664,4600,-15436,2846,747,-571,COME
2455,1771,1355,1165,1146,-4800,4568,-15608,4013,686,-1127,COME
2455,1761,1358,1093,1120,-4364,5604,-14556,4001,1360,-1153,COME
2529,1759,1319,1114,1047,-4656,4644,-15780,2719,975,-920,COME
2471,1774,1388,1183,1195,-4888,4356,-15896,2763,308,-667,COME
2602,1799,1304,1087,951,-4644,3660,-16292,3201,-265,-586,COME
2547,1727,1424,1133,1149,-4284,5080,-15436,2999,750,-548,COME
2559,1791,1359,1249,1107,-4416,4976,-15636,1390,1168,-360,COME
2533,1875,1391,1306,1037,-5140,3960,-16876,-374,267,-102,COME
2488,1806,1424,1225,1311,-4448,3816,-16100,805,-509,-96,COME
2686,1690,1691,1260,1050,-3912,3612,-15496,1658,358,-371,COME
2549,1744,1492,1264,1081,-4852,4800,-15096,1558,339,-162,COME
2476,1801,1341,1219,1075,-4784,4612,-15372,-482,-383,288,COME
2499,1751,1392,1203,1089,-4388,3260,-15976,-138,-118,175,COME
2544,1805,1456,1167,989,-4312,3488,-15716,1227,79,101,COME
2427,1668,1283,1180,1136,-4604,4376,-15612,1108,338,247,COME
2370,1851,1281,1232,1088,-4652,4464,-15408,171,0,391,COME
2455,1840,1340,1194,1130,-4576,3912,-15940,-314,109,558,COME
2522,1829,1408,1149,1191,-4872,4052,-16096,-671,-389,682,COME
2527,1737,1399,1093,1058,-4544,3848,-16276,-861,-671,707,COME
2541,1680,1297,1434,957,-4440,3460,-16512,-264,-762,505,COME
2471,1808,1370,1167,1099,-4636,4380,-15392,165,-552,393,COME
2480,1793,1420,1122,1072,-4628,4352,-15464,-508,-748,545,COME
2481,1776,1355,1141,1116,-4656,4648,-15132,-1103,-847,827,COME
2524,1738,1441,1073,1190,-5036,3696,-16756,-2241,-1389,876,COME
2519,1802,1335,1329,990,-4308,3864,-15504,-631,-1157,406,COME
2517,1738,1450,1123,1154,-4544,4384,-15164,233,-787,423,COME
2528,1767,1458,1175,1156,-4384,4548,-14964,250,-26,190,COME
2516,1840,1449,1258,929,-4972,4628,-15192,-179,299,270,COME
2610,1806,1458,1147,1243,-4808,4040,-15524,29,-553,235,COME
2734,1662,1483,1231,983,-4616,4404,-15168,810,-504,179,COME
2480,1753,1314,1227,1044,-4664,4584,-15228,544,-400,191,COME
2403,1763,1289,1124,1061,-4768,4512,-15424,476,-166,177,COME
2411,1682,1409,1102,1035,-4780,4468,-15264,710,-273,162,COME
2382,1773,1330,1264,998,-5080,4164,-15672,540,-522,95,COME
2398,1696,1303,1296,1122,-4936,3828,-15960,977,-1510,70,COME
2374,1742,1351,1073,1136,-4780,4528,-15172,1186,-1347,44,COME
2384,1707,1350,1126,1127,-5128,4536,-15296,763,-963,-605,COME
2299,1531,1296,1200,1155,-5188,4264,-15688,1034,-41,-343,COME
2301,1851,1248,1236,1037,-5380,4020,-16220,1171,-1930,-296,COME
2192,1882,1230,1041,1196,-4548,4484,-15496,334,-1903,-427,COME
2270,1648,1264,1125,1100,-5272,4372,-16068,-216,-1208,-331,COME
2270,1501,1237,1154,1183,-5536,4480,-16168,-179,-462,-844,COME
2253,1614,1204,1163,1231,-5492,4616,-16064,-822,-948,-781,COME
2334,1479,1342,1086,1136,-5820,4572,-16228,-1192,-809,-781,COME
2269,1531,1343,1297,1168,-5556,4720,-15640,-1289,-1095,-835,COME
2336,1623,1341,1133,1057,-5496,4708,-15552,-1238,-854,-899,COME
2306,1682,1232,1223,1161,-5460,4760,-15400,-1503,-238,-1043,COME
2193,1793,1173,1207,1120,-6144,4840,-15756,-1778,-160,-998,COME
2446,1631,1469,1104,1282,-6664,5108,-15636,-1951,-895,-895,COME
2496,1511,1462,990,1023,-5860,4772,-15216,-1376,-1743,-701,COME
2207,1756,1261,1264,1230,-5504,5052,-15108,-1027,-1097,-693,COME
2245,1642,1286,1184,1299,-5888,5176,-15044,-959,-959,-818,COME
2235,1639,1345,1200,1212,-5672,4572,-15240,-369,-1351,-965,COME
2253,1712,1279,1233,1281,-5808,5220,-14896,-183,-1545,-1087,COME
2285,1734,1506,1330,1005,-5732,4348,-14696,-629,-1801,-1079,COME
2288,1694,1391,1213,1403,-5696,4500,-14632,-337,-743,-1589,COME
2333,1674,1463,1340,1419,-6136,4360,-14440,-669,-306,-1496,COME
2351,1653,1351,1422,1207,-5800,4444,-14140,-1137,-788,-1278,COME
2196,1837,1261,1324,1235,-5120,4604,-13584,-2015,258,-750,COME
2111,1594,1482,1084,1676,-6380,4276,-14164,-1479,886,-616,COME
2317,1567,1360,1205,1227,-5956,4468,-13776,-577,282,-240,COME
2250,1600,1307,1261,1168,-5800,4104,-13344,-243,-145,334,COME
2240,1575,1330,1228,1313,-5568,4572,-13132,-374,388,172,COME
2281,1636,1341,1389,1291,-6064,4160,-13592,649,418,183,COME
2223,1671,1421,932,1522,-5052,4480,-13688,1870,1475,195,COME
2157,1687,1271,1337,1232,-5788,4172,-14168,2547,3611,647,COME
2281,1675,1299,1227,1316,-6756,4152,-15012,2065,4170,693,COME
2254,1647,1404,1104,1281,-6360,4652,-14904,1737,2727,958,COME
2283,1535,1334,1266,1171,-6248,4068,-15640,2134,2188,1613,COME
2224,1638,1312,1461,1035,-5356,3820,-15224,2129,605,1764,COME
2276,1728,1229,1213,1163,-4388,4976,-13952,1738,891,1968,COME
2428,1680,1363,1137,1151,-4440,5100,-14528,1239,2893,1759,COME
2405,1649,1299,1181,1160,-4632,4992,-15356,1174,4219,1354,COME
2368,1748,1380,1143,1171,-5384,4668,-15832,2606,2681,1444,COME
2482,1776,1364,1486,901,-5176,4964,-15556,3643,940,1040,COME
2462,1757,1335,1172,1263,-4580,5172,-15532,3038,910,410,COME
2485,1753,1474,1184,1220,-5404,4780,-15876,1934,789,-460,COME
2531,1682,1400,1241,1174,-5780,4208,-16360,1819,-33,-693,COME
2432,1901,1440,1363,1042,-5772,4060,-15988,2102,-1360,-598,COME
2451,1859,1327,1061,1381,-5172,4228,-15456,1749,-406,-366,COME
2538,1682,1417,1243,1110,-5724,3724,-15964,1651,-64,-191,COME
2437,1799,1373,1264,1182,-5416,3660,-15964,1751,104,17,COME
2467,1849,1397,1190,1210,-5484,3716,-16160,1478,133,244,COME
2506,1786,1394,1086,1289,-4608,3672,-16148,602,11,455,COME
2445,1741,1311,1204,1176,-4812,3520,-16216,374,292,90,COME
2535,1747,1408,1183,1206,-4836,3540,-16148,454,-154,-112,COME
2529,1781,1483,1313,1178,-4860,3688,-15704,512,-415,-168,COME
2514,1856,1367,1267,1136,-4944,3740,-15612,235,-220,-201,COME
2310,1871,1286,1200,1152,-5376,3608,-16072,23,-483,-303,COME
2455,1691,1439,960,1456,-5424,3576,-16016,16,-1639,-247,COME
2450,1687,1473,1162,1200,-5420,3516,-15848,295,-2786,-328,COME
2375,1696,1303,1238,1108,-5164,3380,-15388,494,-3409,-463,COME
2306,1728,1309,1227,1089,-5672,3728,-15168,285,-4044,-866,COME
2278,1597,1251,1045,1073,-5864,3640,-15976,46,-3842,-837,COME
2143,1781,1189,1152,1231,-5656,4944,-15824,-75,-2702,-1182,COME
2294,1482,1333,1072,1200,-6156,3928,-15076,-461,-2841,-56,COME
2239,1610,1233,1147,1066,-5188,3948,-14664,-462,-1846,-376,COME
2220,1715,1273,1231,1039,-5880,3768,-14920,-881,-998,-656,COME
2178,1705,1301,1100,1229,-6592,3732,-15064,-393,-954,-889,COME
2175,1535,1555,1110,1145,-6536,3836,-14996,132,-896,-1127,COME
2247,1535,1323,1266,1123,-6368,4016,-14836,48,-491,-905,COME
2191,1567,1245,1190,1069,-6040,3972,-14760,-291,93,-798,COME
2222,1535,1282,1217,1199,-6400,4208,-14676,-346,629,-1258,COME
2272,1535,1151,1200,1107,-6716,3648,-15216,-564,341,-1093,COME
2288,1616,1355,887,1456,-7336,3508,-15656,80,-1304,-922,COME
2354,1614,1264,1253,1102,-6308,4172,-14772,154,-2124,-333,COME
2287,1690,1310,1280,1118,-6244,3776,-14844,-354,-883,218,COME
2160,1667,1268,1263,1296,-6516,4124,-14768,-792,721,15,COME
2368,1648,1395,1088,1186,-6972,3732,-15212,-887,472,-11,COME
2125,1393,1232,1469,1046,-6572,4028,-14768,-605,484,256,COME
2163,1633,1251,1172,1175,-6584,3908,-15120,-528,372,454,COME
2224,1626,1243,1133,1187,-7456,3320,-15120,426,-1297,333,COME
2266,1603,1264,1136,1167,-6792,3976,-14608,346,-1990,588,COME
2195,1712,1122,1265,1136,-6688,4284,-14740,155,-1538,52,COME
2240,1493,1185,1334,988,-5980,3436,-15108,-92,-1085,-33,COME
2209,1680,1234,1169,1165,-6664,3344,-15432,-15,-586,-254,COME
2240,1603,1323,1178,1266,-6660,3676,-15132,51,-943,-86,COME
2361,1645,1344,1060,1225,-6520,4888,-14272,-24,-1535,206,COME
2309,1454,1243,1383,1208,-6440,4116,-14708,-754,-661,293,COME
2279,1723,1171,1255,1168,-7208,3892,-14772,-629,-410,220,COME
2215,1712,1335,1136,1114,-6788,3904,-14624,96,-1180,-22,COME
2202,1535,1337,1099,1170,-6144,4712,-14144,352,-158,-166,COME
2163,1599,1150,1067,1062,-6428,4052,-14404,131,1046,-293,COME
2237,1600,1328,1069,1123,-7164,3960,-14692,180,373,-140,COME
2311,1648,1239,1350,899,-7068,4088,-14468,410,89,-140,COME
2324,1600,1366,1072,1218,-6864,4208,-14452,602,185,-240,COME
2339,1653,1369,1231,1232,-6648,4048,-14432,681,528,-257,COME
2263,1640,1330,1175,1195,-6896,3956,-14560,886,990,-441,COME
2122,1649,1242,1385,1178,-7308,3844,-14744,1163,469,-492,COME
2266,1708,1184,1263,1129,-7012,3908,-14680,1292,-201,-106,COME
2199,1629,1310,1147,1275,-6988,4004,-14636,1104,-205,12,COME
2223,1604,1296,1095,1201,-6932,3520,-14828,1440,-154,-123,COME
2290,1664,1346,1211,1071,-6808,4340,-14388,1629,460,-246,COME
2211,1661,1263,1263,1210,-6728,4012,-14836,1052,797,-39,COME
2242,1651,1319,1468,767,-6972,3536,-15076,428,954,302,COME
2155,1690,1232,1229,1082,-7764,3688,-15228,664,-113,388,COME
2256,1671,1298,1236,1172,-7068,3472,-15032,1274,-1338,226,COME
2265,1590,1456,1132,1215,-6340,4216,-14352,952,-1161,279,COME
2371,1485,1259,1269,1148,-6200,4116,-14056,511,743,-89,COME
2277,1523,1274,1454,892,-6096,4276,-14228,263,2375,-635,COME
2225,1631,1318,1104,1123,-7608,3156,-15736,220,2137,155,COME
2290,1625,1318,1104,1158,-7692,3264,-15540,829,198,-21,COME
2217,1680,1278,1165,1059,-6508,4064,-14456,501,-563,420,COME
2192,1666,1294,1216,1122,-6320,3900,-14808,-167,331,310,COME
2264,1624,1363,1323,880,-6600,3384,-15084,-10,1307,40,COME
2240,1695,1290,1048,1162,-7032,3328,-15196,202,664,38,COME
2272,1663,1343,1105,1237,-6572,3644,-14980,224,-85,112,COME
2303,1625,1358,1100,1211,-6492,3740,-14796,-47,317,184,COME
2311,1598,1347,1365,1129,-6748,3612,-15228,-340,474,531,COME
2203,1635,1046,1373,955,-6564,3948,-14892,-809,-87,307,COME
2170,1642,1247,1151,1099,-6580,4108,-15008,-816,617,333,COME
2206,1676,1232,1217,1227,-6916,4224,-14936,-756,813,231,COME
2323,1535,1382,1214,1189,-6612,3740,-15008,-605,515,235,COME
2159,1594,1139,1210,1281,-6188,3912,-14724,-460,538,233,COME
2200,1691,1277,1393,878,-6676,3680,-15024,140,630,135,COME
2262,1664,1296,1166,1233,-6656,4076,-14472,938,270,-202,COME
2287,1653,1359,1200,1221,-6216,4196,-14428,611,32,142,COME
2341,1552,1332,1072,1217,-6248,3856,-14668,77,334,312,COME
2207,1760,1219,1302,1120,-6464,3460,-15248,328,677,298,COME
2207,1843,1296,1047,1277,-6620,3748,-14880,1239,452,207,COME
2223,1571,1335,1088,1189,-6112,4284,-14440,1630,304,-45,COME
2240,1535,1338,1179,1155,-5704,4016,-14392,472,902,461,COME
2174,1665,1217,1279,1143,-6580,3492,-15480,2,1780,421,COME
2238,1611,1281,1072,1088,-6748,3328,-15552,799,1742,531,COME
2302,1509,1267,1064,896,-6468,3296,-15420,1580,380,90,COME
2243,1619,1339,1053,1159,-5224,4436,-14404,582,656,260,COME
2192,1535,1263,1127,1186,-6540,3788,-15360,-404,1107,353,COME
2223,1535,1291,1275,1041,-6564,3600,-15648,291,-10,-86,COME
2181,1782,1274,1078,960,-5620,4256,-14740,287,387,-158,COME
2175,1599,1334,943,1242,-5792,3932,-15000,-416,1671,236,COME
2271,1535,1264,1021,1142,-6888,3732,-15420,-289,1372,120,COME
2243,1568,1315,1146,1022,-6700,3460,-15616,239,-495,459,COME
2258,1662,1268,1098,1074,-5836,3696,-15220,1058,-1068,161,COME
2288,1579,1303,1110,1138,-6356,4200,-15124,1229,-570,461,COME
2238,1640,1360,991,1349,-6220,3944,-14936,1215,-1367,245,COME
2315,1657,1318,1200,1104,-6596,3460,-15396,1733,-1736,-138,COME
2288,1697,1339,1246,1162,-5524,3732,-14604,1553,-2371,91,COME
2256,1728,1232,1243,1191,-5792,4048,-14996,1405,-526,26,COME
2342,1746,1413,1136,1267,-6576,3412,-15204,727,-759,269,COME
2365,1639,1321,1266,1122,-6240,3436,-15108,986,-772,291,COME
2303,1697,1296,1283,1077,-6296,3852,-15012,1279,-257,153,COME
2339,1715,1291,1226,1119,-6804,3616,-15156,1713,-717,532,COME
2438,1692,1397,1217,1174,-6260,3624,-14696,1379,-794,660,COME
2432,1675,1289,1211,1059,-6492,3648,-14888,955,-48,404,COME
2432,1682,1360,1264,1021,-6540,3648,-15196,459,-234,444,COME
2437,1797,1422,1251,1184,-6168,3360,-15016,137,313,417,COME
2435,1766,1411,1229,1263,-6616,3516,-15316,-41,597,559,COME
2547,1776,1493,1276,1200,-6376,3368,-15324,-103,312,388,COME
2414,1872,1351,1328,1130,-6380,3800,-15224,-186,495,255,COME
2434,1991,1458,1069,1296,-6508,3488,-15016,-627,-82,487,COME
2492,1862,1419,1253,1259,-6216,3308,-14868,-353,204,769,COME
2522,1803,1487,1200,1203,-6292,3756,-14892,240,699,588,COME
2450,1823,1410,1257,1199,-6352,3448,-14688,610,270,535,COME
2523,1837,1455,1258,1255,-6628,3912,-14584,693,1440,501,COME
2389,1936,1273,1299,1120,-6924,3552,-15292,-18,-139,503,COME
2532,1772,1573,1252,1300,-6272,3256,-15084,524,-131,678,COME
2559,1795,1471,1308,1223,-6240,3648,-14964,1066,-157,281,COME
2513,1842,1477,1371,1201,-5804,3548,-14616,1176,951,212,COME
2439,1737,1559,1271,1391,-6772,3744,-15204,1168,1370,176,COME
2704,1695,1600,1309,1250,-6728,3568,-15560,1308,407,328,COME
2480,1812,1491,1349,1203,-6084,3380,-15148,1298,-665,378,COME
2480,1834,1515,1302,1174,-5668,3056,-14748,1318,142,537,COME
2457,1762,1520,1257,1296,-6108,3648,-15124,1406,621,378,COME
2531,1873,1493,1293,1181,-5924,3512,-15040,1092,1314,5,COME
2608,1773,1615,1307,1115,-6180,3264,-15240,1224,1211,-185,COME
2469,1840,1497,1334,1222,-6012,2996,-15324,1126,970,-1,COME
2540,1871,1472,1310,1214,-5920,3652,-15176,1099,1158,68,COME
2443,1867,1507,1242,1392,-5724,3040,-15428,748,830,-170,COME
2591,1718,1535,1139,1264,-5808,3104,-15192,1719,1151,-658,COME
2662,1712,1426,1340,1195,-5212,3652,-14500,1947,2479,-858,COME
2459,1789,1367,1267,1203,-5932,3708,-14852,677,2445,-519,COME
2432,1808,1369,1239,1162,-6032,2736,-15804,168,1852,-680,COME
2521,1714,1512,1229,1011,-6784,2572,-16080,846,487,-138,COME
2450,1791,1374,1318,1104,-6100,3160,-15940,-198,-1142,526,COME
2471,1648,1445,1289,1072,-4804,2872,-15476,-620,349,300,COME
2448,1827,1357,1233,1137,-6048,2808,-15740,186,381,-115,COME
2489,1843,1441,1185,1156,-6300,2940,-15948,929,-304,-185,COME
2499,1769,1502,1138,1227,-5860,2940,-15620,1020,239,85,COME
2487,1753,1435,1317,1140,-5216,2992,-15152,376,848,-9,COME
2367,2033,1315,1133,1046,-5540,3056,-15320,-241,841,-28,COME
2471,1797,1442,1168,1174,-6024,2772,-15656,-94,-20,84,COME
2490,1701,1384,1173,1152,-5804,2772,-15728,334,-726,256,COME
2479,1791,1425,1200,1268,-5032,2864,-15148,357,230,-85,COME
2399,1842,1489,1198,1226,-5576,3156,-15308,-167,312,209,COME
2551,1749,1438,1218,1334,-6036,2896,-15948,-454,-126,306,COME
2582,1755,1418,1265,1171,-5428,2800,-15592,-29,-193,275,COME
2480,1808,1399,1271,1155,-5572,3020,-15448,21,213,276,COME
2395,1849,1423,1232,1289,-5500,3064,-15060,-99,341,436,COME
2525,1818,1535,1190,1152,-5552,3032,-15388,-232,595,563,COME
2411,1821,1353,1358,1034,-5752,2956,-15560,-95,289,555,COME
2416,1833,1377,1265,1191,-5424,3572,-15336,-499,707,471,COME
2416,1825,1367,1253,1136,-5604,2948,-15784,-339,1355,434,COME
2455,1766,1535,1293,1159,-5572,3148,-15324,-98,706,122,COME
2430,1808,1310,1264,1217,-5472,3192,-15428,450,373,120,COME
2425,1744,1317,1379,911,-4972,3356,-14740,791,942,-83,COME
2416,1787,1400,1232,1109,-5356,3540,-15248,322,819,70,COME
2479,1719,1360,1124,1091,-5416,2828,-15672,595,458,6,COME
2422,1806,1411,1131,1207,-5376,3076,-15744,1056,639,-112,COME
2559,1698,1403,1163,1203,-5216,3484,-15284,1201,615,-133,COME
2383,1703,1213,1295,913,-5444,3752,-15396,308,873,130,COME
2387,1821,1355,1137,1086,-5552,1876,-17216,868,16,11,COME
2493,1770,1353,1104,1134,-5432,3696,-15236,1614,758,-387,COME
2480,1738,1283,1185,976,-5720,4304,-15176,455,-236,47,COME
2493,1787,1334,1100,1044,-5028,3024,-16192,-1385,-401,332,COME
2487,1751,1399,1407,720,-6620,812,-18380,-1022,-922,517,COME
2442,1794,1359,1221,1122,-4724,4140,-13980,2233,493,-193,COME
2501,1855,1418,1135,1194,-5380,4008,-14756,946,185,-95,COME
2549,1824,1554,1121,1226,-4948,3596,-15208,-209,262,130,COME
2482,1768,1431,1397,1071,-6260,1656,-17060,-982,-499,521,COME
2448,1906,1213,1296,898,-5600,3224,-15408,617,-230,414,COME
2512,1827,1424,1232,1184,-5644,3692,-15264,510,-60,312,COME
2481,1782,1361,1146,1177,-5068,3844,-14936,-850,-693,311,COME
2506,1806,1453,1350,1168,-4892,2700,-16104,-2435,-1902,897,COME
2451,1826,1474,1351,1106,-5412,2816,-16060,-1718,-435,645,COME
2607,1622,1487,1394,1163,-5152,3424,-15000,171,-428,124,COME
2485,1868,1456,1360,1216,-5416,3948,-15100,-6,16,181,COME
2513,1856,1527,1349,1280,-5648,3584,-15388,-575,-214,210,COME
2606,1882,1557,1171,1359,-5428,3260,-15520,-890,-400,490,COME
2588,1661,1499,1412,1101,-5396,3000,-15648,-307,-219,179,COME
2403,1872,1392,1535,1077,-5588,3800,-15300,273,-272,52,COME
2464,1850,1355,1274,1146,-5344,3688,-15120,206,17,79,COME
2480,1814,1488,1277,1180,-5568,3352,-15436,-20,473,180,COME
2489,1749,1529,1211,1195,-5820,3400,-15536,165,381,191,COME
2414,1744,1389,1216,1016,-5688,3712,-15544,584,88,164,COME
2418,1583,1571,1165,1021,-5376,3536,-15288,787,452,9,COME
2272,1792,1297,1169,1078,-5036,3604,-14884,1122,1072,-146,COME
2391,1797,1385,1197,1071,-5764,3676,-15300,903,868,15,COME
2408,1758,1243,1167,1151,-5892,3480,-15368,1115,555,-28,COME
2587,1728,1514,1055,1160,-5044,3528,-15156,1435,607,-362,COME
2684,1612,1455,1105,1105,-5380,3588,-15556,1275,528,-241,COME
2441,1734,1344,1168,987,-5140,3468,-15212,1239,914,-349,COME
2470,1790,1301,1107,1008,-6004,3072,-16132,1090,623,-142,COME
2498,1687,1365,1053,1022,-5348,3028,-15584,1451,-42,-160,COME
2523,1712,1365,1186,1120,-5220,3336,-15368,1779,472,-306,COME
2531,1721,1504,910,1204,-5256,3380,-15344,1405,689,-118,COME
2512,1685,1370,1166,1118,-5720,3260,-15920,78,130,280,COME
2529,1734,1360,1188,1126,-5648,2676,-16084,-15,-227,323,COME
2497,1819,1340,1239,972,-5212,3420,-15084,1501,-182,17,COME
2363,1810,1250,1165,1099,-5608,3640,-15256,1490,59,-18,COME
2482,1652,1422,1013,1244,-6476,3880,-15256,445,156,535,COME
2524,1750,1457,1194,1103,-6232,2876,-16056,852,-566,902,COME
2530,1718,1342,1118,1157,-5876,3008,-16000,1963,-214,851,COME
2434,1846,1317,1201,1023,-6200,4160,-15860,2198,-399,1054,COME
2436,1803,1350,1211,1123,-5512,5000,-15144,2034,-862,1129,COME
2480,1808,1423,1360,810,-5476,5024,-14540,1574,-675,1026,COME
2471,1803,1424,1149,1165,-5844,4548,-14140,1867,-1493,951,COME
2529,1760,1422,1198,1132,-5792,4292,-13536,2971,-2791,739,COME
2512,1718,1350,1184,1077,-5148,3684,-13984,4226,-1049,-194,COME
2476,1695,1284,1317,992,-6792,3668,-15032,4614,560,28,COME
2307,1968,1222,1150,941,-7644,4444,-15092,3953,-2575,1348,COME
2479,1762,1311,1169,1089,-6096,3624,-15156,4438,-2899,1475,COME
2509,1743,1386,1058,1158,-5964,2252,-16120,6243,-115,582,COME
2403,1699,1313,1237,1072,-7116,3364,-16660,6363,1007,895,COME
2378,1767,1338,1138,1106,-7324,3840,-16892,5020,867,1469,COME
2493,1808,1211,1312,898,-6736,3264,-16992,3595,-492,2032,COME
2448,1790,1343,1149,1107,-6064,2040,-16384,3504,-1948,1814,COME
2421,1730,1404,1233,1199,-5456,244,-17100,5286,-1067,1080,COME
2524,1772,1412,1043,1120,-6540,1068,-17420,6405,-192,999,COME
2432,1643,1343,1232,1063,-7488,716,-17508,3843,-3315,2641,COME
2407,1968,1221,1123,946,-6160,64,-16076,2250,-5083,2640,COME
2429,1709,1360,1087,1106,-4824,-1060,-15280,3356,-2951,1672,COME
2452,1721,1335,1059,1043,-5652,-1180,-15044,4830,-2052,1519,COME
2451,1734,1339,1085,1008,-5316,-660,-14232,5586,-2556,1721,COME
2542,1727,1341,1173,1008,-5324,436,-13448,5068,-1977,1592,COME
2381,1618,1354,1289,1035,-6228,-876,-12940,4877,-2132,484,COME
2465,1791,1373,1175,1121,-5408,-3456,-13168,7180,-472,-319,COME
2485,1790,1360,1236,1142,-5800,-3468,-14684,9615,3040,-8,COME
2642,1725,1434,1191,1010,-7800,-2824,-15748,7435,1358,859,COME
2478,1616,1285,1303,1046,-6424,-2988,-14280,4865,-1567,728,COME
2372,1941,1315,1310,941,-4936,-4608,-14504,4972,-692,90,COME
2498,1869,1344,1127,1119,-5328,-4012,-15280,6877,305,-523,COME
2478,1766,1400,1172,999,-6552,-3576,-14960,5537,-17,-163,COME
2620,1712,1390,1270,1070,-6348,-3848,-14548,4588,-835,159,COME
2480,1758,1325,1136,1003,-6396,-3720,-14076,4285,-1014,191,COME
2628,1511,1520,1197,949,-6196,-3496,-13724,3745,-1042,-48,COME
2445,2111,2005,2057,1930,-13616,9484,-3364,187,124,-195,SORRY
2455,2102,2000,2019,1984,-13376,9304,-3236,118,-44,11,SORRY
2455,2093,2027,2102,1984,-13272,9316,-3184,179,80,158,SORRY
2448,2064,2006,2113,1906,-13268,9276,-3044,107,283,272,SORRY
2480,2099,2015,1983,1846,-13308,9208,-3112,281,17,217,SORRY
2464,2089,2021,2018,1955,-13268,9064,-3068,374,-167,127,SORRY
2447,2073,1986,1974,1942,-13112,9088,-2972,505,-236,202,SORRY
2464,2099,2094,2013,1988,-13144,8968,-3172,685,-28,155,SORRY
2490,2142,2071,2095,2002,-13244,9132,-3076,899,-101,119,SORRY
2479,2220,2031,2031,1995,-13120,9420,-3120,1032,-387,-94,SORRY
2489,2189,2090,2112,1953,-12936,9208,-2996,781,-318,-80,SORRY
2437,2066,1869,1861,1855,-13208,8972,-3392,771,-173,-77,SORRY
2441,2094,1867,1903,1757,-13192,9016,-3348,929,-140,165,SORRY
2421,2094,1840,1857,1721,-13132,8984,-3464,1000,-490,273,SORRY
2389,2065,1808,1935,1685,-12968,9024,-3248,1055,-329,410,SORRY
2429,2064,1851,1821,1741,-12792,9036,-3264,1096,231,619,SORRY
2457,2094,1879,1861,1831,-13332,9352,-3720,1197,618,787,SORRY
2455,2110,1878,1872,1798,-13532,9448,-3524,1033,-63,701,SORRY
2498,2138,1915,1921,1867,-13408,10264,-3160,335,360,686,SORRY
2511,2121,1962,1819,2016,-13884,10612,-3268,-75,77,445,SORRY
2518,2155,1982,1865,1959,-13416,10016,-3492,-1176,-988,369,SORRY
2530,2181,1975,1957,1890,-13204,10280,-3504,-1202,-688,554,SORRY
2505,2153,1962,1945,1932,-13252,9904,-3072,-2033,145,1131,SORRY
2478,2161,1929,1866,1933,-14428,9644,-4192,-2061,887,1255,SORRY
2487,2176,1956,1826,1822,-13792,10004,-3256,-2096,-734,1749,SORRY
2464,2130,1936,1883,1895,-13136,8632,-3532,-1326,-99,2062,SORRY
2448,2097,1919,1878,1867,-13280,8696,-3112,439,172,3096,SORRY
2448,2103,1904,1879,1805,-13216,9452,-1992,1372,206,3545,SORRY
2434,2107,1872,1873,1849,-13584,9244,-2176,1528,52,3647,SORRY
2480,2010,1967,1810,1791,-13444,9008,-2484,1753,-800,3891,SORRY
2435,2056,1886,1846,1867,-13112,9556,-1944,1573,-913,3616,SORRY
2395,1968,1817,1744,1823,-12980,8872,-1944,1330,-1153,3017,SORRY
2435,2032,1971,1808,1936,-12428,8960,-1856,1997,-1909,2484,SORRY
2400,2004,1883,1680,1819,-12060,8684,-1908,2395,-1876,1620,SORRY
2417,1947,1910,1683,1987,-11940,9024,-1772,2646,-1677,481,SORRY
2354,1943,1810,1744,1776,-11612,8736,-2676,2713,-1978,-756,SORRY
2349,1939,1798,1775,1727,-10884,8896,-2984,2889,-2743,-1889,SORRY
2347,1936,1751,1727,1763,-10300,9384,-3160,2858,-2904,-2944,SORRY
2350,1959,1803,1767,1729,-9460,9764,-3380,2795,-2761,-4476,SORRY
2334,1986,1807,1888,1702,-8768,9844,-3680,2743,-2171,-6033,SORRY
2358,1966,1785,1808,1719,-9376,10256,-4096,2782,-1243,-6983,SORRY
2389,1971,1815,1813,1733,-11036,10160,-4656,2446,-899,-7870,SORRY
2351,1937,1789,1851,1713,-11488,10584,-4584,2062,-376,-7775,SORRY
2352,1923,1808,1769,1744,-12264,10388,-4852,1394,338,-7205,SORRY
2365,1907,1824,1753,1695,-12736,10692,-4156,789,475,-6791,SORRY
2339,1936,1824,1726,1772,-13492,10328,-4024,678,85,-6107,SORRY
2317,1905,1755,1714,1725,-14272,10800,-3844,143,53,-5101,SORRY
2330,1920,1773,1734,1677,-14752,10204,-3820,-830,-314,-4011,SORRY
2315,1889,1792,1718,1697,-14860,10060,-3372,-1591,261,-2723,SORRY
2261,1972,1674,1665,1623,-15140,9656,-3384,-2056,803,-1507,SORRY
2291,1906,1737,1685,1648,-15432,9332,-3132,-2428,923,-588,SORRY
2311,1903,1738,1759,1694,-16108,9072,-3424,-2916,1753,382,SORRY
2289,1885,1730,1775,1591,-16868,8804,-3204,-3539,1594,1443,SORRY
2281,1872,1712,1773,1666,-16788,8276,-3152,-3953,1353,2405,SORRY
2310,1870,1771,1642,1655,-17128,7832,-2996,-4281,719,2994,SORRY
2291,1910,1735,1698,1650,-17152,7328,-2884,-4010,437,3610,SORRY
2275,1872,1699,1664,1684,-17508,7012,-2648,-3674,873,4624,SORRY
2288,1911,1759,1719,1682,-17720,6892,-2304,-3719,799,5344,SORRY
2291,1904,1761,1676,1695,-16784,6800,-2052,-3598,82,5850,SORRY
2288,1961,1791,1779,1723,-15232,6764,-1336,-3548,249,6163,SORRY
2311,1929,1761,1728,1729,-14452,6544,-1200,-3188,763,5785,SORRY
2339,1943,1797,1767,1743,-13788,6804,-708,-2787,1007,5445,SORRY
2336,1920,1787,1743,1826,-13528,6896,-1140,-2370,1677,5024,SORRY
2356,1924,1872,1669,1823,-13432,6940,-1300,-1752,1939,4596,SORRY
2346,1921,1803,1782,1841,-13240,7372,-1580,-1128,1764,3950,SORRY
2329,1933,1799,1754,1717,-12544,7824,-1484,-719,1189,3134,SORRY
2332,1938,1811,1802,1798,-11940,8060,-1620,-71,597,2387,SORRY
2366,2000,1906,1809,1844,-11984,8192,-1764,1075,-1932,1411,SORRY
2367,2000,1846,1847,1842,-9820,8704,-1204,2391,-4022,-332,SORRY
2417,2011,1923,1938,1857,-9164,9276,-1428,2959,-3212,-2075,SORRY
2461,2111,2044,2029,1894,-8912,9412,-1520,3690,-1592,-3211,SORRY
2487,2137,2079,1996,1968,-9600,9804,-2076,4404,-1738,-4565,SORRY
2488,2146,2110,1953,1959,-8892,10336,-2392,4307,-1323,-5804,SORRY
2514,2142,2077,2038,2069,-8960,10356,-2856,3789,760,-6810,SORRY
2483,2159,2021,2000,1925,-9628,10444,-3128,3450,2952,-7314,SORRY
2477,2157,2033,2039,1927,-12584,10180,-4464,2965,3503,-7390,SORRY
2406,2062,1920,1922,1878,-15592,10276,-6204,2899,140,-6782,SORRY
2421,2071,1945,1963,1899,-13812,11120,-4888,1395,-1173,-5837,SORRY
2448,2139,2054,2033,1906,-12076,11340,-3648,146,1381,-4811,SORRY
2438,2091,1929,1937,1965,-13500,10268,-4440,-428,2760,-3885,SORRY
2410,2018,1908,1881,1846,-15812,9652,-5076,-597,1648,-2963,SORRY
2414,2062,1899,1904,1861,-15200,10596,-4048,-1805,1717,-1588,SORRY
2395,2031,1845,1857,1836,-14384,10604,-3600,-3361,2568,-600,SORRY
2384,2064,1827,1890,1776,-15552,9588,-3936,-3779,2487,228,SORRY
2371,2062,1862,1871,1813,-17112,9332,-4088,-4201,1327,1023,SORRY
2363,1969,1846,1807,1763,-16116,8716,-1800,-3944,1482,1835,SORRY
2327,1939,1774,1735,1766,-16468,7920,-340,-1741,2069,3448,SORRY
2295,1935,1772,1744,1766,-17808,7768,-980,-1870,-693,4210,SORRY
2303,1931,1703,1729,1586,-17832,7072,-2060,-1511,-3112,4452,SORRY
2319,1936,1754,1709,1655,-17376,6704,-2256,-1418,-4706,4791,SORRY
2325,1926,1769,1695,1702,-16512,6616,-2436,-1457,-4917,5948,SORRY
2335,1972,1750,1735,1729,-16180,6080,-2392,-982,-4701,5849,SORRY
2318,1978,1787,1749,1819,-15292,6416,-1088,-674,-4106,6136,SORRY
2321,2043,1799,1814,1712,-14344,6352,-836,-1145,-3003,7313,SORRY
2373,2039,1840,1898,1775,-13388,6552,-1004,-687,-1617,7657,SORRY
2428,2075,1978,1904,1845,-12720,7004,-1296,-329,-479,6686,SORRY
2438,2111,1984,1968,1825,-11748,7668,-1044,-39,976,5851,SORRY
2457,2124,2000,1995,1883,-11640,8372,-800,-552,1661,4736,SORRY
2480,2114,2017,1969,1924,-11848,8312,-1284,-1013,-1014,3658,SORRY
2466,2114,2030,2032,1946,-11060,8228,-856,-457,-4162,2155,SORRY
2493,2169,2081,2021,1951,-9968,8272,-236,594,-5015,1079,SORRY
2485,2192,2086,2061,1937,-9036,8544,-72,1851,-3585,-424,SORRY
2427,2106,1857,1842,1776,-9440,9068,-320,3199,-873,-2206,SORRY
2446,2063,1888,1970,1841,-10336,9256,-1124,4611,-291,-3484,SORRY
2428,2061,1873,1874,1792,-10080,9608,-1684,5664,-46,-4532,SORRY
2427,2047,1867,1839,1812,-8988,10740,-1656,5395,1227,-5439,SORRY
2417,2064,1866,1805,1783,-9308,10468,-3084,5554,2638,-6268,SORRY
2431,2043,1883,1823,1765,-11220,10760,-3716,5875,995,-6828,SORRY
2437,2015,1925,1835,1850,-11888,10980,-3988,5212,-1802,-7800,SORRY
2422,2075,1856,1835,1723,-11632,10972,-3692,4083,-1641,-8070,SORRY
2436,2079,1913,1871,1871,-12556,10568,-4056,3313,987,-7479,SORRY
2450,2102,1909,1952,1808,-14180,10624,-4492,2718,2572,-5945,SORRY
2480,2181,2094,2085,1860,-14404,11000,-4024,2163,935,-4940,SORRY
2487,2128,2075,2053,1904,-14172,10292,-3440,1715,-438,-4873,SORRY
2507,2157,2033,1990,1882,-13224,10204,-2776,1567,1320,-3944,SORRY
2479,2146,2041,2103,1910,-14100,10136,-3744,1213,2675,-2953,SORRY
2483,2132,2062,2011,1917,-15176,10060,-4208,821,371,-2113,SORRY
2498,2167,2095,2021,1907,-15144,9768,-4236,392,-3104,-2023,SORRY
2495,2169,2109,2064,1932,-14604,9744,-4136,-747,-3320,-1862,SORRY
2502,2161,2070,2036,2017,-15312,9884,-3988,-3016,389,-497,SORRY
2496,2201,2095,2004,1904,-16380,9820,-4080,-5868,3585,1429,SORRY
2499,2192,2032,2022,1910,-18156,9144,-4008,-7504,2443,1892,SORRY
2448,2192,2001,2087,1933,-16524,5812,-172,-6128,3244,2523,SORRY
2429,2185,1993,2036,1830,-18280,6068,2224,-2898,4504,3671,SORRY
2449,2141,2069,1995,2039,-19560,6248,608,-2412,1671,4211,SORRY
2457,2147,2054,2022,1891,-19084,6472,-1004,-2070,-3225,4601,SORRY
2455,2129,2029,2006,1906,-16728,7256,-1484,-1621,-4051,4996,SORRY
2477,2133,2103,2032,2004,-16544,6436,-2468,-1742,-2992,5104,SORRY
2474,2130,2096,2000,1981,-15536,6316,-2052,-2211,-2852,5895,SORRY
2448,2192,1978,2064,1809,-15844,6336,-1984,-2861,-3860,6785,SORRY
2477,2157,2023,2039,1919,-13664,6448,-1284,-2769,-4211,6683,SORRY
2480,2141,2057,2084,1943,-12268,6568,-412,-1634,-1219,6856,SORRY
2466,2151,2032,2080,1876,-13024,6776,-672,-919,462,5993,SORRY
2477,2122,2054,2112,1945,-13592,7408,-944,-14,689,5889,SORRY
2469,2172,2014,2099,1887,-12908,7864,-656,-391,-351,5769,SORRY
2465,2160,2055,2043,1902,-12272,8220,-684,-1157,-845,5537,SORRY
2498,2157,2108,2039,1901,-10884,8636,288,-1311,-1961,4528,SORRY
2528,2191,2090,2032,1873,-9844,8532,360,-617,2143,3303,SORRY
2519,2178,2138,2085,1943,-10792,9048,72,-414,1335,3134,SORRY
2496,2212,2114,1986,1983,-11580,8972,-424,1553,-2256,1923,SORRY
2523,2192,2077,2055,1949,-9692,9528,-40,3921,-4855,-356,SORRY
2511,2240,2092,2065,1908,-8572,10328,156,4358,-3739,-1937,SORRY
2450,2166,1922,1968,1737,-8664,10132,-648,4671,-9,-3369,SORRY
2466,2133,1974,2004,1856,-10288,10276,-1984,5018,1381,-3939,SORRY
2460,2157,1936,2011,1782,-10588,11096,-2852,5312,-259,-4827,SORRY
2469,2138,1966,1905,1898,-9600,11472,-2488,4507,-1733,-6129,SORRY
2448,2142,1967,1924,1783,-9236,11228,-2556,3749,-423,-7431,SORRY
2448,2163,1969,1968,1782,-11972,10612,-4284,3771,757,-7430,SORRY
2480,2137,1968,1933,1861,-13064,11444,-4092,3574,-701,-6936,SORRY
2495,2113,1989,1873,1936,-12656,11352,-3392,2794,-1927,-7072,SORRY
2479,2126,1987,1936,1887,-11996,10904,-2584,2411,-1279,-7238,SORRY
2480,2157,1995,1939,1930,-12304,10432,-2352,2489,688,-6589,SORRY
2479,2157,1989,1951,1874,-13708,10436,-2624,2003,2381,-5121,SORRY
2473,2167,1950,1936,1776,-15216,10380,-3068,1146,1858,-4394,SORRY
2467,2146,1936,1921,1803,-17548,10276,-3852,510,-526,-3582,SORRY
2475,2113,1960,1863,1815,-16288,10416,-3412,-495,-2017,-2261,SORRY
2500,2192,2059,2033,1878,-14372,10492,-2376,-1728,-1220,-1060,SORRY
2492,2192,2069,2041,1933,-14436,9744,-2308,-1964,-445,-737,SORRY
2508,2198,2057,2000,1883,-14776,9424,-1948,-2063,-154,93,SORRY
2523,2160,2127,2029,1915,-14872,9400,-1856,-3572,2235,1215,SORRY
2493,2205,2122,2089,1943,-16396,8900,-2792,-4654,3906,2020,SORRY
2515,2187,2123,1990,1997,-17152,8308,-1516,-4429,2421,2636,SORRY
2494,2157,2106,1973,2003,-16948,6716,-144,-1984,2408,2376,SORRY
2439,2130,1973,1968,1879,-17500,6564,148,578,1869,2411,SORRY
2448,2143,2033,1975,1931,-17352,6980,712,1063,-447,3950,SORRY
2448,2117,2002,2032,1883,-16816,6924,48,-191,-1328,4278,SORRY
2449,2128,2034,1955,1877,-16216,7020,-564,-1401,-1018,5285,SORRY
2451,2133,2031,1937,1913,-16172,6456,-808,-2082,-905,5830,SORRY
2442,2144,2032,2047,1890,-16100,6176,-1160,-1746,-1737,6326,SORRY
2436,2144,2009,2023,1808,-14104,6880,-616,-2082,-2522,6367,SORRY
2464,2145,2079,2045,1911,-12556,6720,-412,-1705,-1510,5907,SORRY
2458,2115,2036,1985,1861,-12676,6992,-812,-798,-392,5184,SORRY
2473,2098,2061,1985,1923,-12596,7368,-788,-211,27,4711,SORRY
2478,2119,2094,1919,1999,-12776,7588,-1048,142,199,3988,SORRY
2461,2123,2068,1963,1873,-12756,8072,-1056,265,-233,3371,SORRY
2449,2128,2063,1990,1856,-12000,8552,-788,-125,-365,3284,SORRY
2455,2118,2063,1979,1877,-11248,8620,-500,-1044,-623,3497,SORRY
2480,2125,2059,1987,1891,-11308,8700,-296,-391,-1531,2348,SORRY
2481,2168,2076,2099,1789,-10184,9492,696,1385,-2119,580,SORRY
2454,2182,2005,2065,1873,-10688,9552,-120,1966,-1204,-410,SORRY
2485,2172,2045,2080,1907,-10976,9512,-28,3171,-1829,-1147,SORRY
2512,2176,2123,2094,1981,-11232,10432,-256,3910,-1919,-1805,SORRY
2535,2143,2106,2094,1936,-11468,10648,-1208,4023,-1829,-2823,SORRY
2547,2202,2128,2133,1920,-10628,10800,-1344,3456,-1786,-3421,SORRY
2500,2124,1986,1902,1866,-9876,10920,-1828,3954,-1191,-4377,SORRY
2451,2109,1974,1899,1895,-9788,11056,-1908,4014,-466,-5325,SORRY
2480,2118,1954,1919,1873,-11120,11032,-2552,3218,-1388,-6333,SORRY
2480,2101,1949,1934,1847,-11996,10708,-2936,2880,-2826,-7232,SORRY
2461,2154,1885,1855,1853,-12304,10448,-3096,2701,-2634,-6941,SORRY
2478,2144,1954,1926,1840,-12680,10716,-2916,2182,-1127,-5988,SORRY
2480,2144,1968,1946,1853,-12768,10880,-2640,1230,-212,-5627,SORRY
2490,2159,1982,1951,1835,-14232,10168,-2904,910,-1271,-5447,SORRY
2474,2167,1970,1954,1822,-13844,9936,-2376,902,-2275,-5099,SORRY
2476,2145,1904,2033,1807,-12828,9896,-1384,661,-641,-4535,SORRY
2494,2122,1968,1941,1855,-13584,9636,-1308,693,1341,-3996,SORRY
2487,2105,2003,1931,1889,-15884,9436,-1816,890,1334,-3495,SORRY
2480,2120,2003,1933,1823,-16920,9076,-2312,920,-225,-2789,SORRY
2508,2201,2077,2071,1850,-15124,9380,-1136,381,-535,-1517,SORRY
2512,2162,2081,2038,2015,-14972,9908,-1060,-1311,1925,-259,SORRY
2502,2192,2066,1978,1921,-17508,8860,-2104,-1929,2963,52,SORRY
2512,2202,2085,2027,1931,-18640,8144,-2308,-1632,1434,834,SORRY
2497,2224,2032,2095,1868,-17020,7788,-1376,-1201,254,1707,SORRY
2467,2203,2033,2037,1950,-16608,8380,-516,-2448,2202,4021,SORRY
2503,2181,2094,1913,2000,-18104,7960,-136,-5035,2930,4943,SORRY
2487,2170,2035,2010,1927,-19188,6044,-120,-6152,26,6334,SORRY
2480,2143,2046,2000,1887,-16952,5460,1400,-4185,-4191,6801,SORRY
2479,2128,2032,2006,1911,-13680,5756,2500,-1916,-4619,5877,SORRY
2490,2128,2090,2031,1908,-12032,5956,2992,-566,34,4972,SORRY
2448,2193,2033,1962,1919,-14188,6244,1556,-507,4139,5369,SORRY
2486,2144,2065,1955,1939,-15844,6048,144,-92,3884,4602,SORRY
2496,2146,2032,2021,1916,-15884,6640,-916,813,1142,4519,SORRY
2485,2175,2069,2002,2032,-14196,7176,-720,739,241,4787,SORRY
2480,2143,2067,1994,1975,-13236,8148,-680,-35,1527,4693,SORRY
2496,2128,2096,1982,1969,-13072,8220,-1240,-562,2304,4604,SORRY
2459,2158,2053,2015,1881,-12308,8588,-532,-23,-490,3393,SORRY
2451,2153,2016,1969,1867,-10048,8340,-348,695,44,2587,SORRY
2448,2143,2010,1987,1863,-11132,9148,136,1658,-1478,2080,SORRY
2466,2145,2017,2039,1877,-9520,9328,588,2884,-3074,187,SORRY
2532,2117,2146,2011,1903,-9596,9472,896,3361,-2538,-1118,SORRY
2507,2160,2096,2035,1981,-10108,9328,76,4065,-768,-2180,SORRY
2526,2190,2073,2074,1988,-10760,9556,-876,4379,1157,-2722,SORRY
2507,2207,2042,2038,2016,-11548,9608,-1780,4701,2411,-3314,SORRY
2489,2210,2070,2047,1946,-12092,10428,-2448,4349,1091,-3201,SORRY
2495,2263,2018,2062,2000,-11096,10568,-2480,3148,-426,-3878,SORRY
2507,2204,2083,2064,1934,-9576,10140,-2448,2651,-299,-4977,SORRY
2502,2192,2062,2015,1887,-10384,10060,-3844,2852,433,-5485,SORRY
2475,2178,2030,2064,1894,-12160,10520,-4396,2146,-653,-6205,SORRY
2496,2189,2087,2065,1905,-12648,10720,-4252,410,-2851,-7378,SORRY
2514,2147,2103,1985,2027,-11436,10200,-2872,-995,-3081,-8344,SORRY
2505,2158,2086,1994,1921,-11852,8812,-2444,-1001,89,-8322,SORRY
2491,2198,2067,2011,1882,-15368,8828,-2604,-96,2069,-6984,SORRY
2453,2167,2003,2001,1883,-17328,8992,-2412,557,757,-5818,SORRY
2458,2173,1993,2026,1802,-16172,9032,-1372,905,-1048,-4662,SORRY
2432,2194,1967,2099,1845,-14740,8884,-556,285,1850,-3561,SORRY
2427,2107,1997,1993,1899,-16804,8856,-2024,-6,3948,-2240,SORRY
2345,1981,1829,1838,1712,-18140,9036,-2284,-916,874,-762,SORRY
2334,1968,1787,1836,1731,-17040,9104,-2060,-2272,-1868,351,SORRY
2330,1953,1792,1760,1663,-16516,8920,-2172,-3082,-2336,1134,SORRY
2338,1921,1819,1680,1771,-15784,9012,-1300,-3532,-422,2647,SORRY
2321,1922,1755,1712,1685,-16028,8448,-1356,-3326,1804,3612,SORRY
2330,1945,1771,1749,1657,-17304,7808,-916,-2134,1247,3692,SORRY
2302,1939,1692,1719,1606,-17316,7436,-4,-1379,155,4496,SORRY
2295,1951,1680,1664,1579,-16552,7104,376,-1644,-413,5379,SORRY
2293,1999,1662,1750,1600,-16844,6492,824,-1697,442,6153,SORRY
2306,1923,1743,1710,1650,-16912,6428,488,-1575,-340,6765,SORRY
2299,1915,1712,1689,1621,-15928,6768,172,-1899,-1494,7137,SORRY
2287,1907,1726,1712,1575,-14620,6556,-260,-2092,-990,7042,SORRY
2303,1907,1719,1744,1601,-13976,6148,-600,-2125,-571,7423,SORRY
2338,1866,1813,1596,1707,-14040,6288,-904,-1781,188,7599,SORRY
2296,1898,1739,1664,1648,-13504,6288,-856,-698,456,7196,SORRY
2301,1911,1761,1703,1659,-11180,7344,136,-92,1783,6963,SORRY
2325,1919,1742,1669,1728,-11580,8212,60,-300,5787,7399,SORRY
2283,1936,1669,1716,1566,-13128,7804,-1016,-699,3526,6009,SORRY
2267,1966,1695,1743,1589,-12196,8992,180,-832,-2296,4332,SORRY
2288,1917,1725,1724,1650,-10040,8536,360,-151,-2316,2235,SORRY
2274,1888,1712,1719,1616,-9280,8636,604,890,-656,921,SORRY
2282,1914,1738,1714,1670,-11096,9028,-520,1755,-174,-639,SORRY
2254,1899,1702,1711,1618,-11300,9700,-932,1472,-1940,-2318,SORRY
2287,1845,1748,1730,1654,-10532,10356,-788,545,-3197,-3435,SORRY
2302,1917,1749,1717,1663,-8800,9864,-1608,-93,-1856,-4116,SORRY
2300,1930,1775,1680,1661,-9488,9372,-2480,1965,-360,-5100,SORRY
2282,1890,1759,1715,1648,-9944,10568,-1836,3391,-383,-6161,SORRY
2265,1870,1679,1746,1579,-9884,10616,-1776,3865,656,-7352,SORRY
2285,1860,1712,1751,1490,-11736,10532,-2436,4012,2341,-7275,SORRY
2275,1894,1683,1649,1565,-13452,10836,-2644,4808,2757,-6523,SORRY
2256,1869,1697,1613,1482,-13384,11508,-2180,5133,2256,-6183,SORRY
2287,1903,1683,1646,1520,-12400,11688,-1892,4012,4195,-5163,SORRY
2331,1954,1755,1692,1535,-14344,11188,-3148,3465,4898,-4232,SORRY
2373,1990,1793,1650,1646,-16876,11504,-3900,3573,1542,-3708,SORRY
2356,1962,1790,1702,1627,-16152,11652,-3764,3081,-2056,-3344,SORRY
2358,1982,1814,1715,1670,-13372,11764,-2928,-535,824,-342,SORRY
2339,1955,1814,1635,1651,-15912,10964,-4496,-1561,2179,10,SORRY
2288,1959,1694,1647,1535,-16756,11288,-4188,-2084,325,637,SORRY
2309,1982,1729,1581,1490,-17056,10564,-3676,-2517,-1776,304,SORRY
2294,1936,1743,1634,1522,-13500,10512,-1800,-3469,-754,3070,SORRY
2302,1911,1750,1625,1577,-15816,10472,-1684,-6519,3834,4672,SORRY
2315,1941,1791,1669,1627,-18224,8572,-1088,-6452,2327,5096,SORRY
2295,1957,1713,1705,1535,-18056,7368,544,-4829,-1726,5958,SORRY
2342,1899,1810,1710,1597,-15384,7140,1528,-3352,-1985,6855,SORRY
2304,1937,1771,1707,1607,-15468,7544,1404,-3831,1703,8086,SORRY
2307,1931,1765,1669,1696,-16464,6944,-468,-4299,3888,8538,SORRY
2315,1905,1804,1586,1680,-16404,6608,-1396,-4129,2377,9645,SORRY
2313,1968,1742,1712,1616,-13956,6668,-1224,-4129,496,9571,SORRY
2321,1998,1759,1656,1683,-12064,7868,-280,-4009,2558,9468,SORRY
2319,1930,1746,1690,1631,-11592,7292,-808,-4247,3261,8061,SORRY
2303,1906,1728,1685,1625,-11140,7608,-472,-3767,1859,7535,SORRY
2314,1941,1742,1760,1623,-9960,8044,52,-3275,205,5599,SORRY
2304,1951,1728,1744,1658,-8760,8232,460,-2146,65,3896,SORRY
2345,1961,1850,1707,1887,-9360,8652,272,-643,-246,2205,SORRY
2365,1985,1862,1859,1789,-9208,9076,-8,1377,-735,86,SORRY
2370,2039,1890,1915,1853,-9320,9788,-544,3581,-1855,-1666,SORRY
2382,2091,1938,1889,1875,-9448,10864,-832,3706,-2688,-2956,SORRY
2383,2124,1924,1977,1802,-9348,11096,-1500,2795,-3972,-4821,SORRY
2399,2131,1908,1910,1715,-8788,11020,-2280,3295,-4034,-6149,SORRY
2403,2047,1933,1901,1811,-8420,11264,-2260,4046,-2525,-7208,SORRY
2400,2064,1930,1915,1829,-8812,12044,-1228,4036,-2688,-7383,SORRY
2412,2097,1931,1936,1808,-9168,12188,-1996,5121,-2633,-8478,SORRY
2436,2080,1982,1975,1855,-8736,11968,-1312,5903,186,-8542,SORRY
2444,2096,1991,1903,1882,-11180,11628,-2804,6947,3703,-7483,SORRY
2442,2116,1999,1943,1869,-14672,12840,-3452,5915,2888,-6175,SORRY
2441,2128,2003,2000,1837,-14044,12940,-2912,3875,192,-5419,SORRY
2400,2137,1984,2001,1799,-12236,12232,-2368,3312,474,-4900,SORRY
2448,2058,2004,1984,1863,-12292,11784,-2588,3547,2533,-3859,SORRY
2413,2101,1943,2009,1810,-15492,11860,-4104,3472,1225,-2735,SORRY
2423,2066,1963,1902,1809,-15704,11732,-3888,1758,-1694,-2496,SORRY
2412,2043,1968,1898,1835,-14952,11820,-3608,-77,-3895,-1902,SORRY
2430,2073,1957,1915,1835,-12584,11260,-2940,-705,-3241,-1208,SORRY
2430,2064,1983,1934,1808,-13180,10956,-2444,-1676,-443,107,SORRY
2387,2135,1890,1922,1843,-15112,10952,-2004,-4278,2182,658,SORRY
2384,2045,1895,1825,1765,-16372,10712,-1492,-6381,3009,807,SORRY
2348,1994,1816,1830,1699,-16932,8200,-944,-5336,4325,1559,SORRY
2305,1936,1737,1760,1613,-18396,7516,-164,-2814,3789,2992,SORRY
2330,1879,1744,1637,1662,-18716,8036,284,-2002,646,4503,SORRY
2301,1920,1657,1773,1627,-18284,8456,528,-3876,-2741,6006,SORRY
2309,1898,1725,1667,1674,-16588,7520,-796,-4570,-3715,6425,SORRY
2304,1893,1723,1659,1655,-15592,7304,-940,-3523,-3464,6770,SORRY
2329,1918,1754,1718,1601,-14196,6848,-836,-2900,-2581,7088,SORRY
2321,1911,1731,1679,1631,-13760,7344,-476,-2970,49,7406,SORRY
2284,1926,1671,1695,1638,-14312,7224,-648,-2975,351,6889,SORRY
2323,1933,1771,1648,1575,-13420,7220,-400,-2356,-513,6724,SORRY
2361,2003,1840,1861,1723,-11220,7512,156,-1616,-1000,6010,SORRY
2384,2013,1889,1936,1797,-10476,8348,752,-1624,682,5275,SORRY
2435,2042,1968,1815,1712,-10048,8696,1108,-1724,2143,3593,SORRY
2430,2035,2000,1808,1866,-10760,8808,492,-1053,1940,1988,SORRY
2409,2071,1955,1952,1792,-10504,9420,712,-734,588,922,SORRY
2422,2103,1972,1911,1854,-10708,9920,900,-1042,-1839,136,SORRY
2454,2128,2027,1925,1858,-9812,9352,716,-57,-3250,-911,SORRY
2448,2156,2016,2017,1840,-9144,9728,496,2523,-2685,-2309,SORRY
2485,2138,2001,2017,1807,-8864,10548,436,3961,-789,-3833,SORRY
2475,2158,2055,1987,1910,-10368,10968,-716,4394,888,-4470,SORRY
2495,2166,2079,1975,1946,-10780,11188,-2100,4755,-449,-4958,SORRY
2512,2171,2118,1999,2001,-10220,11692,-1756,4907,-2817,-5893,SORRY
2473,2177,2038,2021,1924,-9316,11988,-1948,5745,-2341,-6897,SORRY
2467,2215,2066,2064,1872,-9100,11928,-1376,5870,-1338,-6994,SORRY
2482,2187,2090,2037,1886,-10612,11308,-2624,6108,-914,-7555,SORRY
2486,2163,2078,2031,1933,-13328,11724,-4340,6130,-3579,-7395,SORRY
2466,2170,2069,2114,1933,-12668,12312,-4124,5011,-6376,-7275,SORRY
2474,2181,2064,2058,1887,-8820,12368,-1576,2392,-3520,-7210,SORRY
2506,2129,2111,2013,1953,-10284,10892,-1488,1976,4328,-6107,SORRY
2472,2157,2103,2010,1915,-14716,10224,-2016,2749,6108,-4689,SORRY
2502,2170,2097,2000,1962,-15608,10640,-1928,3712,2014,-4027,SORRY
2482,2144,2088,2006,1998,-14948,10788,-2328,3716,-2093,-4056,SORRY
2467,2234,2010,2001,1863,-12716,10380,-1944,1166,416,-3658,SORRY
2454,2210,2033,2053,1830,-14836,10152,-2768,420,4399,-1884,SORRY
2470,2146,2065,2009,1872,-17072,10112,-3312,910,3333,-531,SORRY
2433,2118,2000,2000,1805,-16148,10148,-2968,896,157,-805,SORRY
2416,2111,1953,1940,1786,-16120,10756,-2708,-592,-1953,-965,SORRY
2422,2096,1987,1970,1785,-14128,9996,-2540,-3310,1359,561,SORRY
2362,2000,1867,1769,1779,-15648,8716,-2736,-4374,6096,1949,SORRY
2341,1953,1791,1753,1713,-17628,6900,-1576,-2497,6204,2155,SORRY
2306,1956,1737,1731,1684,-18744,6552,344,36,4332,2838,SORRY
2341,1929,1746,1697,1706,-18296,7148,1200,-832,2726,4246,SORRY
2305,1984,1712,1612,1648,-18492,7040,984,-3144,883,5909,SORRY
2290,1943,1693,1711,1529,-17468,6648,-672,-3227,-827,6299,SORRY
2303,1899,1684,1625,1605,-15824,6340,-1448,-2627,-999,6555,SORRY
2285,1905,1689,1635,1568,-14308,6684,-1396,-2045,409,6580,SORRY
2307,1921,1744,1754,1616,-13792,7048,-1376,-2206,1067,6269,SORRY
2312,1893,1718,1636,1752,-13616,6980,-1676,-1704,-40,5690,SORRY
2322,1905,1775,1635,1680,-12132,7328,-1344,-1778,275,5346,SORRY
2330,1936,1751,1681,1677,-11680,8028,-1108,-1523,2745,5163,SORRY
2329,1936,1760,1712,1660,-10940,8776,-1076,-2015,4289,4869,SORRY
2327,1989,1771,1762,1719,-12228,8944,-1496,-2254,2957,3986,SORRY
2325,2014,1811,1702,1806,-13008,8860,-1768,-2675,5,4029,SORRY
2347,2031,1814,1851,1732,-10804,8864,-704,-1744,-2792,2653,SORRY
2407,2065,1949,1955,1811,-8908,8820,256,302,-1425,1017,SORRY
2415,2082,1959,1991,1840,-9716,9092,-360,2257,-817,-115,SORRY
2420,2113,2001,2002,1887,-9532,9868,-888,3309,-1834,-2103,SORRY
2460,2151,2063,1903,2023,-8196,9416,-1216,4129,-1141,-3762,SORRY
2473,2119,2099,2016,1933,-9032,9420,-3000,6309,-943,-4648,SORRY
2480,2158,2092,2074,1927,-8916,10424,-3068,6718,-1292,-6162,SORRY
2477,2165,2123,2019,1981,-9812,10276,-3876,6878,-1168,-8191,SORRY
2478,2150,2128,2033,1933,-11076,10472,-4224,6442,-725,-8791,SORRY
2499,2142,2151,2039,1968,-11192,10828,-4212,6442,612,-8892,SORRY
2464,2129,2070,2057,1937,-12980,10756,-4700,6161,1835,-8307,SORRY
2454,2112,2024,1994,1895,-14168,11304,-4104,5307,1516,-7505,SORRY
2443,2128,2016,2021,1846,-15052,11064,-4260,4606,1188,-6840,SORRY
2447,2140,2037,2058,1851,-16096,10556,-4800,4383,687,-5759,SORRY
2451,2132,2128,1893,2047,-15592,11020,-3852,3005,452,-3251,SORRY
2454,2119,2070,2064,1946,-15368,10836,-3660,1362,-106,-2183,SORRY
2442,2118,2011,1947,1893,-16116,10260,-4244,864,-1894,-2233,SORRY
2433,2082,1982,1856,1844,-15964,9496,-4272,802,-3877,-1841,SORRY
2384,2001,1886,1731,1840,-14468,8836,-3764,1423,-4865,-674,SORRY
2346,1922,1893,1711,1834,-14092,10084,-2888,-1415,-786,2402,SORRY
2370,1981,1851,1762,1778,-15872,9408,-3388,-5129,2490,2522,SORRY
2340,1968,1778,1787,1687,-17188,8540,-4064,-6239,1496,3116,SORRY
2346,1968,1826,1759,1730,-16432,7956,-2572,-5303,-738,3643,SORRY
2365,1974,1869,1777,1751,-15544,6856,-208,-3265,-837,3889,SORRY
2337,2012,1716,1830,1761,-15960,7084,900,-2914,1214,4706,SORRY
2352,1990,1834,1808,1743,-17280,6120,-156,-2959,374,4723,SORRY
2369,2000,1829,1780,1726,-16092,6600,-1164,-2044,-276,4870,SORRY
2351,2004,1830,1826,1714,-14960,6708,-1948,-1992,-150,5372,SORRY
2366,1999,1855,1793,1856,-14684,6876,-2128,-2194,727,5588,SORRY
2340,1959,1859,1699,1811,-14152,6824,-1984,-2384,841,5315,SORRY
2354,1995,1824,1817,1744,-14052,6808,-1856,-2440,121,5479,SORRY
2352,2007,1854,1847,1729,-12684,7172,-1592,-2483,-913,4910,SORRY
2391,2083,1939,1919,1783,-11852,7508,-844,-2740,1399,4219,SORRY
2417,2067,1981,1842,1835,-11596,8440,-1200,-3139,3313,3583,SORRY
2395,2093,1941,2033,1622,-12844,7964,-1984,-3069,2671,3366,SORRY
2432,2128,1981,2032,1851,-11956,8180,-1544,-1578,-3083,1631,SORRY
2459,2149,2027,2039,1841,-8956,8584,-460,382,-3751,64,SORRY
2466,2166,2047,2133,1923,-7516,8724,-76,2859,-1308,-1893,SORRY
2448,2181,2026,2104,1830,-8672,9132,-1388,4947,921,-3149,SORRY
2435,2195,1970,2108,1823,-9740,10020,-2348,5932,1317,-4646,SORRY
2461,2163,2033,2043,1909,-10724,9944,-3368,6009,-132,-6347,SORRY
2453,2117,2044,2031,1897,-10756,10012,-4220,6696,-1070,-7447,SORRY
2449,2128,2031,2017,1840,-11056,10508,-4620,7088,-191,-7700,SORRY
2443,2140,2031,1999,1891,-12232,11096,-4748,5743,941,-6875,SORRY
2481,2096,2053,2047,1929,-12960,10748,-4916,4351,376,-6739,SORRY
2459,2139,2059,2032,1878,-13112,10380,-4540,4044,162,-6546,SORRY
2448,2118,2035,1923,1843,-14192,9716,-4516,4602,-924,-7012,SORRY
2435,2078,2032,1850,1872,-13988,9608,-3920,5204,-1904,-7450,SORRY
2427,2063,1998,1839,1791,-14784,9964,-3660,3577,-295,-6308,SORRY
2457,2006,1979,1797,1875,-16536,10100,-4084,647,1810,-4855,SORRY
2399,2022,1930,1813,1749,-17764,9624,-4688,-2368,2482,-2521,SORRY
2363,1973,1838,1798,1744,-18464,7920,-4436,-3792,1616,91,SORRY
2363,1968,1867,1795,1725,-18556,7256,-1660,-3385,2049,2021,SORRY
2353,1971,1833,1814,1699,-19080,6852,340,-2191,2100,3602,SORRY
2393,1970,1904,1698,1783,-18540,5828,516,-2186,-501,5545,SORRY
2371,1968,1858,1796,1755,-17704,5644,-1508,-1238,-2748,5920,SORRY
2378,1989,1831,1822,1779,-16460,6328,-1744,-1196,-1349,6226,SORRY
2359,2005,1849,1840,1806,-16120,6228,-2320,-2128,-408,6756,SORRY
2347,1999,1829,1745,1746,-16224,5816,-2896,-2562,177,6841,SORRY
2374,2045,1844,1808,1820,-15732,6348,-2656,-3027,-639,7124,SORRY
2391,2034,1899,1868,1838,-14064,6584,-2448,-4442,-1352,7117,SORRY
2395,2064,1923,1856,1773,-12716,7012,-1768,-4767,-386,6538,SORRY
2411,2059,1983,1862,1856,-12044,7472,-1964,-4071,1108,5626,SORRY
2431,2114,2000,1904,1871,-12692,8392,-1880,-3065,-407,4401,SORRY
2432,2157,1978,1953,1850,-12768,8628,-1352,-2566,-3852,3390,SORRY
2454,2159,2055,2036,1875,-10536,8244,-320,-1780,-4400,2105,SORRY
2483,2192,2080,2098,1875,-9852,8560,180,-652,-2717,1173,SORRY
2463,2224,2044,2081,1856,-10116,8104,-692,1369,-2042,-326,SORRY
2461,2202,2042,2039,1875,-9824,8456,-1364,3855,-3318,-1244,SORRY
2459,2224,2037,2065,1968,-8112,9480,-1836,4784,-1663,-2869,SORRY
2471,2160,2080,2074,1922,-7552,9908,-2788,5409,956,-4490,SORRY
2462,2172,2085,2039,1933,-9816,9992,-4548,5434,935,-5642,SORRY
2467,2173,2110,1974,1970,-11792,10440,-5164,5188,-2545,-6968,SORRY
2480,2167,2096,2030,1939,-10836,11064,-4328,3922,-2868,-7405,SORRY
2435,2197,1989,2127,1792,-10804,11232,-3744,2279,1447,-6828,SORRY
2480,2187,2086,2071,1931,-14192,10776,-4280,1564,3843,-6439,SORRY
2485,2192,2096,2103,1913,-16924,10392,-3700,1257,2065,-5782,SORRY
2482,2197,2064,2119,1841,-17480,10344,-2644,1498,-752,-5665,SORRY
2459,2214,2037,2085,1869,-15484,10396,-1772,1600,-1576,-5297,SORRY
2429,2186,2003,2102,1785,-15080,10252,-1696,69,562,-1652,SORRY
2454,2146,2032,2003,1901,-16096,9696,-2360,-1358,2122,158,SORRY
2439,2133,2003,1982,1851,-18528,8068,-3080,-1410,709,704,SORRY
2454,2145,2023,2021,1930,-17332,8088,-568,-985,-1636,1884,SORRY
2449,2133,1994,1990,1837,-16664,7064,460,-2481,-904,4705,SORRY
2457,2159,2056,2054,1829,-17488,6088,804,-3515,-1157,6283,SORRY
2454,2128,2026,2036,1888,-17912,5324,140,-2944,-3256,6344,SORRY
2479,2155,2063,1986,1867,-15988,5600,-400,-1889,-3156,6105,SORRY
2477,2117,2019,1977,1849,-13796,6496,96,-2534,-223,6855,SORRY
2479,2129,2043,1979,1844,-12964,6572,-824,-2579,35,6011,SORRY
2470,2107,2065,2074,1761,-11292,7128,-444,-2243,-434,3456,SORRY
2464,2139,2011,1997,1862,-10372,7176,-528,-2324,-300,1698,SORRY
2435,2139,2015,1955,1828,-10764,7092,-1020,-1636,-193,178,SORRY
2438,2149,1994,1990,1818,-10328,7356,-688,385,-215,-1712,SORRY
2434,2159,2017,1975,1840,-10100,8308,-224,2492,-568,-3716,SORRY
2455,2087,2021,2022,1954,-11108,8672,256,3598,-1255,-5228,SORRY
2432,2096,1984,1938,1879,-12992,8236,448,4309,-1927,-5889,SORRY
2433,2100,1994,1911,1864,-15452,8040,-140,5019,-2113,-5663,SORRY
2431,2033,1994,1920,1808,-17088,8148,-332,5601,-2846,-3773,SORRY
2415,2030,1937,1899,1808,-15932,8508,-272,6434,-3402,-2397,SORRY
2434,2027,1984,1890,1807,-15020,8616,-528,7077,-3287,-1567,SORRY
2407,2053,1923,1879,1792,-14700,8628,-1344,7581,-3015,-1112,SORRY
2394,2041,1915,1869,1746,-14392,8616,-1984,7555,-2695,-764,SORRY
2387,2055,1887,1872,1731,-14284,8832,-2736,6750,-2013,-68,SORRY
2343,1984,1808,1791,1659,-14300,9072,-3244,5492,-1725,356,SORRY
2368,1921,1904,1796,1687,-14088,9116,-3888,4510,-1398,-37,SORRY
2358,1968,1819,1806,1735,-14344,9156,-4180,3449,-757,-190,SORRY
2380,1973,1853,1793,1744,-14148,9476,-3980,1954,-519,312,SORRY
2353,1935,1827,1810,1712,-13944,9692,-4028,121,237,546,SORRY
2353,1951,1824,1804,1712,-14312,9576,-4012,-1464,902,650,SORRY
2355,1943,1808,1879,1680,-14108,9720,-3720,-2617,832,948,SORRY
2355,1968,1782,1778,1739,-13852,9656,-3288,-3581,763,1158,SORRY
2342,1951,1797,1758,1712,-13276,9456,-3016,-4239,1033,1208,SORRY
2325,1972,1793,1806,1705,-12584,9344,-2512,-5074,2165,1639,SORRY
2333,1955,1756,1744,1633,-13080,8732,-2512,-5695,3081,1637,SORRY
2373,1919,1887,1776,1664,-13500,7884,-2520,-5927,1764,1640,SORRY
2347,1983,1813,1804,1744,-13396,7236,-1672,-5885,237,1125,SORRY
2368,1985,1871,1761,1790,-13176,6536,-512,-5808,483,696,SORRY
2381,1923,1883,1754,1744,-13104,6108,332,-5609,1465,313,SORRY
2374,1971,1874,1794,1776,-13180,5692,908,-5265,2356,-448,SORRY
2391,1963,1872,1846,1712,-14180,5184,1232,-4487,2844,-1531,SORRY
2373,2000,1859,1822,1805,-14948,5088,1248,-3079,2765,-2423,SORRY
2364,1985,1857,1811,1727,-14868,5584,1016,-2069,3258,-3032,SORRY
2378,1998,1876,1832,1776,-15512,6152,692,-1386,3935,-3368,SORRY
2398,2001,1923,1837,1852,-16056,6532,88,-1019,3780,-3168,SORRY
2369,2084,1872,1858,1824,-16472,6696,-308,-566,2547,-3109,SORRY
2389,2033,1890,1870,1789,-16384,7264,-132,538,1121,-2755,SORRY
2403,2109,1941,1949,1801,-15764,7360,44,1210,535,-2306,SORRY
2383,2102,1885,1881,1805,-15356,7544,-140,1934,824,-1756,SORRY
2395,2119,1894,1938,1703,-15912,7532,-636,2691,412,-1103,SORRY
2401,2083,1959,1867,1821,-15356,8084,-776,3042,-519,-501,SORRY
2407,2064,1910,1870,1795,-14924,7744,-1376,3344,-801,-117,SORRY
2393,2053,1929,1882,1814,-14684,7824,-1476,3643,554,437,SORRY
2419,2086,1959,1867,1808,-15216,8320,-2052,3352,2090,1220,SORRY
2406,2047,1952,1835,1811,-16412,7996,-2856,2842,1671,2003,SORRY
2396,2071,1910,1984,1699,-16652,8260,-2828,1967,577,3112,SORRY
2411,2080,1933,1889,1826,-16180,7904,-2672,612,511,4171,SORRY
2420,2037,1936,1936,1854,-15540,7560,-2408,-286,350,5041,SORRY
2169,1681,1302,1113,1040,-12184,6188,6556,-5519,320,4532,GO
2159,1679,1311,1117,1056,-11144,6420,7036,-4442,931,3592,GO
2185,1653,1310,1023,1073,-11308,7092,6920,-3750,2094,2198,GO
2192,1685,1203,1228,935,-12100,6940,6808,-3293,2599,834,GO
2218,1617,1358,1081,1157,-12948,6404,6480,-2817,2215,367,GO
2147,1658,1283,1066,1017,-13868,6240,6060,-1864,983,768,GO
2160,1635,1266,1095,1074,-13744,6840,6192,-1286,-332,1209,GO
2150,1673,1298,1088,1040,-13472,6496,6280,-955,-448,895,GO
2159,1703,1264,1093,1086,-13660,6776,6232,-579,19,585,GO
2176,1638,1191,1123,1062,-13740,6996,5732,-607,86,569,GO
2219,1664,1340,827,1065,-13852,7128,5700,-522,-334,728,GO
2169,1645,1280,1136,1059,-13760,7072,5860,-408,-856,784,GO
2149,1679,1271,1055,1146,-13480,7372,5764,-299,-441,671,GO
2166,1700,1270,1154,823,-13784,7452,5304,-68,-3,393,GO
2177,1648,1348,1004,1200,-14004,7424,5064,120,-187,358,GO
2160,1670,1258,1088,961,-14260,7240,4420,296,-591,274,GO
2160,1663,1255,1120,1229,-14500,7460,3848,259,-674,263,GO
2176,1711,1311,1052,1069,-14612,7636,3648,-383,-504,389,GO
2167,1649,1321,1149,1043,-15256,7008,2896,-672,-304,486,GO
2157,1651,1263,1153,976,-15280,7332,2532,-1378,-150,1253,GO
2169,1676,1264,1103,1034,-15560,7552,2220,-2887,8,2345,GO
2181,1662,1302,1103,1079,-15664,7468,2228,-3968,75,2512,GO
2143,1685,1238,977,1104,-15040,7448,2296,-4875,600,2814,GO
2238,1653,1322,1098,1005,-14384,7688,2488,-5780,1476,3284,GO
2153,1709,1230,1068,1110,-14208,8128,2516,-8587,2135,4921,GO
2169,1615,1310,1093,993,-14592,8044,2436,-11804,1578,6636,GO
2160,1649,1251,1045,1068,-14136,6940,2000,-14496,772,6205,GO
2077,1584,1232,1071,1085,-14236,6292,3448,-14436,-381,4669,GO
2064,1535,1086,1104,1035,-13412,5772,4836,-13264,-3265,4070,GO
2065,1555,1207,1069,881,-11660,5860,7084,-13108,-3651,3662,GO
2082,1580,1226,1083,1005,-11208,4952,7356,-10571,-2704,2673,GO
2090,1584,1232,1202,1218,-11544,5696,8996,-8234,-2221,1382,GO
2071,1589,1232,993,1170,-12216,5332,10912,-8408,-3121,924,GO
2063,1527,1229,1114,1053,-10776,4676,12176,-7194,-2526,1376,GO
2038,1559,1277,1053,1141,-9712,4580,12512,-4684,1485,1444,GO
2064,1559,1217,1061,1017,-10692,4768,12188,-2071,4607,1173,GO
2079,1573,1223,1059,1098,-11856,5240,10916,-691,4789,934,GO
2069,1594,1263,1089,1075,-12088,5924,10064,-286,3472,678,GO
2094,1581,1267,1095,1009,-12404,5796,9276,-154,1993,597,GO
2032,1622,1198,1104,1037,-12556,5592,8776,701,1574,271,GO
2017,1599,1264,1088,1055,-12936,6196,8792,1175,2579,-363,GO
2087,1628,1230,1075,990,-13676,6280,8332,389,3087,-159,GO
2083,1575,1251,1142,1011,-14620,6212,7584,-246,2395,986,GO
2066,1634,1103,1070,1023,-14780,6084,7108,-341,1618,1676,GO
2065,1595,1233,1168,946,-14852,6080,6708,-139,1377,2002,GO
2077,1568,1238,1065,1102,-14680,6388,6196,-438,1821,2896,GO
2074,1568,1245,1068,1008,-14472,7024,5696,-916,1835,3625,GO
2087,1574,1232,1038,1122,-14224,7408,5532,-1605,2114,3748,GO
2081,1595,1247,1098,1061,-14548,7596,5148,-2553,1934,4016,GO
2089,1589,1292,1139,975,-13920,7440,5216,-3039,2597,4132,GO
2087,1589,1244,1105,869,-14444,7104,5248,-3902,3498,4160,GO
2074,1565,1227,1145,1071,-15036,6988,4892,-4444,3378,4671,GO
2093,1532,1258,1123,1040,-14940,7044,5092,-5865,2779,6400,GO
2054,1597,1167,1057,1003,-13928,6692,5328,-7920,3060,8525,GO
2043,1584,1264,1109,1040,-14564,6828,5144,-9603,4599,9641,GO
2071,1560,1219,1091,1043,-15664,6380,5288,-10241,4443,9230,GO
2055,1558,1181,1162,979,-15104,5552,5676,-10639,1692,11061,GO
2062,1554,1225,1232,1052,-13380,5992,6544,-10775,952,12326,GO
2090,1535,1238,1136,1120,-12380,7496,7880,-11970,3286,11205,GO
2059,1591,1178,1153,1008,-13072,6708,8508,-13210,3170,10689,GO
2083,1583,1249,1082,1309,-11700,6228,9324,-11934,1030,11153,GO
2076,1606,1239,1104,978,-8928,6576,10400,-9454,1661,9746,GO
2094,1559,1261,1045,1039,-7740,7416,10864,-7747,4572,7360,GO
2066,1600,1271,1091,937,-8584,7516,10620,-6651,5603,5660,GO
2077,1582,1232,1136,1037,-8996,6952,10568,-6071,4283,5195,GO
2078,1570,1254,1170,1056,-9172,6464,10820,-4877,2858,4806,GO
2074,1573,1232,1118,1008,-8908,6732,10144,-3362,1983,4513,GO
2069,1582,1225,1108,1012,-9292,7540,9988,-2118,1346,3823,GO
2076,1589,1225,1149,1044,-9424,7296,9996,-1845,402,2935,GO
2100,1583,1289,1037,1071,-9404,7492,9472,-1275,297,2101,GO
2095,1577,1230,1122,1082,-9396,7912,9428,-1122,776,1905,GO
2087,1601,1242,1098,1134,-9732,7948,9192,-1371,1031,1555,GO
2075,1616,1445,1117,996,-10448,7536,8700,-743,1140,805,GO
2111,1563,1301,1016,1283,-11280,7796,7996,-740,431,949,GO
2078,1530,1229,1244,990,-11168,8156,7660,-948,-88,986,GO
2105,1567,1242,1211,1216,-10532,7880,7244,-1552,699,999,GO
2079,1554,1232,1040,1098,-10344,7472,5964,-2000,1995,1033,GO
2097,1579,1253,1066,1000,-10340,8144,4572,-2996,1709,1046,GO
2090,1648,1253,1106,1072,-10628,8440,4676,-5368,-1193,745,GO
2111,1535,1298,1077,1104,-8548,7968,4964,-7387,-3483,18,GO
2080,1581,1246,1042,1081,-6232,7356,5080,-8473,-3143,-1232,GO
2111,1591,1059,1088,1193,-4572,6128,4604,-7990,-1227,-3233,GO
2080,1618,1213,1087,953,-5788,6916,4976,-7685,-859,-4790,GO
2116,1535,1236,1093,1201,-8224,7416,7112,-10627,-4321,-6441,GO
2119,1575,1247,1168,1013,-7116,5128,9792,-11834,-5651,-8066,GO
2096,1584,1244,1123,1088,-5492,3484,11576,-9479,-2,-8933,GO
2085,1593,1219,1099,992,-10144,4080,12016,-7481,3920,-8968,GO
2128,1584,1279,1113,1129,-15052,3824,12704,-8364,-394,-8856,GO
2115,1638,1296,1111,1012,-13464,1936,14236,-7156,-3646,-8016,GO
2123,1637,1289,1118,1144,-11252,1216,14724,-5222,120,-6717,GO
2128,1611,1300,1168,1091,-13408,1420,14052,-3872,3376,-5001,GO
2154,1657,1331,1168,1166,-15348,1988,14224,-3218,3067,-4276,GO
2111,1665,1231,1107,994,-15224,1472,14452,-2936,2633,-3835,GO
2160,1614,1373,1074,1075,-14388,1712,14352,-2472,2948,-2762,GO
2115,1655,1243,1131,1108,-14120,2000,13728,-1763,3413,-1779,GO
2128,1646,1456,1104,747,-14704,2104,13600,-857,2582,-1330,GO
2128,1617,1280,1110,1089,-14364,1976,13268,94,495,-1134,GO
2121,1627,1264,1138,1039,-13176,2252,13464,1089,362,-1100,GO
2122,1600,1264,1103,1053,-12828,2100,12864,1634,1375,-839,GO
2128,1587,1297,1132,1133,-12576,2064,12276,1965,1604,-584,GO
2107,1620,1278,1123,975,-12464,2088,11272,2696,1499,-505,GO
2103,1578,1282,1268,1078,-12732,2268,10728,3051,204,-731,GO
2111,1600,1329,1096,1232,-12508,1928,10360,3296,-550,-776,GO
2112,1535,1255,1166,1119,-11760,2152,10380,3021,-137,-477,GO
2107,1587,1298,1055,1205,-11560,2752,10024,2989,1866,-617,GO
2098,1597,1232,1104,1043,-12944,2556,9524,2707,2468,-866,GO
2103,1584,1233,1104,1120,-13532,2140,8936,2210,1807,-289,GO
2098,1567,1277,1097,1117,-14236,1408,8028,2687,1461,397,GO
2080,1584,1264,1147,1128,-12436,2832,8112,1245,3403,2534,GO
2086,1585,1243,1136,1055,-14508,3348,6652,-1565,5232,5076,GO
2092,1599,1258,1386,1093,-15300,3092,6160,-2957,4241,3918,GO
2109,1574,1294,1137,1113,-14640,3540,6248,-3848,2847,4547,GO
2096,1561,1313,1094,1247,-14272,3264,6648,-4836,2495,6323,GO
2063,1489,1344,1216,1038,-13184,3512,7160,-6865,5339,9368,GO
2099,1572,1261,1056,1079,-16392,4568,6484,-8979,6904,10712,GO
2076,1574,1245,1063,980,-16888,4968,6344,-9795,3924,8486,GO
2092,1583,1142,1072,1014,-14328,4572,6688,-10035,1757,8024,GO
2096,1584,1232,1081,1101,-13568,4620,7032,-8830,2405,7771,GO
2106,1535,1215,1168,1013,-13316,4784,7704,-7760,5128,6452,GO
2099,1579,1255,1011,1090,-14140,4480,7736,-8331,6469,6714,GO
2096,1585,1254,1076,1014,-14792,4048,7184,-8649,4442,6939,GO
2102,1587,1290,1085,1222,-14564,2888,8824,-8896,2344,7130,GO
2074,1629,1242,1159,1023,-13556,1840,10336,-9124,2729,8501,GO
2071,1589,1201,1019,1219,-13052,2076,10912,-8439,4012,8604,GO
2091,1535,1269,1159,1043,-12508,1556,11156,-7552,5128,7805,GO
2064,1535,1305,1154,1007,-13260,1488,11004,-6749,4276,7258,GO
2061,1565,1181,1072,1044,-13036,1460,11012,-5820,2366,6706,GO
2091,1556,1235,1136,1081,-11228,1048,11460,-4914,1862,6682,GO
2070,1485,1212,1009,1040,-10916,1556,11040,-4071,3296,5928,GO
2108,1572,1262,1071,1087,-11464,1608,10384,-2857,3675,4221,GO
2096,1567,1264,1113,1192,-11564,1876,10220,-1699,2885,3042,GO
2096,1566,1278,1042,1097,-11884,2164,9972,-888,1825,1755,GO
2097,1616,1233,1115,1064,-12276,1920,9564,-308,868,857,GO
2185,1635,1440,1115,973,-12336,2124,9708,1097,-142,387,GO
2274,1751,1331,1063,1158,-12512,2348,9700,2500,-9,-163,GO
2237,1727,1344,1175,1203,-12872,2840,9236,3104,95,-677,GO
2228,1719,1350,1199,1170,-12704,3364,8592,3230,67,-986,GO
2212,1687,1313,1179,1131,-13228,3432,8124,3634,1268,-1225,GO
2167,1586,1255,1168,1104,-14776,3176,7268,3704,1470,-757,GO
2174,1605,1297,1115,1360,-14744,3804,6816,4418,773,290,GO
2129,1620,1247,1132,1017,-14752,4676,7872,3815,1311,787,GO
2119,1582,1319,1066,1072,-16220,3956,8360,2550,2225,1585,GO
2097,1635,1200,1121,1040,-17668,3044,7952,3445,2332,3564,GO
2255,1735,1298,1250,1058,-19204,2824,7388,6268,120,7108,GO
2272,1797,1413,1238,1280,-20812,4200,7876,8641,-5306,10560,GO
2288,1821,1456,1343,1105,-22312,5528,9652,8876,-13808,13812,GO
2280,1804,1480,1267,1209,-19712,4428,11616,9893,-19080,17720,GO
2277,1850,1403,1319,1152,-17144,6936,13880,13383,-20085,20966,GO
2259,1840,1206,1275,1076,-15104,9660,14552,15600,-20658,20860,GO
2279,1808,1451,1281,1214,-12868,8164,13364,19066,-22812,20725,GO
2305,1868,1501,1251,1188,-9472,6500,10444,26745,-24401,20580,GO
2333,1889,1563,1288,1243,-4472,9780,9412,32767,-20419,19559,GO
2277,1883,1455,1323,1142,-2160,13200,7048,30852,-11167,18236,GO
2323,1794,1442,1188,1247,-4660,11968,2404,26340,-6318,15361,GO
2360,1840,1386,1169,1079,-3472,10588,-1840,23217,-7571,14520,GO
2275,1798,1402,1200,1099,-2588,10888,-1192,20022,-9805,15637,GO
2265,1776,1366,1143,1104,-756,11036,-400,17672,-11340,14133,GO
2223,1779,1361,1195,1081,1992,12252,-1660,15081,-9638,11802,GO
2224,1767,1278,1264,878,2028,13688,-2648,11560,-6653,8642,GO
2259,1749,1265,1069,1121,2016,15108,-1924,7484,-4701,6350,GO
2237,1731,1416,1243,1097,1748,14080,-2064,4160,-4419,4843,GO
2215,1755,1293,1207,1121,2712,14288,-1224,4214,-2819,2894,GO
2211,1661,1351,1199,1059,1924,16220,-836,3924,-283,622,GO
2249,1730,1230,1067,1021,428,17312,332,1684,-237,-459,GO
2234,1728,1371,1136,1051,-912,17480,1032,-593,-2322,-327,GO
2224,1758,1238,1155,1136,216,15656,1460,854,-2285,261,GO
2224,1755,1326,1143,941,-1060,18008,4088,1337,-489,85,GO
2242,1731,1332,1119,1083,-2624,18216,5112,456,-1858,363,GO
2239,1712,1427,997,1178,-1904,16812,4716,2440,-3802,1218,GO
2227,1744,1488,1120,1102,-2076,17748,5760,5109,-3209,2287,GO
2255,1757,1357,1146,1072,-3000,17156,5204,6522,-4159,2916,GO
2224,1770,1290,1105,1077,-2360,17148,2912,9113,-5404,3630,GO
2258,1680,1360,1100,1358,-2288,16868,-76,9995,-6320,4429,GO
2201,1829,1295,1199,944,-1924,15856,-3412,9610,-8945,6237,GO
2239,1708,1593,1116,1155,-720,15716,-5752,7431,-10694,8023,GO
2210,1718,1312,1095,999,560,15112,-7496,5697,-11005,7915,GO
2224,1720,1306,1136,975,1400,15376,-7592,2994,-10859,7820,GO
2229,1719,1059,1109,1110,2616,14432,-7592,806,-10376,7417,GO
2271,1662,1439,1082,1187,3736,15316,-5344,-1116,-9370,6807,GO
2223,1742,1331,1142,955,4544,14572,-4196,-1592,-7109,5078,GO
2301,1747,1378,1106,1162,4888,14700,-3168,-497,-4828,2819,GO
2261,1726,1353,1229,1003,4620,15292,-2184,-115,-3142,862,GO
2266,1740,1415,1104,1142,4504,14660,-2208,857,-2743,-725,GO
2202,1776,1282,1262,1296,4384,14920,-2824,2119,-2002,-1496,GO
2238,1725,1328,1117,1104,3336,15700,-2792,1549,-1818,-1476,GO
2241,1733,1347,1094,1009,3184,15000,-3160,1330,-2140,-1312,GO
2241,1724,1361,1085,1119,2792,15208,-3264,1479,-1666,-1440,GO
2224,1730,1340,1099,1039,2368,15628,-3252,844,-1458,-1529,GO
2202,1776,1278,1216,1013,2300,15584,-2988,145,-2011,-1237,GO
2248,1718,1355,851,1072,2368,15580,-3068,389,-2525,-1191,GO
2267,1703,1350,1141,1062,2520,15960,-1956,730,-2276,-1556,GO
2250,1715,1412,1069,1180,1888,16372,-1424,190,-3274,-1401,GO
2207,1764,1287,1157,1136,2448,16828,-1448,1586,-3344,-1776,GO
2273,1774,1441,1099,1190,2476,17772,-1344,2792,-1494,-2479,GO
2224,1755,1306,1136,1082,1328,17308,-1144,2401,-1431,-2360,GO
2234,1710,1424,1163,1055,1060,16332,-1324,3715,-2283,-2152,GO
2229,1733,1287,1067,1099,964,16584,-936,4533,-2383,-2055,GO
2220,1754,1345,1149,1107,364,15244,-928,3878,-4392,-1373,GO
2190,1787,1246,1216,955,1044,14252,-1540,4122,-6943,-1182,GO
2245,1727,1362,1141,1119,2420,14948,-2932,5319,-6200,-2711,GO
2254,1777,1327,1175,1114,2348,14624,-4872,5525,-3035,-4751,GO
2271,1734,1409,1009,1200,972,13480,-8160,4368,-2094,-6399,GO
2226,1801,1327,1179,981,72,13840,-9772,1254,-4336,-6465,GO
2276,1713,1386,1117,1284,1016,14288,-9688,-2199,-6214,-6164,GO
2233,1750,1319,1168,1126,1268,13792,-7532,-5942,-4903,-6841,GO
2246,1733,1329,1178,1153,896,12588,-5228,-7772,-3022,-8288,GO
2208,1752,1328,1165,1072,-108,11996,-3588,-7725,-3470,-9429,GO
2223,1712,1342,1119,1095,224,13604,-1552,-7332,-7326,-10859,GO
2259,1648,1404,1130,1203,1856,14900,-836,-5847,-8314,-13555,GO
2229,1730,1424,1129,1194,1900,15380,-764,-4338,-4590,-18218,GO
2250,1777,1349,1097,1136,-692,17448,-848,-3836,-893,-22741,GO
2213,1754,1219,1178,1010,-3476,17808,-1852,-3576,-161,-25308,GO
2258,1722,1437,1072,1155,-5124,17572,-1828,-3111,-1150,-25302,GO
2198,1761,1296,1154,1041,-6832,18028,-836,-3298,-2613,-22898,GO
2227,1719,1360,1140,1007,-8060,17540,188,-3053,-2961,-21217,GO
2226,1748,1333,1056,998,-11916,15124,1204,-1866,-958,-20552,GO
2240,1734,1397,1170,1136,-13888,12628,616,-818,-1846,-17476,GO
2240,1745,1360,1140,1093,-12988,10896,-576,-64,-3822,-12396,GO
2223,1850,1271,1134,1158,-12456,12868,56,-1557,-5496,-9165,GO
2229,1741,1350,1138,1110,-11368,11704,1268,-3287,-4280,-10431,GO
2223,1725,1337,1154,1082,-10104,9976,1168,-3129,244,-12803,GO
2220,1763,1311,1105,1167,-10908,10372,1168,-1814,3456,-13528,GO
2240,1701,1323,1328,1202,-13712,9096,692,-125,2837,-14121,GO
2180,1647,1370,1007,1324,-14268,9360,1256,983,1237,-13841,GO
2218,1726,1338,1352,1104,-14968,9024,584,2027,743,-13029,GO
2225,1691,1315,1076,1002,-15212,8184,572,3484,826,-11263,GO
2194,1726,1392,1130,1039,-16072,7256,52,5095,589,-8475,GO
2210,1659,1313,1127,1057,-17540,7308,-424,5820,-1565,-6587,GO
2176,1771,1264,1188,1023,-17036,7204,-920,5864,-3845,-5336,GO
2224,1735,1323,1139,1101,-16340,7516,-592,5213,-3469,-4588,GO
2235,1759,1426,1202,1070,-16564,7000,-1004,4787,-2119,-3927,GO
2219,1776,1323,1194,906,-16732,6684,-1848,4176,-1627,-2733,GO
2213,1779,1328,1263,1106,-16284,6956,-2224,3245,-1386,-1439,GO
2206,1755,1289,1396,966,-15824,6828,-2500,1973,-1501,-480,GO
2245,1724,1359,1171,1068,-14920,6480,-2388,1381,-1147,-466,GO
2217,1721,1310,1126,1072,-14472,7440,-1952,606,-389,-903,GO
2206,1742,1337,1168,1013,-14956,8148,-1536,555,843,-1824,GO
2207,1731,1328,1145,998,-15928,8200,-1568,610,900,-2189,GO
2256,1674,1435,1136,1215,-16404,8764,-1840,328,-598,-1593,GO
2242,1723,1360,1122,1072,-16472,8900,-1472,-197,-2351,-851,GO
2225,1723,1354,1155,1127,-16044,8936,-908,-625,-2398,-999,GO
2220,1728,1330,1126,1177,-16296,9468,-168,-1471,-2060,-1273,GO
2255,1709,1393,1262,1210,-16324,8988,-184,-1327,-2852,-1124,GO
2239,1723,1347,1043,1225,-15904,9536,-360,-580,-4219,-1311,GO
2221,1639,1335,1136,1071,-15176,9400,616,-769,-4991,-1900,GO
2218,1670,1323,1106,1050,-14780,8536,868,-799,-4843,-3108,GO
2223,1683,1355,1095,1115,-15120,7696,436,-782,-4680,-4421,GO
2207,1671,1334,1130,1014,-15412,6708,-96,-1291,-6979,-4268,GO
2205,1693,1275,1232,1118,-13820,6512,356,-1079,-8436,-4079,GO
2192,1669,1301,1155,1115,-12548,5684,908,-1177,-7185,-4393,GO
2175,1712,1280,1289,962,-13092,6344,1184,-1113,-5686,-5747,GO
2189,1726,1292,1165,981,-12616,6040,2416,-2244,-5210,-6382,GO
2176,1618,1259,1226,1010,-13472,2728,2624,-2797,-3772,-6486,GO
2094,1516,1193,1103,1008,-14840,1536,2188,-1036,-3462,-7877,GO
2064,1523,1229,1019,931,-17088,916,2584,423,-6919,-7920,GO
2059,1531,1191,1072,944,-16716,888,5640,-832,-12045,-5594,GO
2064,1571,1163,1055,1007,-14648,-812,7624,-2080,-10407,-4601,GO
2047,1558,1197,1050,995,-12464,-2152,6800,965,-1726,-5561,GO
2075,1553,1200,1094,1344,-14968,-1088,4860,3397,4588,-5459,GO
2084,1535,1236,1120,1054,-17296,116,3604,2337,2197,-2764,GO
2081,1584,1247,1063,1104,-16360,512,3420,906,-3576,554,GO
2082,1535,1284,1123,1023,-14104,1512,5260,289,-6876,2384,GO
2073,1530,1232,1169,1064,-12148,2500,6964,375,-4628,2035,GO
2101,1581,1232,1023,970,-13004,3280,6616,1285,-1863,913,GO
2071,1535,1228,1154,1020,-14752,3684,7056,1651,-3099,303,GO
2099,1556,1217,1194,1040,-14556,3336,8228,2045,-5020,205,GO
2087,1573,1253,1080,1019,-12840,3908,9348,2925,-2569,-547,GO
2064,1564,1261,1214,989,-13424,3936,9760,3683,1348,-1502,GO
2100,1507,1312,1014,1134,-14536,3616,9324,4708,2409,-1337,GO
2071,1554,1239,1110,1106,-14492,3236,8424,5978,561,-568,GO
2084,1571,1277,1047,1488,-13776,3440,8536,7539,-1343,-418,GO
2074,1557,1255,998,1175,-13328,2668,8500,9472,-940,-1221,GO
2064,1552,1228,1075,1163,-12864,2424,7892,11553,1765,-2754,GO
2093,1532,1275,911,1098,-13400,2256,6120,13243,3826,-4160,GO
2085,1558,1354,1037,1043,-14608,2664,4888,13824,3620,-4886,GO
2163,1632,1275,1168,1009,-15132,2952,4488,12937,2816,-5247,GO
2185,1638,1296,1085,1086,-14964,1796,3332,12593,3952,-5074,GO
2190,1603,1279,1104,995,-15264,2348,1980,11596,5125,-4706,GO
2205,1739,1278,1109,838,-16584,2572,1720,10081,4673,-4551,GO
2230,1739,1415,1155,1063,-16788,2272,1272,8309,2894,-3885,GO
2227,1754,1305,1135,981,-16924,2664,676,7202,1361,-2879,GO
2193,1755,1250,1165,945,-16932,3356,1048,5051,131,-1779,GO
2214,1783,1338,1174,1034,-17152,2528,1212,3257,-753,-419,GO
2192,1718,1298,1227,959,-16912,1708,1236,3281,-2153,896,GO
2213,1697,1299,1109,755,-16284,1532,972,4737,-3585,1754,GO
2208,1718,1334,1131,1017,-15576,2156,524,5519,-4284,1313,GO
2237,1728,1346,1127,1079,-15512,3276,1328,4236,-3880,467,GO
2242,1685,1366,1085,1158,-15260,3016,1592,2734,-1822,-11,GO
2209,1729,1351,1149,1137,-16300,3372,2280,1921,-313,-157,GO
2226,1732,1378,1156,1099,-16648,2860,2756,1809,-1057,577,GO
2224,1746,1286,1151,993,-16004,2680,3600,2344,-1169,1599,GO
2196,1747,1392,1196,995,-15756,3752,4080,2893,-543,1829,GO
2210,1712,1327,1238,1039,-15216,3812,4420,2352,5,1923,GO
2217,1699,1269,1151,1079,-15376,4712,4628,2271,77,2146,GO
2206,1712,1318,1103,1090,-15080,4408,5968,2403,-18,1957,GO
2268,1711,1339,1127,994,-15368,3760,6908,4202,1641,1760,GO
2205,1739,1295,1122,969,-14832,3372,5632,6675,3867,1391,GO
2221,1691,1326,1198,1472,-14896,4984,4032,7887,4460,560,GO
2208,1719,1373,1154,1146,-15124,4324,2272,7337,3388,-447,GO
2225,1709,1342,1338,1075,-14816,3500,2456,6326,3915,-1339,GO
2221,1735,938,1175,965,-15332,3344,540,6965,4680,-1530,GO
2205,1742,1271,1102,1008,-16172,3736,-648,6787,4006,-1544,GO
2218,1778,1369,1273,1532,-17304,3316,-1196,5640,1028,-562,GO
2195,1761,1319,1114,1047,-16736,3152,-2016,5262,-1414,603,GO
2211,1712,1317,1136,1089,-16408,3384,-1880,3790,-1793,1102,GO
2217,1725,1280,1153,1015,-16856,4220,-992,2288,-1741,1010,GO
2224,1717,1346,1151,1229,-16656,3156,-1100,1160,-1117,1295,GO
2209,1727,1359,1105,1136,-17336,3900,-1220,1017,-1645,2011,GO
2249,1746,1214,1143,1133,-16892,4188,-488,495,-2209,2894,GO
2229,1737,1232,1148,1103,-16988,5076,592,-125,-1873,3309,GO
2203,1749,1264,1127,1099,-17136,5056,404,-424,-1710,3957,GO
2187,1741,1222,1174,976,-17456,5572,208,-891,-3314,4817,GO
2189,1685,1345,1115,973,-17680,5824,352,-1889,-5656,5709,GO
2203,1825,1303,1200,1031,-17524,6028,2444,-3679,-5996,6681,GO
2215,1727,1378,1102,1186,-17424,5636,3440,-3164,-4725,7530,GO
2203,1761,1285,1134,985,-17384,5368,3764,-972,-3358,8185,GO
2208,1728,1298,1152,1008,-17704,6896,5140,-234,-2838,9185,GO
2253,1709,1379,1182,1130,-16728,6792,6408,-252,-971,9871,GO
2282,1732,1263,1008,1127,-15764,7240,7276,922,2245,9767,GO
2213,1711,1334,899,1034,-14792,7000,5356,4479,4495,8816,GO
2208,1754,1314,1127,975,-14504,8320,4040,5915,3830,7854,GO
2187,1751,1277,1173,1043,-13332,8224,2952,5138,1793,7317,GO
2202,1731,1261,1275,994,-12064,7980,2576,4364,340,6731,GO
2221,1706,1255,1200,869,-11292,7668,2088,4329,-338,5941,GO
2211,1705,1226,1122,1039,-10300,7880,1500,3439,-557,4982,GO
2207,1699,1295,1111,1039,-9696,7968,1252,2225,-342,3862,GO
2206,1689,1342,1136,1019,-9320,7720,1020,917,70,2590,GO
2209,1682,1283,1153,1046,-9080,7192,972,-321,681,1483,GO
2206,1679,1317,1054,1297,-9628,8044,588,-374,694,829,GO
2192,1691,1302,1150,1107,-9848,8164,-28,-543,-414,565,GO
2220,1712,1274,1137,1105,-10560,8736,860,-1656,-938,154,GO
2182,1706,1207,1071,995,-10504,8100,936,-2224,-76,-264,GO
2186,1723,1341,1248,1426,-11120,8328,580,-2001,1197,-655,GO
2194,1697,1287,1152,1006,-12300,8424,-60,-2353,1055,-451,GO
2198,1673,1306,1104,1062,-12904,7900,-916,-2798,-41,134,GO
2181,1680,1119,1125,1019,-13200,9048,-1432,-4972,106,1322,GO
2192,1698,1297,1131,998,-14664,8908,-1920,-8866,-212,2338,GO
2197,1662,1319,989,1205,-14960,8632,-2584,-11716,-1542,2822,GO
2216,1703,1339,1043,1179,-15320,8532,-4184,-15625,-4169,4356,GO
2119,1606,1247,1129,1102,-15888,11244,-148,-21785,-6287,5516,GO
2083,1630,1253,1105,967,-12236,7728,1548,-26000,-1804,6428,GO
2079,1629,1217,1132,738,-13228,6392,2168,-26177,5997,6138,GO
2087,1585,1199,1216,1035,-17160,5760,3312,-22815,6816,6640,GO
2133,1648,1338,1178,1084,-18056,6564,6092,-18928,272,8484,GO
2112,1648,1298,1175,1092,-13368,6840,8896,-16537,-2895,9229,GO
2117,1609,1296,1125,1113,-10036,7840,11152,-13714,2912,7864,GO
2119,1622,1297,1136,1102,-10644,7656,11424,-11710,7892,6734,GO
2112,1601,1300,1088,1184,-10948,6652,11436,-9125,8777,6069,GO
2118,1642,1318,1127,1193,-11376,7288,12264,-7077,7157,5663,GO
2101,1661,1264,1174,1165,-9908,7136,11692,-4992,5423,5057,GO
2096,1653,1295,1168,1136,-8152,8056,11116,-3079,6826,3451,GO
2082,1648,1248,1169,1009,-9016,8316,9832,-2619,8509,1489,GO
2064,1633,1275,1181,1061,-11552,7832,9380,-3472,7445,278,GO
2091,1638,1248,1141,1046,-12560,6700,8684,-3488,3992,1004,GO
2105,1595,1256,1123,1065,-11756,6964,8284,-2911,2162,1950,GO
2089,1593,1243,1149,1032,-11680,7468,7224,-1764,2023,1414,GO
2081,1614,1252,1163,1009,-13132,8176,8072,-3168,604,934,GO
2105,1648,1295,979,1430,-11960,6492,7572,-3137,57,1587,GO
2127,1579,1227,1119,1119,-10892,7024,7324,-1885,2491,1409,GO
2105,1665,1294,1114,1136,-10892,7712,6128,-1277,5367,236,GO
2107,1617,1283,1140,1171,-13432,8488,5752,-3391,4022,-369,GO
2098,1613,1251,1100,1125,-12440,7924,4584,-3767,1509,685,GO
2076,1679,1295,1095,1158,-11704,8968,4188,-3247,1752,1289,GO
2080,1619,1251,1163,781,-13192,8752,3116,-4186,1480,796,GO
2093,1599,1264,1153,1023,-14212,9320,2144,-5831,47,1433,GO
2113,1587,1232,1151,1072,-14732,9112,3088,-10076,-1494,2938,GO
2087,1614,1261,1136,1037,-15912,6440,4036,-13765,-2597,4354,GO
2089,1579,1391,1152,973,-15388,5452,5944,-13376,-3049,5832,GO
2114,1595,1296,1111,1142,-13364,5868,7216,-12194,-1957,7466,GO
2106,1610,1293,1130,1141,-13120,6520,9932,-12911,163,8148,GO
2103,1612,1289,1118,1151,-11996,6020,11584,-13482,2094,8059,GO
2114,1602,1312,1056,1203,-10280,5160,12272,-11887,3350,8097,GO
2059,1567,1232,999,1177,-8720,5940,12504,-8972,3940,7650,GO
2091,1591,1251,1068,1053,-8932,6528,12400,-6770,3138,5645,GO
2045,1622,1227,1097,637,-9176,6064,13496,-6109,1328,3348,GO
2080,1585,1251,1051,1081,-8028,5860,13652,-4606,1398,2378,GO
2092,1605,1262,1104,1093,-8432,5748,13000,-2210,3439,1721,GO
2086,1568,1154,1200,957,-10216,5732,13040,-1205,3472,925,GO
2066,1603,1137,1169,1088,-10784,6108,12600,-1466,1873,797,GO
2081,1600,1258,1179,1104,-10668,6372,12456,-1559,642,968,GO
2094,1573,1269,1154,1104,-10176,5560,12496,-713,994,615,GO
2099,1535,1270,1151,1069,-10060,6072,12520,720,2012,153,GO
2132,1523,1327,1290,1261,-10700,6076,11928,1786,2025,-364,GO
2089,1582,1305,1091,1168,-10808,6180,11596,2343,914,-850,GO
2096,1617,1262,1104,1231,-10408,5820,12336,2824,186,-1158,GO
2096,1527,1281,1143,1130,-9912,5528,12776,3731,595,-1297,GO
2109,1574,1265,1118,1088,-9400,5568,12772,4644,1229,-1431,GO
2090,1646,1201,1021,935,-10140,5748,13012,5660,938,-2070,GO
2060,1619,1089,1176,1107,-10228,5224,12568,7375,126,-2796,GO
2110,1616,1278,1167,1043,-9956,5820,12480,8757,-518,-3473,GO
2113,1581,1291,1158,1152,-9336,6164,12612,8993,-834,-3985,GO
2117,1589,1330,1167,1187,-9220,5712,11832,10042,-511,-4611,GO
2131,1567,1298,1066,1245,-10136,5644,10856,12430,684,-6155,GO
2098,1578,1312,1119,1168,-11252,4696,10420,13520,668,-7347,GO
2093,1515,1262,1102,1147,-11320,5240,9776,13330,-835,-6738,GO
2089,1560,1249,1162,1134,-10672,6708,9456,12346,-1994,-6204,GO
2101,1584,1278,1097,1192,-10420,5428,8976,12442,-730,-7275,GO
2046,1626,1162,1135,1023,-11808,3768,6944,14883,524,-8448,GO
2067,1600,1237,1152,1088,-13544,4808,4072,17117,373,-9145,GO
2085,1595,1241,943,1103,-14748,5808,2860,17204,-570,-9008,GO
2083,1584,1264,1151,1104,-16776,5664,1232,14869,-3009,-6752,GO
2069,1562,1264,1157,1023,-15876,6124,816,12889,-4145,-5430,GO
2106,1535,1280,1045,1169,-15264,6592,1208,10858,-1645,-5211,GO
2103,1581,1275,1075,1072,-16848,7080,1960,8739,-1123,-4455,GO
2092,1586,1293,1036,1061,-16636,6516,2164,8037,-2843,-3249,GO
2082,1567,1273,1084,1109,-15124,7288,2876,7993,-3413,-2578,GO
2084,1566,1277,1012,1081,-14148,7900,4616,7331,-2088,-2683,GO
2065,1625,1162,1159,816,-13744,7212,5336,7111,-235,-2596,GO
2085,1648,1232,1129,1009,-13424,6576,5640,7336,817,-2098,GO
2096,1582,1295,1162,1062,-12936,8156,5532,7492,-578,-1474,GO
2108,1558,1271,1101,1098,-12204,8220,6888,7819,-2560,-2051,GO
2111,1575,1322,1126,1232,-10848,7636,7448,8831,-2332,-3510,GO
2143,1571,1327,1040,1237,-10796,7472,7232,10306,765,-6013,GO
2114,1602,1283,1110,1136,-11348,6512,5796,11508,4213,-8507,GO
2096,1600,1257,1119,1099,-13760,6240,4276,12237,5607,-10252,GO
2185,1664,1328,1116,1105,-15880,4420,1672,13156,4245,-10064,GO
2187,1695,1311,1110,1135,-16788,3616,60,13554,3035,-8774,GO
2155,1646,1191,1125,976,-17112,3088,-2268,13079,2411,-6691,GO
2191,1710,1301,1109,1164,-17880,4596,-2992,10423,1431,-4463,GO
2198,1707,1292,1200,1155,-17660,4072,-3880,7786,-78,-2987,GO
2199,1703,1296,1234,1014,-17124,4436,-2816,4843,-171,-2358,GO
2187,1715,1281,1264,1072,-16988,5008,-3256,2979,-665,-1106,GO
2206,1646,1332,1084,1021,-16828,5668,-1304,1039,-1485,-185,GO
2167,1675,1521,1087,1018,-16340,5320,-72,716,-1094,340,GO
2193,1658,1323,1212,1088,-15996,5628,56,1503,-618,692,GO
2189,1685,1311,1132,1055,-16008,6932,596,1639,-1284,886,GO
2202,1669,1309,1037,1043,-15572,7180,1832,1120,-1545,737,GO
2191,1725,1259,1136,1097,-15956,7112,1968,1391,-404,296,GO
2193,1685,1314,1156,1090,-17388,7784,1624,1685,-712,354,GO
2209,1726,1304,1168,1123,-19160,7684,2292,1570,-3379,1269,GO
2204,1702,1343,1185,1077,-19100,6528,3796,1841,-5195,2921,GO
2189,1712,1309,1263,1008,-18412,5448,4548,3672,-4170,4264,GO
2210,1674,1335,1200,1082,-17484,5752,3784,5113,-2419,5357,GO
2221,1693,1296,1087,1329,-16304,6284,3080,4927,-1332,5818,GO
2215,1675,1297,1104,1055,-14748,6072,2844,4177,-154,5793,GO
2197,1674,1319,1146,1103,-13408,6224,2272,3831,1282,5314,GO
2207,1686,1423,1125,1117,-12404,6176,1132,4054,2018,4433,GO
2234,1723,1360,1072,1227,-11916,6624,196,4139,1936,3169,GO
2217,1646,1317,1103,1136,-11672,6776,-560,3328,1507,2019,GO
2224,1730,1313,1170,1102,-11812,6892,-1300,2141,785,1163,GO
2191,1714,1237,1101,1067,-11900,7064,-996,585,53,787,GO
2164,1737,1271,979,978,-12028,6632,-532,-470,274,533,GO
2181,1728,1253,1189,980,-12856,6560,-232,-434,467,524,GO
2203,1737,1296,1148,1088,-13108,6788,-360,-81,-633,527,GO
2227,1690,1309,1157,1110,-12676,7476,592,-578,-651,316,GO
2202,1693,1269,1145,1118,-12988,7596,800,-997,552,-170,GO
2185,1699,1249,1104,1084,-13392,7776,784,-969,1329,-561,GO
2229,1587,1616,1038,1299,-13840,7724,428,-693,1356,-590,GO
2209,1685,1328,1286,1086,-14540,7724,-436,-327,269,-586,GO
2208,1712,1085,1165,1088,-14276,8160,28,-1291,-460,-441,GO
2202,1711,1280,1125,1173,-14356,7756,-576,-1677,758,-797,GO
2209,1695,1281,1089,1146,-14952,7408,-1796,-1943,1619,-1330,GO
2188,1776,1249,1098,1101,-16736,6492,-3748,-2223,0,-1120,GO
2192,1599,1303,1127,1115,-16968,7464,-3168,-4258,-2872,721,GO
2195,1573,1327,1137,1200,-16800,6604,-2180,-6438,-3515,2604,GO
2195,1693,1301,1168,1182,-16392,6856,-628,-7744,-2567,3342,GO
2201,1664,1440,1163,1090,-15872,6840,-352,-8098,-984,3710,GO
2225,1633,1347,1069,1189,-15908,7032,-72,-8455,383,3691,GO
2207,1681,1146,1152,1089,-15728,7140,196,-9895,484,4269,GO
2222,1690,1338,1120,1089,-15068,6984,-152,-10845,364,5145,GO
2205,1703,1303,1134,1166,-14200,6856,984,-12083,920,5938,GO
2192,1744,1294,1109,973,-14508,6612,1920,-14992,1906,6648,GO
2202,1759,1264,1151,1074,-14660,6304,2736,-17054,1181,7632,GO
2210,1712,1344,1168,1468,-13592,4860,4548,-16204,660,7841,GO
2202,1712,1218,1131,1022,-12948,6748,7800,-15832,2367,6927,GO
2094,1600,1201,1159,1054,-12128,6896,9600,-15435,4085,6457,GO
2097,1621,1283,1104,1023,-11656,6420,9516,-12554,3247,6868,GO
2107,1573,1357,1043,1135,-10008,8248,10764,-10154,2602,5799,GO
2092,1571,1262,1086,1020,-9456,8512,10936,-7411,3174,3411,GO
2065,1598,1210,1138,983,-9832,9276,11472,-5617,2579,1197,GO
2069,1617,1185,1142,899,-10148,8500,11556,-4460,1988,-6,GO
2082,1616,1209,1168,1046,-10784,8032,10908,-1918,1973,-757,GO
2057,1571,1281,1205,685,-11492,8424,10548,-445,1541,-1360,GO
2091,1587,1235,1078,1034,-12156,8256,10092,546,705,-1657,GO
2080,1583,1227,1087,1021,-12416,8028,9696,1004,-97,-1701,GO
2084,1579,1259,1045,987,-12376,7712,9412,1938,-439,-1643,GO
2038,1560,1227,1059,1020,-12796,7792,9536,2852,-623,-1804,GO
2085,1603,1223,1067,819,-12560,7444,10300,3460,-242,-1898,GO
2086,1583,1259,1104,1050,-12220,7176,9560,5434,1176,-1942,GO
2073,1603,1257,1088,1019,-12228,7780,8996,6896,2047,-2487,GO
2079,1600,1157,1082,991,-12364,7212,8044,7659,2188,-3183,GO
2063,1643,1193,1182,828,-12588,6976,7416,9391,2261,-3643,GO
2113,1671,1245,1183,1052,-12960,6968,6748,9915,1335,-3676,GO
2182,1683,1300,1120,1067,-12968,6632,5948,10227,599,-3537,GO
2176,1670,1521,1125,1040,-12892,6808,4964,10405,-256,-3297,GO
2190,1702,1268,1150,1034,-13032,6408,4212,10431,-751,-3342,GO
2195,1692,1248,1136,1040,-13536,6064,3588,10870,-683,-3819,GO
2221,1713,1314,1070,1150,-13868,6900,2640,10266,-855,-4115,GO
2217,1709,1317,1193,1153,-13676,6680,1680,9110,-750,-3735,GO
2196,1717,1266,1173,1048,-14004,6600,1028,7918,-545,-3421,GO
2172,1717,1229,1130,1156,-14468,6884,1032,6007,-239,-3313,GO
2192,1760,1377,1205,1056,-14944,5980,72,5442,-145,-2827,GO
2169,1680,1262,1456,906,-15624,6692,372,4661,-1650,-2071,GO
2150,1694,1215,1106,1021,-15068,6396,444,4066,-2369,-1381,GO
2192,1674,1268,1098,976,-14836,7076,968,3054,-1846,-1266,GO
2205,1707,1309,1126,975,-14996,7156,624,2412,-1083,-1126,GO
2215,1677,1312,923,1111,-15180,6892,732,1983,-1202,-766,GO
2199,1684,1328,1141,1135,-15156,7408,952,1922,-1544,-515,GO
2212,1714,1334,1169,1091,-14744,7472,992,1724,-1238,-481,GO
2197,1732,1301,1127,1146,-14792,7644,868,1463,-839,-526,GO
2528,2186,2016,1936,1917,-10968,11616,980,7430,-2611,-7112,GOOD
2529,2176,2014,1898,1914,-9928,10212,1172,6109,-3252,-7349,GOOD
2507,2160,1994,1893,1928,-10764,6656,572,5377,-2020,-10037,GOOD
2485,2186,1885,1925,1899,-9516,6564,1132,4683,2537,-9082,GOOD
2506,2128,2000,1852,2047,-11244,5344,268,3770,2980,-8635,GOOD
2499,2128,2002,1985,1930,-14352,3108,312,3259,-1292,-12040,GOOD
2512,2129,1979,1861,2009,-12800,2404,264,4224,-2646,-15270,GOOD
2455,2032,1908,1789,1809,-10212,3140,976,3785,3054,-13583,GOOD
2385,2042,1837,1895,2172,-12620,1752,680,2923,6527,-14139,GOOD
2393,1990,1810,1747,2003,-19912,-340,2872,2663,-1176,-15243,GOOD
2512,2219,2038,1947,1858,-26572,-2168,1956,3863,-14020,-15422,GOOD
2551,2256,2130,2065,1950,-22420,-1128,552,6436,-14777,-12247,GOOD
2542,2118,2055,1967,1921,-18004,2428,2240,6935,-4246,-6492,GOOD
2540,2245,2107,2083,2007,-19636,4496,1636,1693,2178,-1052,GOOD
2495,2131,1936,1957,1975,-19992,3228,1560,-2459,1650,1788,GOOD
2499,2118,2064,1887,1976,-16832,2496,800,-1103,287,1699,GOOD
2446,2106,1888,1885,1888,-15664,3264,1148,347,-402,1954,GOOD
2470,2077,1931,1792,1885,-14144,3904,2104,208,-305,2304,GOOD
2448,2096,1894,1845,1783,-14184,4104,2092,21,1345,2158,GOOD
2454,2063,1891,1825,1955,-15384,4548,1380,162,2228,1728,GOOD
2451,2093,1877,1845,1755,-16384,4704,1840,26,370,1664,GOOD
2495,2096,1930,1845,1972,-16112,4148,2500,-321,-1671,2301,GOOD
2448,2176,1904,1805,1867,-13924,4424,2040,496,-920,2292,GOOD
2481,2067,1939,1851,1840,-13900,5012,1672,1034,1713,1750,GOOD
2479,2103,1863,1850,1872,-15620,5708,1808,243,2119,1621,GOOD
2464,2127,1910,1918,1835,-15824,4860,1496,-336,769,1312,GOOD
2453,2006,1879,1694,1790,-15208,5272,1184,282,-24,1532,GOOD
2407,2081,1815,1843,1781,-15052,5688,1684,215,-740,1680,GOOD
2436,2000,1839,1734,1879,-15016,5280,1612,-280,-831,1425,GOOD
2402,2000,1830,1743,1713,-14820,5504,1468,-512,-294,1105,GOOD
2415,2018,1839,1703,1855,-14748,5680,1340,-380,-225,1042,GOOD
2422,2015,1836,1759,1715,-15296,5548,2040,-753,-468,899,GOOD
2417,2032,1836,1648,1905,-15188,5380,1940,-884,-280,772,GOOD
2462,2006,2008,1787,1830,-15092,5396,1776,-796,107,661,GOOD
2435,2019,1853,1730,1905,-15292,5500,2240,-898,721,635,GOOD
2429,2054,1840,1798,1776,-15548,5072,2372,-1369,1779,712,GOOD
2418,2018,1793,1872,1788,-16280,5408,2092,-832,1445,871,GOOD
2448,1968,1889,1719,1903,-16300,5676,1828,-583,95,1289,GOOD
2434,1977,1867,1781,1631,-16328,5568,2172,-608,5,1503,GOOD
2453,2084,1904,1878,1811,-16968,5236,2636,-656,884,1440,GOOD
2466,2064,1947,1872,1917,-16516,5648,2528,-943,3007,2538,GOOD
2460,2105,1925,1890,1835,-17104,6100,1500,-934,3556,3637,GOOD
2465,2126,1887,1808,1967,-17208,6480,1440,-837,1913,3836,GOOD
2486,2117,1973,1915,1969,-16672,6488,1904,-1149,521,3625,GOOD
2501,2140,1952,1931,1869,-15204,6196,1968,-842,422,3100,GOOD
2528,2129,2011,1822,1986,-14044,6272,1692,-98,1095,2732,GOOD
2497,2112,1968,1973,1975,-14320,6444,1720,94,1349,2581,GOOD
2495,2162,2062,1919,1903,-14332,6512,1560,-312,635,2052,GOOD
2509,2126,1967,1867,1895,-14064,6212,1260,-724,-561,1314,GOOD
2502,2112,1964,1872,1858,-13456,5752,1392,-525,-928,1407,GOOD
2495,2130,1968,1930,1997,-13292,5744,1716,-528,-661,1774,GOOD
2509,2106,2038,1851,1902,-13692,5444,1856,-912,-448,1483,GOOD
2525,2081,2019,1767,1887,-13684,5248,1704,-786,-103,778,GOOD
2496,2093,1966,1887,1943,-13644,4464,2032,-614,-223,392,GOOD
2521,2157,1981,2020,1828,-13852,3432,1888,62,956,1553,GOOD
2510,2101,2000,1876,1881,-14952,4056,1680,-812,3885,3639,GOOD
2482,2149,1984,1935,1591,-16760,3060,848,-2166,7445,4713,GOOD
2510,2143,1989,1950,1916,-17880,2708,-256,-2639,8518,5793,GOOD
2485,2154,1971,1953,1941,-16796,2872,-744,-3015,7658,6540,GOOD
2489,2124,1987,1893,1911,-14544,2384,-1808,-2896,10134,5510,GOOD
2499,2178,2002,1973,1919,-13544,6292,-1620,-4473,16019,5029,GOOD
2539,2149,2047,1898,1973,-14500,7756,-1884,-9301,16234,4751,GOOD
2559,2128,2093,1815,2066,-11912,4804,-2672,-11280,15750,5840,GOOD
2594,2192,2039,1936,2021,-11892,5504,-3468,-9571,14166,6149,GOOD
2615,2235,2058,1935,1987,-14544,10732,-2332,-9268,9641,5103,GOOD
2633,2216,2084,1858,2064,-15200,10456,-1420,-11876,2047,3641,GOOD
2609,2233,2022,1973,1872,-12332,7952,-12,-11982,-1297,3849,GOOD
2624,2194,2046,1863,2078,-10288,10484,1664,-10582,497,4056,GOOD
2598,2210,2113,2018,1887,-11820,11992,880,-8076,1635,3477,GOOD
2579,2237,2053,1902,1886,-14212,13884,2304,-7304,-3001,1926,GOOD
2602,2241,2063,1942,1905,-14608,11920,2632,-6358,-7490,541,GOOD
2559,2241,2062,1898,1872,-11828,13468,4496,-4693,-7002,655,GOOD
2586,2259,2080,1974,2088,-10344,13136,5032,-3441,-2620,2005,GOOD
2597,2272,1938,2055,1942,-11360,12192,4012,-1159,510,2111,GOOD
2609,2288,2081,2030,1751,-13416,12480,2952,975,6,1530,GOOD
2583,2273,2089,2000,2033,-15116,12616,2712,117,-4987,1270,GOOD
2608,2256,2098,1997,2011,-11956,11752,2320,72,-7356,949,GOOD
2542,2333,2030,2109,1875,-9636,11680,2192,39,-3989,1064,GOOD
2599,2264,2094,2041,1968,-10232,11256,1724,-1241,886,74,GOOD
2559,2257,2043,2043,1945,-11684,10968,228,-2501,4551,-693,GOOD
2580,2251,2047,2029,2015,-12544,11276,-640,-4602,5268,-681,GOOD
2535,2283,2064,1975,1981,-12308,11256,-1496,-7772,6149,825,GOOD
2559,2277,1887,2010,1898,-12936,11676,-952,-11454,7151,1223,GOOD
2587,2252,2158,1991,1994,-13448,10312,-924,-13823,6232,-198,GOOD
2608,2256,2077,1970,1945,-12348,8008,-804,-12337,5382,-419,GOOD
2559,2303,2011,2014,1815,-12896,8400,280,-8880,4339,-606,GOOD
2599,2240,2096,1959,2013,-13496,8440,1240,-7857,1810,-2041,GOOD
2545,2231,2025,2042,2010,-12488,8156,1752,-8363,-320,-2300,GOOD
2588,2245,2021,2043,2082,-11744,8300,3472,-8479,963,-2261,GOOD
2593,2241,2064,2053,1968,-13216,7912,4236,-7766,2271,-2400,GOOD
2597,2256,2053,2089,2022,-14536,7324,4644,-5801,1622,-2276,GOOD
2624,2281,2082,2020,2160,-15272,7796,5848,-3692,246,-2170,GOOD
2593,2215,2081,2124,1919,-14712,7724,5868,-1896,-600,-550,GOOD
2608,2279,2065,2014,1979,-15292,7444,5500,-247,-939,1373,GOOD
2623,2282,2202,1984,2000,-16016,8368,5332,1763,-1373,1888,GOOD
2597,2315,2018,2032,1971,-14776,8604,4804,3068,-2548,1986,GOOD
2640,2285,2106,1984,2086,-13248,8396,4204,4135,-2944,2074,GOOD
2607,2384,2047,2059,1987,-12940,9452,3716,4978,-1722,2621,GOOD
2594,2287,2077,2029,2046,-13288,9668,3076,3580,-1037,2802,GOOD
2582,2217,2091,2044,1973,-12628,9224,3044,2814,-218,2516,GOOD
2603,2267,2103,2006,2059,-13008,9548,3472,2345,-158,2184,GOOD
2615,2246,2095,1989,2092,-13348,9332,2996,2276,-1170,1903,GOOD
2638,2256,2123,1947,1995,-13212,8964,3228,2262,-2819,1660,GOOD
2599,2306,2097,2000,1973,-13216,8820,4100,2348,-3847,1586,GOOD
2639,2319,2128,2039,1965,-13324,8860,5172,2409,-4073,2048,GOOD
2623,2289,2099,2045,1989,-12804,7792,5696,2772,-3358,2192,GOOD
2661,2307,2113,2029,2208,-13532,7708,6872,4070,-3006,1981,GOOD
2667,2291,2071,2166,2054,-11720,7336,6240,6729,-1230,2259,GOOD
2629,2311,2104,1990,1971,-11660,7816,4604,9177,695,2547,GOOD
2621,2305,2086,1978,1653,-11932,8352,2496,11562,1336,3353,GOOD
2629,2308,2099,1990,1979,-12528,10620,888,12297,-147,3096,GOOD
2665,2278,2160,2038,2055,-11392,12312,-744,10693,-1219,1860,GOOD
2683,2295,1979,1951,1919,-10144,12412,-1124,8307,-444,750,GOOD
2647,2322,2116,2062,2080,-10596,12848,-1236,6388,568,1092,GOOD
2667,2333,2163,1923,2096,-11964,13060,-1332,3719,324,616,GOOD
2657,2323,2131,2109,2060,-12016,12756,-1108,1836,-716,-281,GOOD
2607,2335,2138,1965,2167,-12232,12468,-1376,890,-1843,-840,GOOD
2641,2227,2069,2129,1872,-11756,11856,-768,596,-2676,-1388,GOOD
2629,2332,2118,2007,1827,-11176,11736,524,86,-2259,-1519,GOOD
2673,2311,2145,2060,1990,-11200,11456,1188,-239,-1164,-1135,GOOD
2665,2341,2143,1987,2085,-11644,10940,1264,-205,-771,-1093,GOOD
2663,2346,1989,2034,1977,-11604,10688,1548,588,-703,-863,GOOD
2720,2327,2160,1982,2016,-12144,11228,1644,1238,-615,-800,GOOD
2677,2352,2153,2045,2325,-12224,11052,1500,1375,-1348,-1869,GOOD
2707,2362,2183,2033,2265,-12084,11244,1904,1343,-1362,-1758,GOOD
2684,2347,2170,2083,2032,-11848,11328,1672,1622,-789,-1096,GOOD
2738,2450,2144,2022,1951,-12308,11620,1456,1861,510,-194,GOOD
2806,2370,2208,1983,1987,-13184,12376,2100,1373,669,-1342,GOOD
2766,2382,2164,2025,2113,-13192,13112,2004,1056,-66,-1753,GOOD
2750,2368,2169,2139,2022,-12132,13468,2408,746,-506,-2530,GOOD
2735,2370,2153,2016,2059,-10856,13980,2972,546,2888,-1516,GOOD
2671,2338,2155,1947,1949,-13520,13812,2184,1043,6763,-1049,GOOD
2770,2337,2182,2004,1711,-15928,12964,392,658,5573,114,GOOD
2688,2366,2144,1991,1967,-14744,12056,948,93,1688,732,GOOD
2767,2378,2161,2027,2128,-12804,10996,1436,169,-2130,1030,GOOD
2742,2358,2135,2116,1994,-10480,10124,2216,1075,-4759,647,GOOD
2745,2457,2163,2032,2064,-9080,8436,1912,2354,-6727,-699,GOOD
2768,2347,2190,2068,1918,-8052,8412,1824,2967,-6659,-2268,GOOD
2591,2268,2074,2046,1867,-7136,8072,2104,3001,-4796,-3937,GOOD
2559,2256,2128,2035,1903,-10460,6528,1012,2774,-1097,-4531,GOOD
2591,2256,2096,2029,1949,-13992,5560,144,2155,1025,-3525,GOOD
2542,2257,2039,2006,1934,-16028,5224,-868,2112,1264,-944,GOOD
2558,2277,2059,2025,1936,-16876,6128,-852,1490,1606,637,GOOD
2559,2267,2097,2029,1974,-17484,6780,-1092,340,1584,824,GOOD
2559,2273,2096,2000,2021,-18396,7140,-1936,9,1386,2548,GOOD
2586,2214,2120,1989,2103,-18924,8248,-2228,-744,1204,4803,GOOD
2595,2362,2086,2096,2001,-17376,9692,-760,-2316,585,6605,GOOD
2656,2295,2221,1839,2207,-15628,9880,-632,-2299,-304,7834,GOOD
2608,2317,2064,2000,1978,-13568,11264,412,-3068,-1455,8569,GOOD
2607,2315,2107,1955,2102,-10796,12336,1812,-3253,-3321,7857,GOOD
2607,2317,2099,1988,1977,-8644,13320,3072,-3337,-5010,6451,GOOD
2640,2311,2064,2003,1885,-6440,13292,4068,-3070,-5967,4187,GOOD
2559,2293,2081,1981,1829,-5640,13764,4840,-2343,-6886,2178,GOOD
2559,2266,2038,2011,1735,-4372,13968,5052,-1606,-7636,8,GOOD
2583,2274,2105,2009,1911,-1972,13656,5764,-760,-5053,-3019,GOOD
2541,2290,2019,2067,1838,-1972,12696,5844,-611,224,-5416,GOOD
2559,2272,1941,1969,2002,-4452,11456,5432,42,4559,-7599,GOOD
2511,2230,2055,1972,1886,-9416,9944,3764,1103,6121,-9078,GOOD
2542,2227,2035,1999,1839,-12876,8220,2680,2468,4604,-9202,GOOD
2512,2204,2017,1930,1861,-16268,7468,1368,3864,3588,-8200,GOOD
2559,2235,2112,2002,1951,-20384,6644,0,3384,3701,-5358,GOOD
2702,2330,2155,2087,2086,-25904,5356,-2440,2233,3128,-475,GOOD
2763,2438,2323,2242,1895,-27808,7024,-2468,253,467,4943,GOOD
2815,2482,2338,2215,2185,-22032,9180,-284,-2758,-1896,7730,GOOD
2821,2555,2331,2251,2039,-16640,9148,332,-3399,-2807,9659,GOOD
2864,2534,2454,2234,2218,-12468,9964,1752,-3044,-2446,9989,GOOD
2741,2406,2146,2122,1951,-9444,10904,2172,-2671,-2574,9338,GOOD
2694,2358,2082,1952,2256,-6120,11524,3200,-2388,-2904,7709,GOOD
2582,2277,2079,1855,1861,-3560,12212,4064,-2666,-2627,5720,GOOD
2602,2245,2064,1968,1909,-2208,12372,4548,-2554,-1752,3602,GOOD
2597,2275,2079,2032,2038,-2124,13240,5308,-1903,-1335,780,GOOD
2590,2286,2069,1984,2005,-2156,13288,6268,-1887,-2281,-2636,GOOD
2615,2290,2089,1985,2026,-1484,12664,6764,-550,-1704,-6727,GOOD
2630,2306,2064,2110,1968,-2676,11360,6464,1368,1429,-9930,GOOD
2610,2303,2138,1998,2003,-7708,9700,5612,3357,4252,-11861,GOOD
2586,2225,2096,2017,1987,-14896,7708,3976,5973,5025,-11535,GOOD
2559,2349,2066,2033,1670,-23700,6968,2112,8324,1257,-8235,GOOD
2771,2353,2273,2178,2036,-28216,5868,1332,8441,-3990,-3600,GOOD
2814,2480,2290,2183,2116,-26508,7148,2068,7736,-4563,1738,GOOD
2832,2497,2359,2176,2019,-21180,8228,2344,6319,588,6353,GOOD
2834,2544,2342,2236,2085,-17204,9544,2208,5486,3337,9066,GOOD
2845,2535,2327,2241,2160,-15052,10152,1824,5960,791,9764,GOOD
2833,2533,2340,2069,1971,-12004,9772,1596,6471,-3191,8761,GOOD
2819,2478,2095,2112,1974,-7560,9936,2248,7634,-4049,7439,GOOD
2704,2368,2101,1994,1983,-3952,9972,1744,8707,-2201,5960,GOOD
2606,2233,2080,1877,2012,-3180,11344,2116,9426,-493,4477,GOOD
2547,2280,2032,1991,1794,-3080,11552,1124,8363,538,1646,GOOD
2557,2215,2046,1957,1961,-3416,11968,916,7467,984,-1089,GOOD
2545,2236,2035,1915,1904,-3540,13040,460,6545,1211,-4143,GOOD
2544,2187,2029,1936,1857,-5748,12648,-428,5986,1802,-6266,GOOD
2608,2306,2076,1973,1795,-9748,12888,-736,5551,1097,-7872,GOOD
2615,2333,2026,1919,1870,-12960,13192,-1536,5135,1246,-8530,GOOD
2638,2363,1959,2017,1910,-16644,11244,-3192,4842,3183,-6972,GOOD
2761,2420,2158,2037,1856,-22012,9924,-5052,4827,3281,-2746,GOOD
2830,2522,2279,2201,1961,-24244,10212,-5628,3521,1364,2324,GOOD
2865,2446,2302,2128,2059,-22240,12620,-5180,698,-1060,5518,GOOD
2837,2544,2275,2181,1966,-16272,11840,-4816,-2069,-1526,7348,GOOD
2866,2474,2194,2126,1841,-12968,11724,-3776,-2919,-692,7854,GOOD
2851,2528,2293,2145,1981,-11116,12292,-3384,-4047,-191,7539,GOOD
2840,2502,2313,2175,2014,-9124,12652,-2376,-6303,-400,6877,GOOD
2864,2497,2352,2208,2237,-6400,11900,-1988,-6661,-217,5828,GOOD
2638,2313,2000,1936,1837,-5216,12320,-656,-6767,-3,5274,GOOD
2650,2339,2055,1997,1405,-5184,13044,1780,-8331,-746,4017,GOOD
2611,2323,2081,1949,1702,-3460,12424,1852,-8918,-470,1131,GOOD
2651,2307,2079,1950,1825,-2056,12292,2324,-8180,1820,-1586,GOOD
2643,2333,2000,2016,1769,-3064,11436,784,-5644,3229,-4089,GOOD
2705,2309,2117,1945,1904,-6016,12788,984,-4572,2566,-6250,GOOD
2663,2294,2057,2019,1803,-9084,13280,1172,-6196,8,-8844,GOOD
2674,2333,2110,1968,1958,-10932,11456,284,-6258,-878,-9875,GOOD
2639,2318,2062,1917,1811,-15644,11512,464,-5899,-494,-8351,GOOD
2691,2325,2117,1994,1852,-20032,10644,-456,-5045,-74,-5012,GOOD
2768,2423,2128,2103,1932,-22076,10884,-700,-4828,653,-769,GOOD
2844,2587,2306,2323,2128,-21344,12904,64,-6576,-294,3234,GOOD
2847,2549,2384,2352,2161,-17444,12604,1756,-10509,-1693,5842,GOOD
2832,2438,2192,1973,1921,-12676,11244,3196,-10749,-1735,6786,GOOD
2785,2434,2147,2034,2034,-9704,10300,3240,-9145,-579,6107,GOOD
2663,2355,2077,1991,1801,-7124,9936,2872,-6954,464,5211,GOOD
2654,2306,2095,2059,1977,-6328,10612,3132,-6451,991,4663,GOOD
2625,2309,2026,1975,1968,-5156,11012,3912,-7247,891,2518,GOOD
2625,2252,2035,1961,2015,-3428,9964,4296,-8581,2179,-103,GOOD
2622,2288,2033,1994,1904,-3544,9088,4696,-7858,4624,-2260,GOOD
2631,2304,2053,2021,2003,-7068,8604,4288,-6760,5274,-4513,GOOD
2623,2246,2092,2010,1947,-10624,9068,5392,-7377,3608,-5792,GOOD
2614,2294,2064,2021,2064,-13096,8660,6440,-7838,1217,-5699,GOOD
2627,2286,2093,1978,2129,-14972,8376,6960,-6432,919,-4576,GOOD
2554,2290,2032,2059,1967,-18480,8720,7368,-3899,870,-2462,GOOD
2599,2271,2102,1663,1969,-21596,9668,7640,-2443,-888,-269,GOOD
2725,2352,2128,1980,1936,-22440,10024,7988,-2927,-2739,2648,GOOD
2752,2363,2128,1994,1857,-19764,9960,8428,-2850,-3598,5418,GOOD
2751,2368,2114,2011,1887,-15184,9956,8612,-1674,-2807,7480,GOOD
2735,2384,2125,2039,1891,-12288,10352,8292,-507,-2073,7345,GOOD
2711,2348,2094,1984,1899,-9692,9988,7568,183,-2177,6642,GOOD
2609,2270,2018,1923,1928,-7372,9620,6572,575,-2102,6078,GOOD
2559,2192,2010,2043,1871,-5628,9440,5916,1042,-1486,4628,GOOD
2592,2259,2064,2015,1958,-4920,9476,5472,1041,-1931,2724,GOOD
2583,2275,2056,2045,1872,-3672,9204,5304,742,-2535,162,GOOD
2511,2264,1962,1831,1870,-3120,8852,5224,602,-2378,-2351,GOOD
2599,2241,2045,1985,1840,-4588,8880,6360,-198,-1307,-4946,GOOD
2558,2199,2014,1983,1818,-8012,8788,6672,-795,236,-6849,GOOD
2535,2243,2056,1966,2014,-12420,8268,6924,-378,520,-7303,GOOD
2559,2272,2027,2025,1875,-16740,8692,7616,914,-130,-5528,GOOD
2587,2288,2126,2000,2274,-19064,9804,8280,1851,-1124,-2924,GOOD
2704,2311,2108,1938,2030,-18504,10628,8888,2614,-631,-164,GOOD
2723,2375,2103,2003,1964,-16836,11172,9244,3387,190,2306,GOOD
2742,2367,2131,2032,1891,-15144,11392,9116,3611,-191,3719,GOOD
2700,2394,2064,2027,1803,-13540,11232,8800,4580,-1464,4482,GOOD
2765,2367,2158,1973,1943,-12004,10756,8908,5597,-3188,4547,GOOD
2725,2402,2084,2015,1853,-9920,10192,8868,6301,-5084,4189,GOOD
2739,2383,2086,1879,1918,-7312,8752,8056,8324,-5602,3239,GOOD
2672,2318,2064,2021,1949,-5612,8400,7296,10534,-4870,1862,GOOD
2592,2162,2064,2031,1840,-4124,8264,6840,12093,-2703,-169,GOOD
2559,2266,2060,2062,1815,-3680,8736,5616,13146,242,-2288,GOOD
2559,2281,2044,2027,1902,-2832,8956,3816,13760,4535,-4425,GOOD
2593,2278,2087,1994,1903,-5060,9216,1604,14466,7320,-5978,GOOD
2591,2290,2078,2047,1856,-11052,9568,-244,14502,4342,-7167,GOOD
2587,2257,2067,1924,2000,-14272,10964,-1056,14387,-2014,-8097,GOOD
2667,2288,2125,1940,2113,-15720,12608,-964,11926,-2652,-7047,GOOD
2529,2317,2059,1936,1777,-18012,13332,-1748,9152,282,-4001,GOOD
2748,2372,2109,1968,1841,-20280,13924,-1112,6286,2921,116,GOOD
2867,2529,2347,2301,2026,-21428,14244,-1812,5245,689,4445,GOOD
2903,2559,2400,2222,2034,-18028,14688,-736,4897,-4016,6464,GOOD
2919,2544,2411,2283,2108,-12396,14784,508,4047,-4523,7200,GOOD
2845,2558,2395,2336,2080,-8968,14536,1456,2878,-3001,7454,GOOD
2899,2559,2383,2211,2024,-7384,13512,1796,2544,-2121,7255,GOOD
2822,2368,2154,1918,1899,-6104,12532,2776,2409,-2717,5428,GOOD
2773,2423,2101,2080,1715,-4584,11472,3348,2702,-4013,3619,GOOD
2647,2401,2128,1979,1935,-2572,11056,3772,3783,-3985,1708,GOOD
2763,2362,2058,2007,1819,-2368,11292,3332,4538,-2524,-985,GOOD
2738,2342,2095,1975,1706,-2976,12120,3372,4373,-332,-3878,GOOD
2751,2343,2103,1982,1824,-5592,12028,2216,3734,1608,-6493,GOOD
2748,2402,2109,2000,1749,-8404,11660,1488,3008,3442,-8118,GOOD
2698,2379,2176,1969,1851,-13660,10392,-1404,4518,3622,-7390,GOOD
2736,2372,2138,1912,1955,-18036,11592,-3032,5347,448,-5755,GOOD
2800,2416,2128,2018,1970,-19800,12304,-3908,4462,-2346,-3579,GOOD
2818,2448,2199,1997,1962,-18492,12512,-2640,1445,-2572,-241,GOOD
2899,2559,2384,2286,1937,-15932,12432,-2380,-129,-1059,3569,GOOD
2923,2525,2338,2158,2070,-12912,13144,-1484,-1056,-652,4914,GOOD
2891,2559,2379,2227,1807,-10644,13320,-820,-1742,-1659,4190,GOOD
2881,2543,2383,2215,2000,-8252,13008,-600,-2124,-3046,2462,GOOD
2784,2416,2139,1999,1908,-6212,12732,-164,-1551,-3569,1031,GOOD
2787,2365,2198,1943,1955,-4496,12444,368,-1367,-2887,-500,GOOD
2770,2397,2134,1903,1998,-3332,12644,1224,-922,-1289,-1864,GOOD
2741,2406,2104,2015,1643,-3736,12876,1684,-1857,-774,-4175,GOOD
2736,2390,2157,1958,1931,-3564,12264,1612,-1881,624,-6447,GOOD
2783,2415,2135,2041,1758,-4608,12212,1088,-1131,3027,-8097,GOOD
2801,2403,2150,1935,1814,-7936,12688,832,-912,3814,-8691,GOOD
2768,2315,2083,2074,1724,-14024,11456,-1256,-960,2419,-9268,GOOD
2768,2383,2123,1978,1853,-19428,10564,-2192,-1006,1047,-8234,GOOD
2782,2423,2143,2032,1826,-22908,9712,-2824,-2246,2400,-4317,GOOD
2849,2512,2327,2252,2003,-22704,10188,-3760,-3651,4416,1051,GOOD
2853,2534,2325,2211,1957,-20804,12568,-1008,-7995,3990,6301,GOOD
2878,2533,2358,2368,1808,-15840,11700,-228,-10755,2777,7751,GOOD
2890,2544,2402,2254,2059,-11484,11192,964,-10450,3780,6965,GOOD
2816,2414,2156,1984,2000,-9068,11460,2032,-9436,6069,5576,GOOD
2781,2405,2110,2064,1785,-8820,10616,1524,-9471,6372,4285,GOOD
2661,2330,2084,1965,1727,-8020,10808,2760,-9244,4652,3254,GOOD
2646,2283,2085,1954,1871,-6200,10304,2828,-8666,3572,1778,GOOD
2623,2298,2058,1953,1872,-4724,10916,3712,-8163,4101,-405,GOOD
2603,2242,2061,1941,1807,-5244,10688,4532,-7631,6394,-2422,GOOD
2598,2256,2059,1931,1815,-9088,9884,4528,-7680,6835,-3957,GOOD
2634,2291,2096,1981,1988,-13620,8568,4468,-6656,4665,-4612,GOOD
2655,2222,2107,2064,2054,-17188,8340,3768,-4622,2540,-4011,GOOD
2634,2320,2074,1939,1877,-18928,8268,2816,-3537,3206,-1827,GOOD
2670,2187,2090,1991,1843,-20976,9164,3008,-4427,4704,2129,GOOD
2666,2273,2115,1924,1889,-20712,9228,2856,-6664,4227,5583,GOOD
2640,2369,2042,2010,1750,-16232,9220,3276,-5995,3409,7415,GOOD
2689,2287,2147,2000,1805,-11864,9416,3180,-4311,5017,7309,GOOD
2677,2325,2089,2042,1910,-9336,10088,2416,-3267,6794,6106,GOOD
2652,2326,2077,1923,1994,-8748,10748,1996,-3310,6273,4580,GOOD
2680,2333,2067,1958,1809,-8316,10416,2424,-4699,3659,2452,GOOD
2736,2339,2083,1914,1842,-6592,9836,2796,-4705,2029,750,GOOD
2651,2298,2069,1936,1941,-6136,9888,2896,-3893,1660,-964,GOOD
2640,2376,2027,1996,1867,-7704,9664,3136,-3039,1181,-3093,GOOD
2647,2324,2055,2016,1935,-10068,9332,4116,-2930,-1270,-4487,GOOD
2663,2288,2065,1989,1775,-11312,9324,4940,-2573,-3045,-5508,GOOD
2672,2379,2023,2030,1805,-13264,8748,4908,-1577,-1642,-5119,GOOD
2729,2295,2162,1974,1949,-16452,8912,4580,308,-445,-3578,GOOD
2672,2318,2084,2011,1913,-19344,9576,4272,1219,-1453,-1683,GOOD
2641,2373,2068,1999,1961,-18828,10288,4384,1425,-2670,510,GOOD
2673,2299,2094,2001,1849,-16160,10764,4032,2090,-2386,2803,GOOD
2659,2336,2077,2020,1769,-14348,10456,3736,3241,-871,4198,GOOD
2641,2349,2042,1984,1713,-13464,11136,3040,3981,-98,4573,GOOD
2682,2320,2081,2005,1825,-12044,11056,2980,3322,-322,4358,GOOD
2692,2359,2087,1945,1823,-10536,10728,3192,2720,-1254,3600,GOOD
2689,2305,2110,1995,1885,-9772,10276,3192,3871,-2978,2856,GOOD
2653,2349,2054,2042,1743,-9812,10512,5088,3628,-5395,2021,GOOD
2589,2320,2054,2045,2144,-9664,9260,5048,4529,-7736,-60,GOOD
2735,2325,2078,1904,1906,-8744,10040,5460,6523,-7502,-1862,GOOD
2671,2301,2064,1939,1812,-7756,9916,5044,8189,-4547,-2968,GOOD
2656,2330,2047,2045,1869,-8284,10260,4140,9437,-1385,-3582,GOOD
2673,2386,2090,1959,1797,-9316,10968,3144,9511,836,-4101,GOOD
2698,2305,2112,1947,1913,-11436,11024,2580,8796,731,-4562,GOOD
2691,2320,2097,1981,1835,-11552,11148,1336,8723,-308,-4778,GOOD
2695,2346,2113,1983,1928,-11552,11264,592,9370,-368,-4569,GOOD
2722,2337,2160,1925,1915,-12028,11752,-212,9053,-198,-4484,GOOD
2639,2383,2105,2010,1808,-12948,12892,220,7480,-917,-3819,GOOD
2678,2316,2150,1885,2092,-13080,12400,784,4972,-1502,-3949,GOOD
2678,2336,2083,2000,1649,-13344,12364,236,4581,-1739,-3647,GOOD
2685,2307,2064,1951,1911,-14044,12360,344,4699,-2121,-2953,GOOD
2672,2361,2068,2005,1790,-12888,11988,328,3876,-2886,-2173,GOOD
2692,2325,2098,1952,1817,-13396,13156,2356,3367,-2395,-1815,GOOD
2772,2273,2105,1986,1942,-13320,12408,1620,3575,-2125,-1323,GOOD
2687,2343,2113,2023,1984,-12884,11868,828,4461,-2532,-919,GOOD
2700,2355,2121,1989,1886,-12956,12008,396,5081,-2723,-637,GOOD
2705,2314,2098,2022,1897,-13156,11272,-716,4219,-2527,-558,GOOD
2646,2305,2064,2014,1805,-12968,11020,-1124,3059,-1286,-368,GOOD
2698,2289,2129,2009,1929,-12728,10824,-1628,1860,423,767,GOOD
2663,2319,2172,2000,1884,-13096,10508,-2216,101,972,1620,GOOD
2642,2306,2015,1951,1807,-13088,10220,-2444,-1401,866,1469,GOOD
2644,2298,2078,2006,1903,-12248,9596,-2508,-2622,1612,1424,GOOD
2641,2317,2039,2002,1793,-12952,9904,-1832,-4116,2567,1291,GOOD
2627,2289,2037,1946,1957,-12836,9752,-1156,-5463,2925,771,GOOD
2539,2258,2053,1941,1773,-12240,8732,-740,-6165,2405,684,GOOD
2621,2275,2057,1939,1838,-12116,8560,-124,-6297,2182,1129,GOOD
2593,2240,2098,1909,1840,-12316,8592,540,-6128,2649,1258,GOOD
2551,2292,2007,1987,1723,-12912,8640,1436,-6144,3388,1386,GOOD
2625,2256,2103,1939,2054,-13428,8864,2352,-6199,3484,1565,GOOD
2585,2257,2065,1919,1904,-13704,8760,3064,-6304,2729,1265,GOOD
2559,2242,2041,1954,1831,-13468,8336,3584,-5372,2289,922,GOOD
2605,2247,2106,1974,1986,-13040,8640,4336,-4032,2510,959,GOOD
2604,2277,2096,1989,1970,-13172,8564,4940,-3131,2780,716,GOOD
2591,2306,2064,1936,1930,-13048,8204,5212,-1677,2280,545,GOOD
2603,2281,2087,1983,1889,-12040,8288,4856,386,1262,433,GOOD
2599,2288,2108,2074,1963,-11980,9460,5064,2301,350,-208,GOOD
2589,2311,2067,2023,1760,-12260,10036,4592,3677,-815,-631,GOOD
2612,2256,2087,1981,2081,-11656,10504,3804,4563,-1309,-782,GOOD
2602,2270,2095,1964,1840,-11648,11648,3248,5059,-1514,-954,GOOD
2591,2279,2096,1977,1878,-11200,12496,2052,5264,-1389,-1130,GOOD
2595,2271,2063,2030,1969,-10640,13096,1448,5273,-681,-1437,GOOD
2621,2281,2115,1968,1941,-10856,13392,336,4852,221,-1759,GOOD
2531,2317,2054,2000,1829,-12212,13416,-752,4097,727,-1848,GOOD
2594,2309,2069,2117,1851,-12668,13380,-1176,2951,578,-1127,GOOD
2559,2273,2067,1991,1885,-12280,12824,-1264,1363,528,-393,GOOD
2587,2282,2042,1988,1943,-11876,12512,-1052,-162,40,-385,GOOD
2603,2235,2086,1913,1981,-11852,11140,-1440,-1194,-281,-1203,GOOD
2590,2228,2041,1972,1904,-12576,10280,-1092,-1612,376,-1381,GOOD
2559,2270,2011,2100,1805,-13316,9300,-880,-2371,1726,-772,GOOD
2586,2245,2019,1933,1930,-14608,8128,-804,-3211,2613,-229,GOOD
2586,2236,2064,1942,1925,-15488,7704,-852,-4009,2485,475,GOOD
2559,2254,2021,2011,1792,-15408,7692,-464,-4757,1632,1529,GOOD
2592,2259,2060,1934,1817,-13808,7760,316,-5275,1754,2195,GOOD
2559,2263,2055,2016,1840,-12772,7844,860,-5559,2294,2235,GOOD
2593,2256,2086,1982,1837,-13268,8124,1412,-5497,2045,1729,GOOD
2606,2358,2073,1981,1895,-13564,8536,2672,-5555,971,1258,GOOD
2606,2288,2062,1940,2073,-13184,8592,4000,-5005,163,788,GOOD
2612,2245,2101,2039,1889,-12232,8248,4464,-3323,485,550,GOOD
2623,2302,2083,1962,1835,-11604,8236,4860,-1037,914,-82,GOOD
2609,2257,2067,1983,1859,-11604,9788,4664,911,18,-1456,GOOD
2603,2282,2054,2006,1854,-11604,10492,4624,2518,-1048,-2730,GOOD
2626,2290,2085,1973,2010,-11368,10416,3652,5558,-1812,-3385,GOOD
2618,2288,2075,1935,1751,-11360,10660,2236,7668,-2046,-3674,GOOD
2643,2259,2176,1951,2045,-11220,11532,1628,8056,-2051,-4098,GOOD
2629,2311,2019,1969,1872,-12752,10764,-32,7923,-1984,-4217,GOOD
2639,2276,2100,1939,1936,-14460,10476,-1356,8091,-3350,-3344,GOOD
2559,2277,2006,1937,1730,-14744,10916,-1848,7520,-3917,-2205,GOOD
2607,2256,2091,1876,1965,-15024,10544,-2396,5052,-3095,-917,GOOD
2587,2311,2042,1966,2006,-15228,9528,-2864,3802,-2564,-349,GOOD
2559,2241,2037,1961,1839,-15872,9840,-2996,3238,-2554,-49,GOOD
2559,2222,2027,1902,1794,-15784,9456,-2940,1989,-2337,811,GOOD
2585,2250,2064,1906,1807,-14180,9444,-2392,18,-818,2195,GOOD
2555,2253,1993,1943,1870,-13228,9092,-1744,-1676,741,3004,GOOD
2587,2256,1999,1951,1869,-12496,9204,84,-3432,1238,3491,GOOD
2597,2267,2046,1978,1934,-11784,8700,1612,-4515,532,3134,GOOD
2608,2287,2093,1985,1871,-10636,8044,2576,-4270,1267,1853,GOOD
2607,2292,2071,1957,2003,-10532,9564,4332,-3582,2941,1426,GOOD
2602,2239,2054,1976,1910,-10844,9720,4932,-3020,3657,206,GOOD
2608,2305,2096,1967,1857,-11428,9564,4484,-2130,4501,-899,GOOD
2606,2283,2069,1968,1997,-12736,10232,4720,-1137,4315,-768,GOOD
2593,2288,2032,2024,1844,-13368,11300,4620,-251,3305,-1378,GOOD
2613,2305,2078,1963,2000,-14144,11212,3928,565,2677,-1826,GOOD
2597,2298,2034,2029,1890,-15004,10768,2892,1547,1974,-1624,GOOD
2559,2319,2099,2087,1869,-15052,10360,1936,2285,1857,-1152,GOOD
2594,2288,1915,1997,1983,-14676,10108,1120,1898,2764,-50,GOOD
2608,2259,2063,1983,1889,-16096,9144,-332,790,2682,743,GOOD
2608,2265,2045,1919,1915,-15856,9116,-812,-30,887,1309,GOOD
2620,2233,2071,1970,1907,-14320,9020,-948,-835,-891,1585,GOOD
2559,2248,2076,1931,1845,-12252,8852,-708,-1425,-1673,1193,GOOD
2590,2258,1954,1916,1952,-10784,9056,-132,-2110,-1126,536,GOOD
2559,2300,2029,1967,1872,-9892,8888,-216,-2862,-212,-666,GOOD
2594,2258,2078,1904,1971,-9316,8288,-544,-2856,703,-1885,GOOD
2589,2234,2046,1922,1882,-9360,8148,-1200,-2341,1640,-2787,GOOD
2559,2231,2112,1985,1873,-11020,9056,-92,-2937,1445,-3048,GOOD
2593,2273,2064,1968,1810,-11596,9520,1352,-5428,26,-4003,GOOD
2608,2270,2075,1910,1947,-9888,9560,2440,-6023,-635,-4528,GOOD
2559,2279,2045,1919,1840,-9496,8324,2240,-4566,2412,-4672,GOOD
2559,2336,2033,1958,2098,-13992,10080,3864,-3813,4570,-5136,GOOD
2615,2266,2031,1939,1941,-16860,10148,5840,-5018,2621,-4867,GOOD
2606,2269,2007,1947,2144,-17668,7952,4508,-3382,1643,-4766,GOOD
2609,2253,2094,1951,1901,-19836,8068,3888,-677,3524,-3370,GOOD
2608,2288,2096,1907,1917,-22720,7296,2000,377,3385,-279,GOOD
2607,2244,2094,1990,1989,-23264,8560,868,404,1518,2657,GOOD
2599,2245,2078,1954,1891,-20920,7224,-1256,-940,965,4743,GOOD
2590,2259,2081,1961,1919,-18504,7680,-1444,-1571,2060,7259,GOOD
2608,2320,2059,1951,1787,-15720,8176,-1732,-2395,2616,9307,GOOD
2608,2279,2098,1873,1936,-12704,8480,-1112,-3264,2424,9607,GOOD
2603,2253,2045,1942,1930,-9656,8612,-568,-3669,2950,9134,GOOD
2593,2321,2074,1889,1874,-7548,8664,-756,-3689,3709,7459,GOOD
2605,2243,2055,1927,1904,-6112,9024,-420,-3334,3595,5363,GOOD
2602,2260,2065,1920,1936,-4088,10360,-720,-3362,4160,2447,GOOD
2620,2278,2035,2013,1917,-2468,11476,-320,-4790,6324,-997,GOOD
2639,2259,2081,1937,1939,-4064,11240,1768,-6699,5980,-4800,GOOD
2658,2304,2102,2000,2011,-6612,9856,2928,-7249,3152,-8624,GOOD
2598,2256,2080,2021,1937,-10164,7188,2508,-5118,1935,-11956,GOOD
2639,2267,2070,1930,1963,-18276,4908,-424,234,4103,-11634,GOOD
2587,2185,2028,1942,1783,-27464,6192,-2796,2512,5015,-7315,GOOD
2559,2323,2053,2095,1999,-30244,10064,-4132,-1101,3655,-2147,GOOD
2608,2249,2119,1968,2058,-25700,9536,-2212,-6400,-126,4386,GOOD
2597,2249,2059,1929,1979,-19160,8744,-740,-6964,-3325,7464,GOOD
2589,2287,2058,1977,1879,-14080,8720,1188,-5497,-4048,8855,GOOD
2603,2256,2096,1946,2056,-8872,8464,1252,-4020,-1417,8545,GOOD
2559,2267,2047,2023,1938,-6336,9180,1120,-3835,2256,8444,GOOD
2617,2267,2029,1952,2063,-5308,9236,1028,-4768,4388,5898,GOOD
2650,2214,2096,2010,1911,-4488,8740,540,-4308,5269,2975,GOOD
2653,2185,2055,2058,1917,-3504,9080,936,-2967,4198,-142,GOOD
2662,2206,2099,1934,1995,-3428,9408,1988,-3040,2994,-4086,GOOD
2631,2160,2053,2014,1761,-5720,9968,4696,-4571,2826,-7742,GOOD
2531,2162,2031,1885,1885,-8392,7864,5176,-3918,4446,-12000,GOOD
2595,2103,1990,1854,1837,-17872,4940,2608,1647,4619,-12252,GOOD
2515,2096,1953,1864,2148,-32216,4612,-4008,8745,-6125,-9359,GOOD
2585,2130,2032,2112,1977,-32100,11140,292,4247,-13317,-3459,GOOD
2595,2192,2141,1920,2128,-25272,9544,728,-5734,-3289,4382,GOOD
2544,2206,2166,2006,1869,-22592,8816,1328,-7429,178,8992,GOOD
2579,2178,2045,1980,1884,-17860,7968,2612,-5489,-4634,10802,GOOD
2627,2187,2074,1905,2020,-11360,7912,3988,-3297,-7048,9076,GOOD
2620,2224,2006,1905,1852,-5944,8144,4032,-1983,-3652,7204,GOOD
2559,2149,2035,1934,2071,-3568,7856,3712,-921,3700,6120,GOOD
2653,2192,1990,2096,1866,-4220,8836,3768,-1118,6740,3335,GOOD
2633,2202,2027,1899,2002,-5340,8492,2900,-1223,4850,-793,GOOD
2607,2190,1991,1887,1931,-5776,8284,2240,-1652,3150,-3791,GOOD
2640,2182,2021,1926,1851,-9800,7944,1992,-2911,4323,-7648,GOOD
2627,2179,2064,1872,2093,-15868,7052,420,-1596,6424,-9658,GOOD
2605,2198,2047,1959,1910,-22352,7060,-1364,218,4577,-8386,GOOD
2545,2203,2042,2027,2005,-23480,8716,-1176,-25,842,-4071,GOOD
2544,2199,2059,2000,1957,-21980,9428,-276,-3508,-248,663,GOOD
2530,2149,2031,1968,1952,-18768,8976,1048,-4446,-747,2697,GOOD
2559,2226,2085,2080,1875,-16072,7964,1960,-3946,-1623,4131,GOOD
2599,2175,2047,1936,1743,-13000,7292,2500,-1762,-2784,4548,GOOD
2591,2165,2031,1941,1872,-10524,7872,3176,415,-2661,3549,GOOD
2639,2217,2046,1935,1893,-8516,8272,3312,1362,-1426,2072,GOOD
2655,2235,2087,2042,2264,-7032,8704,3512,1268,730,635,GOOD
2651,2235,1899,2091,1817,-7564,8564,3128,1081,2223,-1430,GOOD
2654,2266,2083,2157,2011,-9536,8056,2864,1720,2310,-3953,GOOD
2678,2244,1939,2002,2032,-12164,7024,1840,2345,3068,-5628,GOOD
2635,2261,2047,1939,1916,-15296,7788,1584,3104,4102,-5147,GOOD
2660,2219,2123,1987,2191,-18328,7768,400,3532,4100,-3654,GOOD
2688,2161,2087,1893,2000,-20920,7732,596,3772,1669,-1987,GOOD
2603,2123,2035,1943,1914,-20040,7960,1076,5205,-1322,-937,GOOD
2596,2219,2033,1919,2129,-18080,8632,2044,6407,-3267,-315,GOOD
2559,2178,2015,1941,1923,-17164,8500,2856,6997,-5132,1860,GOOD
2559,2161,2065,2039,1913,-16836,7976,2144,8500,-6871,3872,GOOD
2628,2119,2099,1945,1913,-15784,8624,1684,11218,-11099,3733,GOOD
2557,2198,2109,2199,2001,-14936,9692,828,13562,-17066,2680,GOOD
2602,2201,2073,1969,2005,-13008,10180,284,15783,-22758,583,GOOD
2559,2205,2065,2071,1842,-8916,12208,1016,15804,-19755,136,GOOD
2582,2189,2059,2000,1913,-10556,15952,952,12796,-10297,-429,GOOD
2582,2138,2089,1907,1935,-12856,15416,1132,7050,-4413,-902,GOOD
2555,2176,2036,1971,1859,-12948,13248,652,4156,-3338,-1084,GOOD
2531,2117,2025,1855,1878,-11564,13676,852,3296,-5578,-76,GOOD
2555,2133,2064,1965,1910,-9748,13232,1644,666,-8363,-47,GOOD
2531,2189,2113,1915,1893,-6836,12040,3032,-1938,-8681,-1519,GOOD
2646,2139,1731,1735,1803,-2892,16796,1336,-12868,-3647,136,THINK
2636,2146,1768,1714,1747,2568,12196,3436,-7547,1468,-2327,THINK
2687,2126,1833,1703,1840,-2048,14008,3812,1693,4666,-165,THINK
2669,2128,1839,1809,1794,-4468,15768,2216,3783,956,254,THINK
2674,2160,1820,1745,1784,-3896,16232,1048,4221,-3526,-296,THINK
2667,2150,1852,1781,1807,-1780,16432,504,5511,-2581,155,THINK
2655,2145,1806,1808,1749,-1260,16400,1504,4447,100,-851,THINK
2695,2177,1840,1735,1821,-2500,16244,772,5471,2423,157,THINK
2690,2139,1856,1750,1831,-3520,16640,648,5539,1513,265,THINK
2719,2160,1876,1714,1862,-2568,16832,928,5217,853,472,THINK
2688,2179,1833,1914,1814,-2524,17156,540,3979,981,792,THINK
2699,2256,1904,1799,1776,-2728,17480,328,1626,973,618,THINK
2736,2218,1916,1779,1849,-2896,17312,352,-775,179,272,THINK
2721,2124,1887,1748,1825,-3032,17180,508,-3027,-804,672,THINK
2671,2222,1794,1776,1780,-3184,17416,824,-5774,-1435,903,THINK
2736,2118,1781,1741,1845,-2748,17676,1040,-9679,-2473,512,THINK
2658,2094,1803,1728,1787,-1560,14980,2124,-11940,-1711,-1011,THINK
2636,2160,1775,1764,1688,100,11868,3068,-3199,3689,-616,THINK
2634,2144,1766,1729,1758,-3956,14844,2540,3016,2485,315,THINK
2666,2167,1789,1712,1703,-4408,16052,1280,3992,-2841,244,THINK
2647,2160,1831,1776,1819,-1688,16208,1528,3812,-3082,-6,THINK
2679,2167,1831,1786,1847,180,15400,1784,4465,449,-506,THINK
2713,2160,1858,1729,1854,-2372,16216,2368,6328,3821,-314,THINK
2687,2125,1840,1777,1823,-3044,16124,436,6266,1510,-922,THINK
2720,2246,1822,1875,1802,-2736,16348,1016,6729,71,-259,THINK
2672,2149,1906,1659,1681,-2508,16420,492,7204,926,53,THINK
2699,2186,1852,1710,1795,-2372,16396,-140,7365,1765,49,THINK
2674,2224,1823,1694,1653,-3120,17344,-144,6406,1753,384,THINK
2643,2182,1807,1629,1623,-3280,17988,-252,3089,816,757,THINK
2726,2225,1910,1695,1710,-3632,17928,-724,-1433,-815,1210,THINK
2713,2224,1904,1723,1728,-3364,18228,-680,-6259,-2856,1524,THINK
2724,2216,1906,1758,1758,-3888,18472,-732,-12445,-4436,2851,THINK
2724,2272,1927,1840,1741,-2560,18340,-516,-19747,-5313,1552,THINK
2675,2302,1887,1866,1763,-744,12324,-548,-21646,-1387,-441,THINK
2686,2217,1782,1768,1821,1952,8760,3616,-4753,8183,-916,THINK
2707,2201,1871,1782,1968,-6284,15876,4888,3172,4566,500,THINK
2682,2158,1851,1763,1805,-4824,16216,2796,2961,-3351,-653,THINK
2698,2151,1837,1798,1883,-1412,15780,2236,4403,-2605,-870,THINK
2684,2157,1857,1781,1863,-1440,15844,1840,6231,1773,-261,THINK
2717,2122,1889,1763,2112,-2828,16144,1628,7592,2387,-192,THINK
2698,2150,1855,1655,1839,-3640,17256,2248,7130,408,27,THINK
2707,2190,1874,1806,1835,-2596,17260,2004,4982,-1187,-563,THINK
2686,2192,1835,1803,1761,-1372,16724,1048,4130,316,-371,THINK
2654,2186,1749,1782,1703,-2752,16544,588,4145,1474,281,THINK
2686,2142,1782,1729,1773,-3752,17012,472,3812,428,316,THINK
2672,2176,1822,1745,1808,-3604,17404,608,2360,-1033,333,THINK
2672,2143,1777,1750,1816,-2620,17212,580,491,-733,776,THINK
2651,2160,1818,1753,1769,-2548,15920,-716,-130,367,1073,THINK
2663,2178,1824,1765,1790,-2492,16372,232,341,1094,1208,THINK
2669,2224,1837,1835,1707,-2924,16516,660,-974,340,1116,THINK
2654,2174,1837,1771,1834,-2412,15840,840,-2011,-617,1232,THINK
2689,2190,1887,1776,1861,-1628,15332,1076,-1498,-462,737,THINK
2704,2154,1851,1772,1818,-1440,15220,1448,69,-292,47,THINK
2663,2243,1821,1809,1854,-1548,15716,1740,1460,-677,-610,THINK
2707,2176,1827,1705,1808,-1564,15944,1936,1799,-942,-1254,THINK
2687,2160,1851,1724,1809,-1780,16364,1720,1901,-486,-1519,THINK
2672,2187,1807,1960,1745,-2968,16868,780,2599,-55,-1431,THINK
2678,2198,1830,1794,1840,-4140,16860,296,3680,-717,-1187,THINK
2695,2138,1855,1723,1832,-4496,17328,28,4084,-1531,-582,THINK
2735,2160,1856,1535,1861,-4140,18268,-100,3299,-1882,-8,THINK
2672,2176,1840,1789,1814,-4240,18264,-976,2379,-2336,836,THINK
2693,2159,1825,1799,1785,-3892,17752,-1344,2566,-2459,1465,THINK
2655,2193,1775,1744,1759,-3780,17988,-1292,2351,-2812,2253,THINK
2719,2161,1877,1731,1919,-3500,18148,-868,865,-3232,4058,THINK
2640,2117,1727,1792,1819,-3588,17928,-1272,-530,-4034,5079,THINK
2663,2151,1805,1781,1792,-2996,17472,-1340,-1030,-4740,5412,THINK
2662,2149,1826,1770,1808,-2480,16680,-1060,-1004,-5458,5836,THINK
2679,2121,1837,1723,1867,-1948,16260,-852,-1008,-6483,6310,THINK
2702,2145,1840,1906,1703,-1096,15736,-568,-1033,-7209,6410,THINK
2695,2029,1811,1535,1925,-444,15296,-484,-1305,-7537,6261,THINK
2669,2160,1801,1703,1683,352,14768,-396,-1665,-6892,5787,THINK
2679,2295,1835,1726,1729,1220,14368,232,-1125,-4216,4595,THINK
2685,2250,1849,1763,1694,1880,14756,664,-1262,-559,2852,THINK
2691,2224,1829,1707,1691,1544,15096,336,-2666,1871,1603,THINK
2736,2156,1831,1611,1824,1452,16048,740,-5141,3318,855,THINK
2708,2202,1871,1687,1931,-52,16644,1052,-8826,3371,78,THINK
2736,2201,1883,1743,1794,376,16552,1380,-14120,2236,-1185,THINK
2704,2134,1872,1744,1809,1408,11324,3480,-14699,3154,-3083,THINK
2701,2155,1831,1750,1824,3924,9508,7772,1160,9666,-1865,THINK
2697,2091,1734,1653,1827,-2084,17660,6128,4282,6899,-1244,THINK
2678,2161,1842,1794,1786,-2512,18212,2240,1996,432,-1746,THINK
2701,2171,1859,1788,1843,-236,17232,916,4263,-1356,-1064,THINK
2691,2160,1834,1841,1869,1224,17796,2060,7605,2353,-476,THINK
2663,2223,1879,1808,1767,-860,19068,1476,7868,4656,552,THINK
2643,2253,1853,1786,1643,-1940,18756,672,5229,4298,1336,THINK
2688,2179,1851,1779,1821,-1764,17932,368,2712,2633,1788,THINK
2689,2187,1859,1845,1815,-1612,17064,-136,2006,1590,1912,THINK
2677,2157,1834,1793,1840,-1680,16356,-176,1639,399,2026,THINK
2653,2182,1807,1794,1791,-1336,16672,692,610,-464,2184,THINK
2690,2141,1890,1779,1783,-1724,16188,744,-1198,-1463,2262,THINK
2695,2256,1899,1841,1831,-1052,15504,860,-2227,-2323,1814,THINK
2742,2288,1973,1830,1867,-520,15012,1244,-2316,-2266,1478,THINK
2783,2282,2030,1825,1957,284,15012,1708,-2933,-1562,985,THINK
2734,2249,1943,1910,1850,420,15764,2144,-5243,-855,11,THINK
2629,2237,1790,1744,1848,-164,16444,2168,-9496,-1398,-944,THINK
2675,2141,1840,1777,1900,516,13520,2092,-13223,-2502,-3284,THINK
2667,2136,1831,1747,1879,3368,10160,4288,-4037,2036,-4713,THINK
2651,2144,1774,1778,1776,-576,14612,4544,3187,2143,-3032,THINK
2674,2149,1827,1727,1810,-2492,17500,2884,3861,-2782,-2703,THINK
2666,2123,1819,1906,1840,-656,17940,2616,3455,-5837,-2601,THINK
2704,2112,1844,1952,1851,776,18352,2940,4911,-3709,-2066,THINK
2687,2177,1835,1801,1840,244,18340,2628,7372,213,-1363,THINK
2687,2223,1840,1829,1810,-1700,18860,2048,8786,358,-592,THINK
2702,2192,1862,1783,1886,-1840,18892,1968,8393,-1428,26,THINK
2737,2102,1931,1773,1855,-940,18288,1964,7311,-2394,697,THINK
2663,2162,1870,1793,1786,-300,17692,1204,6626,-1492,1344,THINK
2673,2167,1822,1809,1798,-636,17656,1384,5807,-210,1439,THINK
2676,2228,1851,1755,1739,-1432,17108,604,3427,350,1531,THINK
2704,2207,1852,1642,1750,-1540,16356,-276,1433,-1009,1428,THINK
2694,2192,1869,1671,1677,-632,16928,-160,-1840,-1514,2027,THINK
2710,2155,1870,1695,1758,-488,17888,-228,-7817,-2147,3094,THINK
2711,2224,1888,1753,1916,-1984,18836,104,-15154,-2318,3570,THINK
2751,2255,1924,1767,1839,-1120,17196,356,-21992,-3088,2587,THINK
2768,2233,1928,1855,1766,-1752,15268,384,-23432,-3969,1956,THINK
2727,2343,1872,1870,1787,-136,14772,2320,-22238,-4086,596,THINK
2736,2270,1994,1811,2117,992,14272,3720,-21106,-2489,-783,THINK
2731,2226,1939,1840,1868,1928,12264,4436,-17360,-632,-1961,THINK
2704,2235,1905,1840,1854,2888,11640,7864,-8610,2467,-2163,THINK
2737,2225,1931,1856,1878,560,13432,8612,-1667,2529,-1574,THINK
2697,2237,1891,1822,1787,-748,14880,8572,1520,574,-2151,THINK
2683,2234,1895,1867,1835,-1180,15524,7956,3028,-524,-2544,THINK
2714,2150,1877,1675,1770,-688,15404,8036,4726,-240,-2077,THINK
2767,2221,1936,1743,1788,436,16324,7816,6412,2282,-758,THINK
2667,2233,1863,1745,1670,32,16748,7020,6941,4816,8,THINK
2704,2226,1822,1715,1587,-956,18324,6536,6621,5305,962,THINK
2722,2182,1915,1714,1722,-1400,18344,5904,3078,4636,1862,THINK
2672,2246,1936,1858,1757,-948,17132,4536,453,4953,1811,THINK
2855,2448,2198,1983,1876,-676,16620,3960,-824,6039,2278,THINK
2897,2513,2288,2128,2003,-1488,17064,4268,-4169,5236,2509,THINK
2866,2493,2247,2128,1949,-312,17036,5144,-10028,5451,2407,THINK
2880,2529,2240,2183,1824,-556,15764,5032,-14744,6114,924,THINK
2832,2501,2277,2110,1969,-776,15004,6124,-17883,6179,-671,THINK
2847,2483,2307,2041,1899,-1316,13312,6324,-20643,5417,-1362,THINK
2794,2474,2170,2070,1910,-280,8116,8288,-17272,6360,-3131,THINK
2778,2433,2098,1966,1772,-1064,7636,11416,-3857,8388,6,THINK
2825,2391,2213,1983,1868,-3604,12164,11796,444,6067,241,THINK
2829,2465,2368,1997,1964,-3736,12888,9928,1298,523,-1694,THINK
2656,2205,1859,1730,1743,-632,12900,9992,3520,-1158,-1592,THINK
2675,2224,1907,1755,1719,212,12548,9404,7888,957,-989,THINK
2661,2167,1834,1719,1691,-1780,13908,7964,12541,1897,-1038,THINK
2688,2239,1877,1751,1622,-3248,16452,6812,12799,-237,-1886,THINK
2863,2497,2294,2062,1904,-3420,15580,4592,10349,-3162,-1832,THINK
2869,2455,2255,2064,1794,-2008,15280,4244,9861,-2246,-1644,THINK
2836,2518,2153,2087,1808,-2476,16756,5132,5964,-189,-452,THINK
2934,2484,2491,2035,2067,-3892,16064,4232,-497,-479,876,THINK
2863,2486,2432,2128,1933,-3688,15616,4868,-5510,-2551,1078,THINK
2897,2510,2265,2070,1803,-4112,16324,5540,-12755,-5115,2936,THINK
2906,2496,2319,2106,1946,-3268,15608,6524,-19635,-8122,2451,THINK
2880,2518,2272,2193,1929,-736,13104,8268,-21233,-6020,-1402,THINK
2821,2503,2258,2165,1937,6220,5300,14024,-9852,2308,-4271,THINK
2832,2546,2129,2075,1877,-1360,10104,14348,5341,5763,1099,THINK
2881,2585,2294,2110,1984,-4368,13508,10632,6589,-1212,198,THINK
2929,2533,2336,2097,2033,-1496,12420,8720,8645,-4613,-1046,THINK
2885,2496,2277,2176,1927,1240,13724,9456,12628,-1109,-1460,THINK
2850,2592,2107,2039,1849,-1808,16080,8760,11251,1789,169,THINK
2894,2491,2262,2097,2252,-2604,16208,7656,7927,3365,171,THINK
2900,2515,2309,2098,1952,-3436,16076,6312,4978,3293,445,THINK
2883,2534,2262,2173,2000,-3664,15952,5452,2579,2364,1304,THINK
2897,2521,2321,2093,1999,-2964,16016,5136,-668,2114,1551,THINK
2902,2491,2322,2113,2007,-3820,15724,5280,-5047,884,1993,THINK
2923,2590,2215,1998,2093,-2836,15200,6260,-9393,-453,2104,THINK
2850,2462,2203,2023,1867,-2696,15036,6948,-14193,-639,1882,THINK
2672,2203,1809,1659,1603,796,8524,9788,-11535,1883,-882,THINK
2683,2191,1828,1611,1662,-12,7500,12476,2016,5500,2006,THINK
2659,2147,1809,1672,1654,-3760,12884,12128,4751,1242,1718,THINK
2658,2288,1776,1527,1573,-2712,13168,9044,3361,-4667,-549,THINK
2714,2234,1871,1616,1744,-228,12620,7584,5039,-4396,-627,THINK
2732,2223,1879,1722,1717,-52,12408,7276,8690,204,-285,THINK
2675,2230,1832,1725,1591,-2716,13168,6516,12410,1482,-477,THINK
2865,2559,2224,1989,2028,-3832,14684,7536,13441,-1135,-1030,THINK
2896,2447,2346,2057,1921,-1972,14548,7816,12208,-3475,-732,THINK
2865,2480,2217,2066,1906,-136,13976,7016,12174,-372,527,THINK
2803,2521,2338,1887,1891,-424,14432,5628,14134,4704,858,THINK
2905,2481,2301,1982,1968,-2428,16632,4804,13352,5172,1199,THINK
2864,2496,2229,2136,1855,-3732,16516,4192,9417,3146,1857,THINK
2861,2433,2191,2100,1888,-3892,16792,2452,7106,2550,2463,THINK
2880,2437,2195,2031,1954,-2904,17872,2144,5136,3592,3905,THINK
2832,2431,2147,1974,1931,-2924,17904,1424,1109,5484,5844,THINK
2723,2224,1910,1725,1805,-2588,18048,760,-1612,4912,6393,THINK
2723,2252,2061,1777,1813,-2704,18728,1472,-5214,2367,6816,THINK
2784,2208,1968,1769,1739,-1200,18372,2736,-9813,-1413,6837,THINK
2729,2291,1939,1776,1810,1292,18876,4704,-15648,-2241,5154,THINK
2752,2285,1951,1829,1872,2980,17824,6324,-21687,325,1152,THINK
2758,2272,1972,1867,1875,3584,9936,7896,-21435,4000,54,THINK
2724,2332,1934,1869,1756,6648,4508,11800,-563,8635,1080,THINK
2735,2250,1925,1664,1810,-2432,14556,11776,11053,3101,3134,THINK
2709,2238,1897,1769,1779,-412,16400,8516,9772,-4804,437,THINK
2714,2171,1902,1799,1808,3376,15012,6644,9183,-3391,-887,THINK
2719,2243,1921,1759,1855,3016,15256,5640,12148,3845,-602,THINK
2717,2195,1871,1733,1783,-412,16072,3156,13394,8396,13,THINK
2690,2201,1903,1787,1703,-2688,16512,1048,13257,7929,-621,THINK
2730,2256,1898,1754,1661,-3160,17936,948,10376,4296,-687,THINK
2738,2239,1931,1755,1772,-1864,17892,868,4114,2509,1104,THINK
2731,2231,1904,1739,1744,-844,18376,700,-2984,2938,1804,THINK
2672,2276,1827,1745,1632,-1648,18696,2024,-9579,3519,706,THINK
2799,2196,1975,1746,1799,-2452,17552,3524,-17093,636,-152,THINK
2737,2196,1926,1783,1694,-572,11788,6900,-20277,-1973,-214,THINK
2701,2256,1874,1755,1726,6132,7592,10956,-5379,6492,-1103,THINK
2735,2224,1917,1763,1748,-2260,13888,11532,5617,7638,1800,THINK
2708,2259,1871,1707,1700,-3540,15120,8500,6327,-219,1199,THINK
2706,2298,1936,1845,1673,-1020,15036,5532,7324,-4282,917,THINK
2737,2301,1942,1744,1789,2100,15524,4948,9396,-1040,382,THINK
2735,2267,1982,1748,1834,996,16476,4384,10440,4130,261,THINK
2715,2295,1885,1777,1693,-164,17152,3132,8700,6017,-1103,THINK
2747,2203,1931,1708,1863,-136,16892,2796,6252,5483,-2330,THINK
2672,2207,1808,1850,1675,552,16860,2828,2750,7390,-2481,THINK
2698,2223,1856,1728,1743,-1176,16628,2040,-123,9252,-3367,THINK
2688,2211,1866,1812,1772,-2652,15940,2568,-3015,9727,-3269,THINK
2697,2239,1920,1807,1744,-4924,15320,3356,-4079,7337,-2516,THINK
2723,2250,1965,1787,1840,-4576,15800,6152,-3991,4702,-1965,THINK
2739,2250,1966,1745,1904,-5000,15692,7124,-3599,2914,-1273,THINK
2729,2288,1951,1865,1808,-4512,14596,6936,-885,905,-752,THINK
2737,2279,2012,1870,1873,-4320,15380,7248,3033,-1497,-601,THINK
2735,2225,1959,1818,1937,-3408,16300,6936,4815,-6577,-1084,THINK
2669,2192,1872,1795,1822,-2072,16360,5628,5369,-9404,-1431,THINK
2641,2207,1821,1731,1795,-1484,16728,3968,6370,-12666,-2625,THINK
2667,2132,1866,1750,1890,-2112,16788,976,6333,-18044,-3103,THINK
2663,2148,1814,1765,1824,-2484,17732,-1356,6242,-24489,-3208,THINK
2677,2145,1840,1747,1808,-772,18736,-1224,4048,-23980,-3950,THINK
2682,2189,1870,1787,1849,-2724,17864,-2444,-744,-17519,-2103,THINK
2674,2232,1871,1859,1687,-5300,17452,-2712,-4895,-11087,-333,THINK
2758,2327,1919,1916,1874,-7624,17504,-1992,-9849,-7913,2463,THINK
2781,2358,2017,1890,1915,-5552,16764,-356,-14469,-7924,5731,THINK
2789,2274,2035,1947,1909,-492,15540,2900,-16607,-6978,5515,THINK
2687,2171,1805,1755,1798,5324,9156,12136,-16174,967,4456,THINK
2704,2131,1859,1707,1872,10164,6944,13364,-3727,10235,390,THINK
2683,2233,1865,1744,1707,1028,13952,14308,1275,8189,363,THINK
2752,2202,1840,1744,1659,-1044,13980,9932,1483,-1445,-1119,THINK
2699,2176,1882,1792,1825,332,13600,6836,4043,-5000,-1259,THINK
2712,2157,1809,1776,1744,3172,14264,7024,8459,1267,-2165,THINK
2672,2159,1787,1750,1869,-1772,16116,4968,9726,9368,-946,THINK
2679,2185,1866,1742,1808,-7276,16836,1724,7233,9043,433,THINK
2735,2257,1929,1826,1877,-8992,17064,-280,3796,3034,2465,THINK
2730,2309,1936,1840,1838,-5580,16920,-640,-64,128,4359,THINK
2709,2210,1922,1766,1853,-2444,16944,584,-3925,1361,4828,THINK
2673,2160,1873,1776,1803,-976,16804,2096,-7876,2469,4417,THINK
2682,2063,1859,1703,1959,-1448,16684,4780,-11026,318,3151,THINK
2690,2186,1877,1767,1853,724,12960,9352,-11876,-2824,1108,THINK
2672,2103,1776,1673,1725,6808,9328,13528,-2199,1106,178,THINK
2697,2177,1858,1721,1744,1132,14168,12948,3046,2434,242,THINK
2682,2243,1858,1741,1499,-2100,14644,8580,2712,-2796,-1445,THINK
2710,2276,1910,1791,1853,-228,13440,6728,5188,-5133,-2033,THINK
2736,2254,1936,1757,1847,988,14428,6752,8560,-631,-1512,THINK
2721,2259,1931,1848,1824,-2244,16452,4700,8146,3515,-424,THINK
2741,2258,1929,1815,1898,-6264,16804,1512,5749,2194,610,THINK
2735,2284,1936,1758,1875,-5108,17548,524,2377,-2367,1855,THINK
2704,2261,1873,1835,1743,-1300,17824,900,-1195,-2356,2444,THINK
2688,2209,1875,1763,1841,-444,17704,1492,-5111,-957,2401,THINK
2698,2179,1871,1776,1829,-540,17316,2696,-9065,-2585,1664,THINK
2699,2222,1873,1792,1879,-156,16628,5196,-12707,-5838,704,THINK
2678,2143,1846,1701,1747,6112,9904,11452,-8242,-1530,-1265,THINK
2721,2190,1886,1702,1763,2248,11176,14356,1543,4244,1375,THINK
2703,2207,1871,1712,1703,-1436,14452,12260,3000,1862,403,THINK
2691,2249,1861,1756,1681,-2384,13572,7236,4532,-3669,-462,THINK
2727,2203,1905,1643,1834,220,14308,6152,7247,-4366,459,THINK
2686,2186,1847,1784,1734,364,15976,5264,8248,564,1124,THINK
2727,2160,1835,1717,1778,-1584,16964,3720,6764,3840,1493,THINK
2698,2171,1873,1694,1747,-2660,17368,2224,4460,2960,1655,THINK
2691,2193,1839,1694,1599,-2176,17288,1512,1972,-1420,2325,THINK
2704,2175,1879,1763,1749,1396,17636,2520,-1366,-2111,2063,THINK
2673,2175,1837,1737,1750,2396,17520,3396,-5481,1046,479,THINK
2663,2212,1722,1712,1714,-100,16896,4428,-9679,793,-1110,THINK
2703,2199,1867,1712,1737,1536,13280,8216,-10875,-706,-2687,THINK
2724,2234,1895,1744,1729,1988,9912,11144,-3108,1600,-834,THINK
2741,2211,1910,1776,1798,-728,12836,11060,3466,2062,342,THINK
2722,2219,1904,1751,1707,-2552,13816,8228,4213,-359,-538,THINK
2704,2202,1875,1702,1711,-1848,13128,6040,4920,-1402,-784,THINK
2716,2215,1904,1734,1856,-916,13324,5016,6669,1143,-538,THINK
2675,2200,1850,1735,1712,-248,12612,3728,7229,4265,-536,THINK
2702,2201,1890,1763,1751,-524,13556,1184,9471,5725,-1163,THINK
2654,2205,1914,1766,1702,-3528,15836,132,8972,209,-2133,THINK
2689,2197,1840,1743,1700,-316,16988,692,6335,-4257,-3590,THINK
2675,2150,1844,1776,1511,4440,18300,980,1272,-834,-2532,THINK
2681,2163,1840,1611,1843,348,19312,-1040,-4567,4471,-1845,THINK
2677,2272,1865,1796,1691,-3260,20660,1180,-12936,-65,-3127,THINK
2702,2177,1874,1707,1829,-1456,19628,5256,-20657,-3811,-4675,THINK
2591,2173,1757,1695,1746,5560,10624,11668,-15178,3398,-6681,THINK
2688,2229,1905,1777,1682,1532,9728,14728,1869,13255,183,THINK
2690,2219,1929,1741,1727,-4328,15044,13228,9199,12005,2420,THINK
2657,2224,1938,1769,1647,-6656,15616,8984,9600,5485,125,THINK
2705,2283,1926,1775,1727,-3540,14076,6028,11456,1066,892,THINK
2755,2309,1965,1825,1821,-2508,16092,5608,12388,2218,3181,THINK
2768,2289,1953,1852,1793,-2804,15936,4652,11983,4783,3244,THINK
2766,2310,1968,1857,1783,-3212,17616,4040,9991,5846,3279,THINK
2786,2277,1983,1773,1821,-1948,17852,1832,7185,4657,3237,THINK
2711,2306,1922,1827,1756,-808,18332,1288,4773,5161,2794,THINK
2739,2225,1926,1747,1827,-2080,19196,1428,112,3816,2039,THINK
2800,2240,1931,1776,1764,-1236,18608,2036,-4628,1925,1519,THINK
2705,2240,2069,1775,1778,-1924,18000,1736,-8713,822,1099,THINK
2726,2209,1936,1779,1834,-1920,17228,2920,-11997,-377,139,THINK
2686,2237,1877,1776,1984,-1400,13316,4612,-14068,-1237,600,THINK
2683,2256,1907,1683,1743,3364,8428,8988,-2791,5607,883,THINK
2736,2241,1915,1739,1758,-2584,13660,10800,4459,7982,1884,THINK
2730,2254,1904,1790,1711,-4540,14352,7800,4471,2469,193,THINK
2704,2161,1882,1726,1885,-2900,14824,5116,5785,-3602,-26,THINK
2683,2159,1852,1825,1814,548,16064,4540,8355,-2660,-114,THINK
2752,2190,1867,1767,1781,1468,17516,4384,10520,3303,-526,THINK
2689,2176,1898,1788,1810,-2188,19720,2600,8719,5491,-1175,THINK
2667,2215,1811,1777,1776,-3460,19428,1040,5119,3562,-1393,THINK
2662,2203,1808,1741,1808,-3260,18228,-212,2670,2200,-1003,THINK
2687,2160,1857,1627,1835,-2600,17372,-348,614,2192,184,THINK
2726,2154,1821,1707,1934,-3520,16876,-372,-2399,2164,871,THINK
2684,2203,1836,1796,2128,-4432,16316,244,-6688,-1076,1283,THINK
2703,2230,1968,1805,1869,-4152,15620,1300,-10679,-5259,1283,THINK
2736,2195,1904,1737,1917,-964,14400,3408,-13827,-7319,-47,THINK
2672,2097,1821,1723,1765,5216,8456,7900,-6427,903,-1698,THINK
2643,2225,1769,1693,1712,-532,11144,8828,3842,6883,734,THINK
2661,2122,1787,1679,1665,-3904,13892,6572,5382,1750,385,THINK
2676,2149,1829,1728,1817,-2276,14216,4736,5594,-4811,-125,THINK
2669,2170,1807,1778,1808,1488,14736,5424,7480,-2554,-418,THINK
2685,2139,1825,1721,1825,996,16248,5412,9488,3620,-1018,THINK
2688,2129,1854,1751,1872,-2032,18092,4732,8801,5396,-1326,THINK
2665,2162,1823,1696,1741,-3412,18332,3736,6810,2232,-1227,THINK
2663,2149,1793,1711,1747,-2392,18572,2760,6297,-614,-912,THINK
2694,2142,1844,1681,1818,-556,18964,2776,6400,143,-910,THINK
2629,2093,1709,1754,1747,-1152,18896,1304,5855,3557,-948,THINK
2672,2162,1793,1680,1761,-4384,19088,-176,4416,3578,-774,THINK
2654,2103,1803,1680,1732,-5792,17776,-1696,3200,216,-87,THINK
2647,2113,1805,1669,1770,-5220,16904,-2608,3076,-2803,1335,THINK
2625,2129,1830,1712,1789,-4240,16868,-2328,1768,-3035,3252,THINK
2630,2122,1805,1735,1826,-4764,15928,-3160,-871,-2582,4608,THINK
2671,2071,1863,1718,1853,-4452,15188,-2700,-2827,-4039,5418,THINK
2637,2160,1803,1766,1758,-3732,15068,-2476,-5916,-8365,6356,THINK
2663,2171,1835,1773,1835,-980,14872,-904,-10211,-12425,6056,THINK
2701,2165,1892,1747,1875,1520,15096,2144,-14556,-12173,2779,THINK
2668,2087,1833,1806,1847,3232,14208,4720,-18012,-7611,-1366,THINK
2653,2212,1805,1712,1841,4556,7900,7676,-15540,-1954,-3167,THINK
2675,2140,1838,1777,1866,3836,9184,10964,1731,4218,-1577,THINK
2643,2116,1777,1750,1827,-1608,16508,8948,5665,1704,-1698,THINK
2651,2128,1839,1776,1878,220,16656,5588,4991,-1665,-2387,THINK
2656,2131,1843,1776,1867,1448,17704,4356,7812,2087,-2126,THINK
2655,2112,1811,1759,1853,724,18032,3212,10252,8249,-1320,THINK
2672,2145,1846,1714,1862,-3012,19464,880,11692,9532,-384,THINK
2677,2173,1851,1808,1856,-5492,18264,-964,10577,4871,-348,THINK
2667,2185,1811,1789,1787,-4236,17020,-1828,9817,-545,-477,THINK
2694,2128,1871,1705,1911,-2248,16884,-1580,8724,-3134,-42,THINK
2579,2065,1747,1815,1646,-2808,17800,-1276,3925,-5246,2890,THINK
2638,2132,1844,1747,1764,-4336,16052,-932,-3504,-15257,5983,THINK
2639,2108,1747,1669,1944,-4604,16400,-2112,-7457,-26625,6071,THINK
2631,2084,1750,1643,1670,-448,15664,-248,-9730,-28655,5708,THINK
2672,2156,1793,1619,1648,2984,11544,3856,-8298,-25819,4636,THINK
2650,2093,1768,1535,1406,7116,12664,8520,3631,-15113,2497,THINK
2656,2096,1788,1475,1571,2572,17452,8172,7485,-11309,1604,THINK
2581,1991,1658,1502,1535,3304,16888,4588,6093,-8013,1082,THINK
2639,2106,1761,1655,1712,3492,17184,3840,6840,86,-919,THINK
2544,1968,1637,1587,1677,2420,18376,4332,8928,11334,-4304,THINK
2539,1962,1777,1562,1779,696,18500,2200,9080,18082,-6387,THINK
2495,1970,1670,1697,1797,1480,18304,972,7591,23013,-6493,THINK
2502,1985,1711,1680,1746,-1508,18176,-2356,6138,25593,-4904,THINK
2511,1984,1719,1671,1754,-1708,17396,-4432,2699,20845,-3337,THINK
2491,1995,1721,1714,1679,-3024,18376,-4584,-3192,14196,-2498,THINK
2503,1978,1698,1684,1670,-2908,17668,-4456,-7963,5953,-2587,THINK
2452,1904,1670,1686,1669,-1872,17556,-2996,-11847,-1034,-3677,THINK
2448,1973,1712,1699,1755,-2420,18732,-912,-15937,-4810,-6391,THINK
2555,2112,1831,1729,1883,-880,17088,1016,-23009,-5881,-9458,THINK
2539,2032,1772,1727,1782,1224,12064,5468,-19790,-1898,-9614,THINK
2630,2087,1822,1840,1777,3552,6856,9396,2217,7451,-5107,THINK
2640,2109,1776,1769,1834,-4880,17368,5320,3601,1895,-816,THINK
2602,2095,1874,1712,1823,-2180,15104,2560,-207,-129,-1843,THINK
2555,2077,1849,1781,1753,1092,13592,1884,632,4184,-2486,THINK
2597,2085,1809,1744,1842,-1732,13816,3188,5762,9010,-582,THINK
2559,2023,1775,1784,1790,-4368,14768,2056,7819,8457,-371,THINK
2544,2028,1749,1776,1777,-5636,16448,2468,7703,4817,-649,THINK
2528,2029,1770,1723,1712,-3676,16988,2336,6328,2094,745,THINK
2544,2044,1790,1735,1834,-3044,17584,2568,3859,2492,2288,THINK
2522,2006,1763,1753,1835,-4000,17928,2804,2281,2593,1335,THINK
2500,2058,1712,1706,1680,-4848,19224,3400,-2151,197,165,THINK
2549,2016,1818,1730,1794,-4192,17956,3308,-5615,-2680,134,THINK
2599,2096,1801,1742,1774,-3376,17024,3564,-8176,-3751,-599,THINK
2609,2099,1782,1687,1787,-1624,12748,2020,-8183,-2707,-1440,THINK
2630,2095,1798,1744,1778,-1536,14772,2548,-480,1072,492,THINK
2612,2096,1776,1793,1797,-2512,14784,144,291,-54,559,THINK
2608,2113,1792,1786,1735,-1760,13540,-44,2799,-1017,909,THINK
2609,2093,1817,1765,1786,-2048,13792,1124,6601,-421,2323,THINK
2598,1991,1811,1758,1744,-2924,14276,2544,8989,-74,3392,THINK
2533,2044,1738,1676,1744,-3168,15520,2092,10729,235,3444,THINK
2550,2023,1904,1664,1829,-3632,17900,3192,8369,-1427,2932,THINK
2541,2081,1808,1738,1758,-2124,18472,2756,5051,-457,2927,THINK
2539,2035,1751,1723,1719,-2288,17640,2144,2716,504,1464,THINK
2531,2009,1745,1682,1742,-2784,19180,3308,1186,1132,120,THINK
2523,2019,1729,1761,1791,-3032,18092,1312,-3184,-146,-797,THINK
2522,2018,1753,1705,1820,-3552,18912,3256,-6197,-666,-1358,THINK
2559,2064,1776,1750,1802,-2132,15672,1940,-10578,-2040,-2570,THINK
2537,2035,1759,1759,1860,244,13272,2880,-1994,3739,-2607,THINK
2553,2007,1777,1759,1811,-4300,16268,-56,-1829,1902,-942,THINK
2581,2105,1754,1779,1729,-2884,14628,252,-1480,-1944,-389,THINK
2608,2065,1789,1735,1890,-1872,15396,1576,371,-1080,1,THINK
2557,2042,1776,1755,1731,-2060,15060,1584,1958,413,80,THINK
2559,2063,1775,1758,1801,-2936,14808,1376,3718,4,197,THINK
2604,2007,1766,1739,1771,-2892,14548,1800,6305,-713,1658,THINK
2549,2007,1776,1746,1830,-3228,14892,2228,8858,-1104,3898,THINK
2515,2031,1735,1755,1766,-2788,16276,2544,9586,-2447,3875,THINK
2529,1997,1762,1753,1662,-3368,15828,2288,8593,-3682,3185,THINK
2493,1989,1744,1716,1829,-2628,15120,1900,10854,-4270,3221,THINK
2559,2064,1808,1744,1815,-2696,15792,336,12735,-5882,3309,THINK
2559,2113,1776,1810,1662,-1740,13944,-2028,14796,-7661,3285,THINK
2683,2214,1826,1791,1744,-1280,17816,-1956,16815,-8024,2385,THINK
2798,2235,1950,1786,1890,-340,17056,-4604,14604,-7217,1606,THINK
2763,2227,1843,1833,1781,360,16652,-5540,11971,-3897,1181,THINK
2752,2162,1835,1744,1727,-428,16240,-7028,9913,-1053,255,THINK
2768,2199,1866,1717,1765,-1460,18804,-6348,5907,-462,-241,THINK
2766,2207,1823,1760,1712,-1592,19120,-6708,-1481,37,517,THINK
2706,2171,1794,1557,1735,-1428,18932,-5768,-7398,449,-231,THINK
2727,2237,1874,1783,1787,-1300,11464,3812,-3037,286,-2258,THINK
2747,2232,1890,1799,1895,-536,12124,488,7096,2436,-58,THINK
2672,2189,1920,1781,1873,-3804,21816,-2052,2793,210,1347,THINK
2663,2175,1920,1820,1872,-920,17340,-1416,-578,78,-1630,THINK
2670,2280,1919,1842,1856,308,15292,-4456,-245,2682,-868,THINK
2719,2256,1945,1804,1845,-228,15160,-4032,1552,2870,771,THINK
2754,2231,1934,1811,1831,1380,15536,-2956,2728,3775,1576,THINK
2750,2285,1918,1824,1775,364,17272,-1548,3529,5996,362,THINK
2768,2294,1951,1827,1849,196,16444,-2652,3005,5836,-1933,THINK
2841,2326,1951,1805,1866,1708,15456,-2780,3405,4818,-3981,THINK
2788,2320,1984,1841,1839,2408,15720,-2844,2546,4911,-6390,THINK
2800,2315,1933,1840,1861,1912,15368,-3292,2955,8404,-10556,THINK
2771,2382,1937,1823,1782,-1700,15752,-4800,2976,10537,-11383,THINK
2831,2351,1989,1862,2013,-5680,16300,-5548,932,11331,-8913,THINK
2813,2289,2025,1826,1801,-9172,15720,-7220,-584,8129,-5843,THINK
2813,2330,1988,1856,1847,-10484,15976,-8072,-1340,2787,-1448,THINK
2789,2207,1985,1843,1877,-10084,16360,-8572,-1993,-2569,3187,THINK
2791,2295,2038,1797,1934,-7536,16760,-8648,-3208,-6205,6888,THINK
2811,2333,2017,1903,1989,-5408,17092,-7444,-5261,-8990,8810,THINK
2741,2259,2293,1904,1952,-3024,17136,-6856,-8041,-11378,8036,THINK
2747,2320,1963,1907,2059,-960,18028,-5972,-12182,-15002,7215,THINK
2678,2266,1952,1904,1943,976,18172,-4232,-16904,-15033,4660,THINK
2559,2178,1940,1859,2015,2528,17468,-1988,-21593,-9882,98,THINK
2613,2165,2011,1839,2094,3444,15160,-620,-23078,-3055,-2001,THINK
2622,2126,1968,1845,1831,5696,8784,3076,-11368,7188,-2109,THINK
2559,2187,1910,1853,1910,-928,13208,4496,1665,7901,1342,THINK
2559,2133,1899,1842,1936,-3964,17436,4704,6058,3224,688,THINK
2559,2165,1873,1898,1903,-1828,17420,3584,6446,97,-1718,THINK
2609,2160,1898,1857,2006,940,16044,1908,8082,4972,-1680,THINK
2559,2159,1888,1952,1817,628,16652,-320,9957,10596,-2154,THINK
2581,2143,1899,1898,1931,-3460,17064,-3048,10599,10221,-2150,THINK
2559,2146,1889,1837,1891,-6188,17548,-4776,7473,4474,-2100,THINK
2598,2128,1904,1809,1927,-7352,17772,-6724,1455,-3135,-743,THINK
2559,2137,1910,1918,1936,-4812,17536,-6484,-4905,-3219,-54,THINK
2559,2112,1899,1775,1969,-5732,17040,-6752,-10620,-1627,1440,THINK
2559,2107,1913,1948,2029,-5116,17160,-4452,-14359,-2257,1926,THINK
2610,2134,1920,1870,2000,-3320,17208,-1788,-18830,-3637,1675,THINK
2555,2117,1887,1819,1934,824,13588,632,-21324,-2730,85,THINK
2473,1971,1776,1773,1872,4952,9768,7272,-8716,7362,-1670,THINK
2475,1979,1795,1662,1943,-1320,12488,6764,3004,5679,2140,THINK
2496,2032,1759,1810,1814,-3708,16020,4472,6128,-1147,945,THINK
2522,2039,1779,1776,1803,-1272,15828,2668,6537,-5754,-547,THINK
2519,2021,1815,1745,1993,204,15556,2024,8971,-1875,-436,THINK
2461,1958,1738,1775,1817,-1684,16432,532,10443,2848,-362,THINK
2467,1994,1711,2030,1680,-4828,17200,-2008,9724,3228,-49,THINK
2449,2000,1718,1729,1795,-5948,17872,-3044,7107,-717,461,THINK
2477,1983,1766,1750,1808,-4720,17916,-3336,1934,-3485,1857,THINK
2467,2000,1751,1783,1787,-2896,17844,-3816,-2855,-2127,2064,THINK
2496,2033,1797,1790,1872,-3016,17172,-4364,-6004,-854,1875,THINK
2515,2003,1791,1859,1677,-3968,17392,-3308,-9518,-4033,2376,THINK
2601,2037,1791,1738,1868,-2876,17588,-1456,-14166,-8495,1589,THINK
2581,2080,1806,1808,1731,308,16212,740,-17901,-8501,-522,THINK
2582,2051,1805,1831,1840,5600,10364,7396,-10668,-690,-2941,THINK
2539,2064,1737,1767,1803,1552,11920,8536,1359,4682,3,THINK
2640,2031,1869,1742,1964,-2584,16084,6048,4073,941,-755,THINK
2559,2021,1800,1808,1802,-1696,16288,3984,3492,-3280,-1767,THINK
2555,2032,1774,1779,1777,68,15300,3292,5762,-641,-1466,THINK
2559,2002,1794,1744,1803,-1040,16100,1820,8435,3831,-1304,THINK
2586,2032,1803,1765,1867,-3964,17248,508,9883,5080,-324,THINK
2551,2015,1783,1792,1808,-5584,18120,-772,7696,2756,172,THINK
2558,2057,1772,1826,1585,-5116,18396,-1992,3769,817,1286,THINK
2559,2047,1865,1787,1843,-4076,17888,-3056,856,352,1748,THINK
2601,2064,1824,1782,1888,-3436,17828,-2796,-1728,710,2219,THINK
2553,2023,1800,1810,1854,-3416,17576,-2236,-5649,-857,2336,THINK
2547,2127,1769,1850,1806,-3380,17276,-1180,-9512,-3874,2158,THINK
2605,1907,1819,1749,1865,-1836,16976,1076,-13078,-6083,1452,THINK
2535,2182,1809,1770,1870,936,14824,3056,-15235,-5044,-169,THINK
2555,2058,1730,1747,1796,4276,10360,7672,-7504,1698,-1903,THINK
2595,2016,1783,1725,1810,-824,13004,8128,2918,3566,462,THINK
2586,2036,1744,1763,1746,-3452,15540,5256,4525,-2222,156,THINK
2595,2021,1827,1729,1840,-2028,15664,3204,5479,-5249,-1040,THINK
2587,2043,1788,1823,1808,-868,16024,2348,8462,-3022,-921,THINK
2593,2016,1777,1744,1790,-1180,16924,1640,9906,823,236,THINK
2550,2087,1715,1726,1696,-3160,18104,128,8538,2117,1079,THINK
2608,2001,1792,1715,1892,-3604,18048,-1336,5735,1331,1241,THINK
2580,2042,1776,1573,1741,-2584,17372,-2032,3595,908,1333,THINK
2554,2065,1776,1730,1795,-1388,17960,-1416,1199,990,1889,THINK
2559,2055,1746,1698,1797,-2192,18340,-512,-4039,286,2338,THINK
2606,2039,1791,1728,1667,-1924,17716,248,-8615,-1614,1787,THINK
2594,2059,1741,1781,1774,-1900,17184,1820,-12025,-3313,1021,THINK
2557,2108,1735,1615,1808,-1280,15452,3784,-15062,-5412,270,THINK
2589,2087,1651,1696,1758,2784,11312,6496,-7944,-2439,-994,THINK
2593,2118,1767,1712,1713,404,13320,7704,3387,1606,931,THINK
2622,2039,1808,1647,1803,-2552,15892,5244,5354,-98,1062,THINK
2583,2150,1747,1651,1722,-1876,15388,2800,5859,-2312,636,THINK
2624,2033,1751,1683,1824,-284,15852,2204,6868,-1620,1303,THINK
2559,2047,1808,1715,1776,-324,16412,1452,7292,993,1738,THINK
2551,2032,1726,1728,1629,-1492,16792,496,6856,1358,1545,THINK
2595,2041,1771,1654,1759,-1712,18104,716,5315,-93,1265,THINK
2559,2021,1753,1658,1741,-1596,18076,344,1769,-1066,1585,THINK
2593,2064,1631,1637,1858,-1112,18032,-92,-1795,-1301,1270,THINK
2589,2070,1753,1681,1725,-1924,17956,-636,-5800,-1738,1755,THINK
2559,2102,1742,1741,1714,-2296,17972,-64,-10087,-4944,1415,THINK
2603,2032,1770,1729,1797,-1128,17364,1492,-14061,-7417,-203,THINK
2559,2084,1758,1753,1679,4008,11968,5296,-10139,-3170,-2402,THINK
2608,2118,1744,1655,1663,2228,12372,7216,227,2868,777,THINK
2589,2082,1735,1703,1749,-1004,15648,6360,4308,2693,1279,THINK
2870,2246,1936,1648,1802,1852,16540,-1908,279,151,254,YES
2818,2348,1833,1767,1729,1664,16492,-2128,303,90,229,YES
2846,2293,1855,1761,1840,1784,16468,-2104,248,-121,283,YES
2863,2241,1887,1730,1786,1836,16364,-1892,250,-113,297,YES
2815,2317,1821,1731,1846,1936,16456,-1956,153,394,241,YES
2903,2249,1879,1723,1700,1732,16396,-2016,94,160,208,YES
2755,2291,1840,1747,1751,1892,16400,-1948,139,68,176,YES
2763,2256,1839,1684,1751,2020,16476,-1948,230,153,34,YES
2817,2269,1808,1721,1629,1804,16436,-1996,237,215,31,YES
2846,2269,1885,1673,1765,1812,16548,-1988,325,117,117,YES
2843,2352,1872,1627,1919,1864,16460,-1912,402,130,259,YES
2826,2293,1826,1657,1809,2056,16508,-2024,331,87,258,YES
2891,2271,1891,1746,1825,1920,16472,-2044,468,311,132,YES
2871,2294,1857,1819,1715,1912,16388,-2104,553,474,92,YES
2870,2256,1878,1710,1867,1836,16348,-2096,423,277,148,YES
2830,2329,1826,1822,1737,1916,16528,-2092,119,370,71,YES
2851,2286,1850,1717,1744,1852,16228,-2096,-56,435,-2,YES
2841,2117,1847,1678,1727,1708,16008,-1964,-26,160,-56,YES
2832,2273,1833,1679,1661,2056,16308,-1784,-186,339,-114,YES
2836,2346,1833,1703,1730,1880,16464,-1596,-272,610,-368,YES
2831,2220,1795,1663,1648,1464,16812,-1824,-356,501,-418,YES
2906,2287,1847,1689,1744,1708,17216,-2148,-605,-97,-276,YES
2874,2278,1827,1728,1839,2392,17724,-1808,-655,-33,-150,YES
2853,2278,1877,1778,1754,2600,18536,-1884,-513,-5,168,YES
2837,2290,1814,1703,1835,2412,19372,-1736,-186,-521,1279,YES
3008,2278,1791,1721,1577,2616,19624,-1636,480,-1848,2394,YES
2826,2295,1813,1671,1715,2856,19496,-1272,1910,-2198,2818,YES
2835,2242,1831,1622,1714,2480,18664,-1828,2902,-1790,2813,YES
2823,2320,1809,1648,1725,2768,17452,-1924,3201,-1141,2950,YES
2834,2245,1868,1665,1761,2044,15692,-2320,3576,-1158,3136,YES
2787,2205,1860,1705,1655,1664,15132,-2616,3632,-1948,3293,YES
2870,2289,1899,1599,1671,1576,13936,-2156,2345,-2054,2658,YES
2854,2275,1867,1680,1835,672,12596,-1580,1721,-1587,1800,YES
2846,2305,1809,1717,1617,240,11700,-1304,1590,-921,983,YES
2904,2285,1831,1617,1805,200,11380,-1632,910,369,95,YES
2913,2251,1894,1707,1646,272,11288,-2248,-375,700,-604,YES
2832,2304,1843,1730,1881,1696,11536,-2744,-1478,1002,-1439,YES
2828,2279,1706,1661,1634,2776,13012,-3140,-2597,1471,-3035,YES
2851,2288,1841,1696,1695,3196,15036,-3120,-3790,823,-4518,YES
2822,2306,1805,1664,1766,3852,16372,-3004,-4029,6,-5653,YES
2843,2288,1917,1682,1821,4316,18640,-3132,-3622,210,-6193,YES
2810,2289,1808,1703,1629,3732,21068,-3012,-3067,-520,-5355,YES
2864,2299,1879,1695,1871,3332,23164,-2336,-2711,-2283,-3290,YES
2866,2295,1846,1787,1687,3284,24456,-1136,-1680,-3516,-951,YES
2878,2272,1837,1649,1766,2528,24004,-852,578,-3228,967,YES
2833,2161,1837,1698,1695,1492,23212,-720,2587,-2919,3370,YES
2827,2352,1824,1649,1683,1684,21320,-844,3713,-3107,5644,YES
2832,2269,1822,1559,1712,772,20212,-1444,4172,-3733,7326,YES
2798,2260,1808,1712,1641,1100,18256,-1396,4233,-4361,8199,YES
2832,2294,1941,1651,1727,1748,16400,-1164,4336,-3695,7891,YES
2827,2289,1748,1648,1659,2004,14616,-1764,4784,-2251,6937,YES
2879,2287,1856,1681,1761,2012,13280,-2540,4204,-1675,6227,YES
2807,2288,1888,1767,1781,2632,12012,-3272,2786,-2203,5112,YES
2861,2355,1856,1771,1680,2800,11020,-2980,1113,-2673,3745,YES
2891,2273,1914,1587,2133,1960,10388,-1832,-398,-2597,2180,YES
2832,2264,1814,1852,1583,1496,9300,-1316,-1059,-1557,593,YES
2829,2302,1840,1643,1723,636,9108,-1000,-1669,-432,-533,YES
2833,2254,1838,1649,1683,632,9984,-1216,-2264,145,-1512,YES
2815,2253,1771,1681,1647,1272,10952,-2080,-2661,1058,-2696,YES
2855,2270,1835,1616,1703,1120,13052,-2340,-3362,1036,-3701,YES
2823,2258,1826,1680,1689,1668,14720,-1712,-3709,584,-4317,YES
2837,2261,1829,1655,1659,3092,17048,-1888,-3027,1419,-4859,YES
2848,2305,1828,1690,1712,3272,19044,-1988,-2606,1495,-4828,YES
2838,2301,1840,1658,1861,3520,21188,-2044,-1641,452,-3431,YES
2842,2190,1819,1639,1680,5012,24124,-2420,235,451,-1463,YES
2807,2283,1760,1677,1494,5480,25608,-2504,1659,826,924,YES
2875,2290,1801,1650,1611,5644,23844,-2304,2721,-817,3355,YES
2819,2258,1733,1611,1634,5744,24140,-3164,4534,-2390,5329,YES
2838,2261,1791,1619,1645,5532,21976,-3896,5099,-2273,6640,YES
2831,2282,1793,1659,1662,4408,20076,-3984,4748,-2682,7129,YES
2827,2238,1808,1575,1500,3540,18072,-3292,3890,-3128,7464,YES
2864,2271,1815,1613,1677,2784,14920,-2284,2989,-3491,7336,YES
2843,2283,1817,1669,1427,1728,12984,-1448,3398,-3304,7226,YES
2837,2250,1842,1744,1679,1552,11220,-1060,3462,-2511,6443,YES
2818,2301,1750,1667,1597,1576,10348,-1088,3541,-1620,5165,YES
2863,2286,1910,1615,1717,1580,9316,-1244,2878,-829,3872,YES
2817,2294,1771,1675,1631,2176,7976,-1952,2589,65,2147,YES
2806,2267,1787,1620,1635,3088,7728,-3192,2162,1273,220,YES
2850,2267,1817,1658,1654,3268,8692,-3948,655,1621,-2375,YES
2833,2307,1831,1641,1750,3296,9976,-4628,-913,1654,-4134,YES
2856,2274,1744,1644,1665,3516,12196,-3916,-2643,994,-5243,YES
2864,2275,1835,1685,1712,4160,12976,-3168,-3612,550,-6619,YES
2834,2253,1837,1694,1659,4792,14936,-3188,-3041,1040,-8437,YES
2880,2308,1884,1631,1775,4360,16888,-3516,-2682,1650,-9667,YES
2843,2290,1812,1744,1680,4984,18076,-3384,-2328,1506,-9488,YES
2806,2351,1799,1627,1680,4264,21652,-4412,-1851,1498,-8545,YES
2870,2257,1872,1773,1744,3592,24120,-5132,-909,1310,-6306,YES
2832,2265,1805,1627,1633,3660,25700,-5324,153,781,-2731,YES
2835,2274,1809,1563,1618,3976,25316,-5220,1104,268,1336,YES
2818,2279,1798,1686,1600,4640,24304,-5088,2134,-269,4302,YES
2829,2288,1795,1638,1648,4580,22800,-4640,2414,-398,6001,YES
2818,2299,1789,1650,1524,3960,20460,-4452,2482,-232,7176,YES
2832,2290,1863,1633,1722,3596,18032,-4292,2368,-237,7780,YES
2881,2293,1886,1616,1695,2652,16064,-3936,2022,-678,8057,YES
2807,2338,1779,1735,1623,1880,14896,-2236,1299,-1823,7903,YES
2777,2331,1762,1647,1598,2424,12960,-1184,1310,-1914,7064,YES
2842,2256,1842,1643,1639,2416,11168,-560,1913,-448,5266,YES
2897,2282,1771,1585,1584,2076,10136,-1228,2455,486,3911,YES
2821,2253,1841,1613,1581,1816,9840,-1040,1758,511,2470,YES
2805,2288,1809,1637,1698,2484,8352,-1816,1319,1076,740,YES
2832,2358,1813,1575,1535,2564,8556,-2340,583,2357,-974,YES
2863,2249,1867,1644,1716,2440,8832,-3184,-554,2525,-2151,YES
2761,2288,1821,1677,1685,2932,10584,-3376,-1864,2302,-3260,YES
2835,2327,1773,1683,1630,3340,11800,-3588,-3494,1933,-4376,YES
2861,2253,1844,1630,1705,4192,13660,-2944,-4385,1584,-5403,YES
2834,2320,1829,1787,1633,5116,14964,-2704,-4379,2085,-6793,YES
2837,2279,1835,1702,1792,4820,16664,-2512,-4256,2624,-7482,YES
2835,2267,1777,1615,1784,5144,18260,-2344,-4159,1556,-6908,YES
2800,2284,1777,1637,1620,5928,19656,-2220,-3602,559,-6130,YES
2832,2352,1835,1680,1737,5960,22396,-2360,-2284,790,-5409,YES
2806,2295,1747,1610,1596,5500,24716,-4212,-1540,15,-3801,YES
2877,2289,1808,1629,1698,5272,25420,-4232,-1773,-1372,-1855,YES
2838,2256,1853,1636,1672,4124,24592,-3392,-728,-2148,331,YES
2825,2339,1815,1697,1584,3080,22908,-2812,840,-2113,3089,YES
2855,2271,1841,1520,1727,2720,21536,-2824,2222,-2057,5319,YES
2838,2256,1807,1853,1614,3136,19476,-2824,2440,-1256,6349,YES
2847,2266,1972,1595,1715,2396,17872,-2460,2160,-1434,7050,YES
2842,2352,1781,1602,1535,2052,15148,-1560,1540,-2215,7298,YES
2827,2312,1808,1593,1611,2060,13272,-476,1682,-1649,6695,YES
2789,2288,1761,1648,1636,2204,11948,-484,3067,-224,5679,YES
2817,2269,1833,1570,1585,2136,11032,-1068,2951,552,4399,YES
2855,2237,1764,1633,1665,1828,10412,-1348,2087,417,2789,YES
2833,2285,1808,1658,1710,2404,9584,-1616,1507,863,1016,YES
2833,2298,1840,1625,1671,2496,8936,-1732,971,2115,-749,YES
2803,2256,1808,1781,1650,1976,9740,-1896,22,2612,-1839,YES
2794,2288,1759,1613,1776,2556,10452,-2248,-903,2030,-2668,YES
2800,2288,1785,1634,1583,3652,12452,-2352,-1843,1978,-3910,YES
2818,2368,1791,1597,1585,4328,13764,-2296,-2443,2444,-5023,YES
2791,2271,1771,1607,1535,4452,15028,-3048,-2205,2723,-5684,YES
2828,2231,1804,1634,1637,5060,17580,-2844,-2315,2648,-6521,YES
2797,2282,1719,1600,1527,5112,18656,-3304,-2277,2955,-6467,YES
2830,2277,1777,1497,1808,5044,19336,-4048,-1963,3505,-6368,YES
2928,2247,1776,1584,1535,4584,20372,-3368,-1493,3248,-5321,YES
2945,2359,1872,1751,1825,3116,22452,-3076,-1136,116,-4171,YES
2833,2402,1818,1838,1793,4308,23764,-3112,-2195,-98,-3430,YES
2873,2552,1887,1841,1826,5184,22876,-3320,-3875,2577,-3664,YES
2810,2146,1712,1571,1525,1696,19340,-2756,-5902,745,-2281,YES
2775,2219,1713,1497,1535,1596,17308,-536,-3973,-2168,283,YES
2789,2217,1699,1530,1504,2192,17292,-576,-2507,-2228,2156,YES
2784,2207,1651,1505,1479,1728,16160,312,-1905,-1840,2033,YES
2791,2224,1690,1467,1500,1040,13944,-184,-635,-937,2753,YES
2747,2170,1647,1514,1410,1508,14628,-220,624,-192,2042,YES
2791,2176,1645,1392,1271,412,13920,-672,-125,-452,1356,YES
2698,2103,1610,1446,1414,-36,13448,88,-474,-2297,665,YES
2666,2128,1619,1457,1287,344,12224,-172,-536,-2161,632,YES
2704,2077,1647,1443,1456,2028,12852,60,365,-577,226,YES
2705,2140,1631,1311,1477,1076,13372,-816,-345,-473,297,YES
2754,2160,1625,1436,1410,2132,14228,-336,-892,-1845,631,YES
2710,2146,1571,1394,1296,3676,15508,-492,-911,-284,1072,YES
2675,2164,1613,1487,1367,4140,17460,-440,-1297,-85,1104,YES
2687,2121,1645,1453,1426,6024,18892,-156,-1336,708,1060,YES
2689,2176,1650,1467,1378,6388,20868,448,-878,1528,465,YES
2706,2181,1648,1454,1479,3912,22548,236,-1078,-1336,1073,YES
2713,2171,1621,1535,1351,5384,22760,1296,-2259,-4122,2442,YES
2689,2309,1535,1460,1323,5452,21820,1548,-1408,-2370,1976,YES
2691,2214,1648,1450,1271,3232,19960,1080,-406,-2420,2352,YES
2799,2165,1471,1487,1411,2112,18448,0,1771,-4532,3735,YES
2717,2160,1594,1444,1408,3492,17976,-392,3522,-5057,4357,YES
2695,2158,1671,1445,1386,3748,17476,-1480,3039,-3357,4580,YES
2722,2203,1674,1450,1339,3000,16040,-2204,1828,-3884,4571,YES
2706,2189,1654,1491,1471,3652,14884,-2148,1469,-4654,4263,YES
2709,2199,1631,1535,1366,4520,12980,-2264,2323,-3382,2786,YES
2723,2161,1680,1503,1459,4048,13868,-2836,2979,-1177,1382,YES
2738,2174,1710,1459,1494,2596,13796,-3760,622,-453,1384,YES
2751,2171,1739,1374,1473,3300,14856,-2364,-552,-840,-269,YES
2719,2182,1609,1475,1584,3116,13708,-772,-1634,3352,-2053,YES
2704,2149,1653,1473,1482,1528,14472,536,-1157,5291,-2917,YES
2673,2031,1661,1518,1340,-612,14208,-1256,-2852,1491,-2384,YES
2497,2002,1633,1488,1457,2476,15740,-20,-3468,-620,-754,YES
2447,1872,1596,1195,1419,3112,15236,-1448,-5039,2313,-927,YES
2397,1825,1488,1251,1285,2504,14016,1128,-3860,954,-345,YES
2317,1705,1307,1305,1226,4044,15112,2180,-1918,-438,67,YES
2331,1785,1374,1216,1131,3460,16204,2764,-803,-415,66,YES
2367,1663,1485,1130,1130,4100,16752,3344,-2,-679,616,YES
2320,1687,1335,1245,1251,4724,15624,2372,1319,1580,1013,YES
2334,1619,1904,1227,1356,4292,15444,1644,4158,1664,1109,YES
2303,1705,1474,1175,1928,3844,15968,784,7113,498,1145,YES
2291,1884,1406,1462,1317,4940,16316,796,7811,378,1811,YES
2304,1712,1419,1071,1418,5308,16752,404,8110,-241,2300,YES
2311,1736,1446,1346,1415,4188,17228,-1524,5546,-1392,3724,YES
2294,1786,1474,1327,1416,6376,16760,-1664,3936,-2275,3479,YES
2314,1818,1584,1468,1359,6612,16480,-2076,2533,629,2241,YES
2288,1787,1502,1143,1453,4948,15588,-2988,949,-67,2114,YES
2323,1775,1488,1428,1439,6460,14944,-2576,-144,-1724,2083,YES
2271,1751,1392,1428,1462,6328,13848,-2416,525,30,1007,YES
2429,1789,1625,1317,1535,5604,15316,-2236,889,742,-90,YES
2436,1777,1555,1344,1568,4668,15808,-1664,-947,-509,36,YES
2382,1767,1470,1381,1374,4812,15020,-1080,-1530,-1149,357,YES
2352,1842,1491,1402,1350,4476,15492,236,-515,306,-624,YES
2359,1712,1458,1142,1267,2292,16428,-1488,313,1349,-1993,YES
2382,1584,1351,1150,1264,2616,16664,-984,-1341,279,-990,YES
2339,1714,1391,895,1033,3372,15388,-1184,-823,-472,-297,YES
2203,1751,1785,1296,1264,4100,15916,-1824,546,110,-240,YES
2533,1723,1836,1312,1332,3600,16580,-2296,624,177,390,YES
2544,1719,1482,1241,1331,4388,16720,-2268,-404,-1113,1397,YES
2559,1801,1597,1504,1377,5228,15964,-2324,-718,-986,1722,YES
2559,1712,1458,1119,1385,5808,15772,-1996,-607,-659,1700,YES
2518,1825,1471,1263,1317,5412,16420,-1976,-938,197,1614,YES
2496,1755,1487,1328,1311,5160,16428,-1844,-1670,-263,2073,YES
2508,1744,1489,1344,1383,5116,15928,-1076,-1790,-748,2160,YES
2522,1733,1495,1101,1409,5412,15892,-172,-1250,-1245,1777,YES
2645,1747,1478,1230,1406,5840,16120,1216,-763,-401,1180,YES
2824,1802,1712,1357,1377,4344,15980,1704,379,-637,1664,YES
2514,1824,1386,1327,1237,4784,15448,1840,1638,-1792,2643,YES
2468,1855,1362,1363,1331,6116,15824,2056,2369,-2142,3570,YES
2521,1813,1476,1361,1323,7040,15032,1224,3567,-2627,2633,YES
2443,2268,1483,1367,1267,7148,14800,-552,4999,-2304,963,YES
2534,1966,1522,1305,1322,6560,14588,-1960,5019,-2459,-628,YES
2501,2064,1392,1328,1282,5720,14432,-2516,4145,-2799,-1402,YES
2610,1984,1503,1317,1310,5164,14276,-2512,2693,-4530,-1679,YES
2832,1959,1956,1363,1393,5252,13584,-2592,2073,-3837,-2173,YES
2449,2099,1584,1312,1392,3872,13628,-2616,1134,-2856,-3181,YES
2609,2000,1472,1350,1183,2912,12940,-2756,6,-1984,-4150,YES
2513,2035,1475,1383,1378,2000,13192,-3096,-853,-1599,-4192,YES
2640,1957,1577,1289,1415,2304,14096,-3036,-1786,-953,-3809,YES
2503,2018,1443,1393,1346,2920,14740,-3088,-2630,1125,-4036,YES
2532,2002,1417,1315,1467,3080,16060,-3684,-2689,1512,-3481,YES
2544,2156,1518,1390,1312,4404,18700,-3452,-2676,825,-3062,YES
2535,1949,1505,1268,1361,6184,20612,-3468,-2074,1694,-2674,YES
2534,1949,1474,1411,1373,6260,22068,-3648,-644,1597,-1918,YES
2769,1995,1575,1383,1374,6764,22932,-3108,955,781,-1193,YES
2624,1995,1488,1255,1306,6404,22024,-2176,1980,439,17,YES
2559,2016,1499,1358,1378,4580,20512,-1184,3076,-1683,1835,YES
2559,1968,1408,1532,1391,4700,18808,-700,4871,-1892,2421,YES
2519,2025,1396,1397,1411,3716,17576,-1208,5620,-1627,2870,YES
2462,1943,1336,1443,1312,3008,15480,-2080,5657,-2569,3590,YES
2597,1726,1619,1343,1424,3872,14164,-2476,5232,-2256,3398,YES
2559,2005,1487,1392,1401,3640,12856,-3572,3830,-1971,2827,YES
2556,1906,1520,1344,1360,3508,11052,-3888,2364,-2206,2326,YES
2649,1915,1367,1343,1382,3412,10748,-3412,932,-1616,1393,YES
2610,1994,1479,1373,1383,3004,10804,-2968,-878,-859,592,YES
2559,2208,1502,1990,1315,2792,10520,-2660,-2367,-1155,-131,YES
2559,2013,1505,1424,1322,3224,11412,-2508,-2953,-33,-1378,YES
2645,1923,1582,1455,1377,3176,12936,-2684,-3599,743,-2262,YES
2590,1984,1445,1478,1296,3720,14200,-2632,-4374,579,-2709,YES
2595,1744,1567,1330,1389,4124,15916,-2640,-4233,439,-3105,YES
2614,1968,1527,1278,1432,5064,17920,-2588,-3336,848,-3204,YES
2522,1959,1450,1379,1411,5104,19952,-2764,-2480,1080,-2958,YES
2559,1954,1311,1314,1369,4984,21424,-3264,-634,244,-2002,YES
2530,1914,1488,1363,1374,5904,22712,-3348,753,756,-811,YES
2624,1950,1453,1242,1428,5352,22100,-3780,1677,307,327,YES
2531,2038,1403,1632,1305,5040,20748,-4192,2721,-659,1789,YES
2530,2001,1579,1411,1295,5476,19372,-4096,3403,-917,2800,YES
2493,2074,1491,1385,1361,5080,18132,-3900,3429,-716,3119,YES
2440,1855,1499,1393,1247,4428,16540,-3856,2937,-1065,3309,YES
2518,2064,1459,1369,1264,3660,15352,-2556,2017,-1849,3257,YES
2584,1885,1532,1264,1360,3204,13984,-1268,2170,-1344,2878,YES
2530,1972,1447,1398,1330,2408,13412,-272,2571,-541,2141,YES
2559,1917,1488,1323,1358,1684,12524,8,2453,-163,1840,YES
2612,1943,1558,1410,1391,2176,11432,-152,2466,231,1245,YES
2559,2014,1485,1754,1376,2336,10588,-1000,2836,1345,81,YES
2591,1977,1414,1471,1274,2408,10440,-2284,2221,1543,-809,YES
2601,1683,1561,1427,1340,2996,10812,-3092,487,2363,-1550,YES
2609,1819,1505,1488,1403,2860,11564,-3640,-1059,2975,-2165,YES
2606,2000,1517,1467,1361,3308,12864,-3692,-2358,2947,-2530,YES
2537,1818,1566,1411,1376,4384,14128,-3532,-3495,3305,-2971,YES
2864,1906,1866,1728,1277,4860,15524,-3104,-4280,3001,-3686,YES
2589,2000,1488,1358,1307,5360,16888,-3132,-4569,2318,-4709,YES
2597,1974,1472,1333,1328,5424,18140,-3092,-4093,2470,-5159,YES
2559,1995,1491,1375,1296,5024,19528,-3028,-4005,1939,-4938,YES
2681,1986,1456,1453,1311,5568,21148,-3776,-3254,1421,-3766,YES
2559,1849,1515,1261,1377,5416,22844,-3320,-1893,491,-1869,YES
2602,1735,1535,1435,1383,5456,23212,-2868,-118,-419,132,YES
2512,1895,1328,1423,1314,5428,22228,-3108,1432,-1388,1582,YES
2517,1936,1441,1443,1322,5112,21876,-2668,2343,-1780,2335,YES
2559,1735,1686,1407,1358,4136,19424,-2916,3037,-1076,2890,YES
2599,1825,1471,1294,1051,2992,17536,-2956,3251,-1836,3875,YES
2550,1712,1467,1836,1520,3196,16132,-2544,3249,-2475,4624,YES
2557,1855,1489,1634,1376,3356,15040,-2072,2814,-1414,4091,YES
2628,1899,1553,1360,1335,2640,13916,-1772,2115,-858,3303,YES
2559,2022,1535,1254,1372,2176,12552,-1248,1914,-1155,2769,YES
2559,2030,1523,1535,1307,2236,12064,-204,1670,-746,1836,YES
2559,1930,1489,1359,1344,1820,11124,52,1651,406,879,YES
2613,1996,1585,1326,1370,1840,10680,-524,1291,1456,-107,YES
2663,1962,1776,1355,1494,1892,10768,-1228,333,1472,-752,YES
2474,2022,1455,1363,1367,2724,11088,-1668,-453,1822,-1725,YES
2603,2045,1611,1264,1286,3104,12112,-2104,-1540,2755,-2964,YES
2544,2039,1478,1407,1411,2824,13132,-2432,-2781,2362,-3385,YES
2736,1942,1456,1379,1339,3948,14776,-2072,-3816,2119,-3784,YES
2611,2071,1535,1406,1343,4364,16232,-2056,-3853,2744,-4476,YES
2606,2015,1509,1328,1446,4836,18124,-2184,-3986,2586,-4740,YES
2541,2022,1406,1458,1329,5304,19660,-2140,-4063,2257,-4412,YES
2591,1935,1456,1418,1338,5556,20436,-2420,-2865,1054,-3856,YES
2559,1811,1844,1418,1329,6452,21944,-2556,-1546,939,-3300,YES
2626,1858,1604,1462,1471,6168,22784,-3164,-538,1467,-2135,YES
2581,1726,1587,1628,1368,6040,22660,-3784,4,669,-422,YES
2542,1862,1513,1587,1268,4512,22264,-3188,370,-1618,1720,YES
2497,1883,1453,1381,1377,5044,20776,-3508,1006,-4076,3392,YES
2559,1840,1419,1392,1438,5256,20044,-2672,1940,-3707,3723,YES
2559,1855,1485,1360,1456,3776,18460,-2536,2007,-3248,3632,YES
2608,1861,1485,1344,1409,2476,17260,-1804,1593,-4572,4324,YES
2207,1906,1559,1535,1289,2104,15568,-244,1017,-4476,4085,YES
2587,1866,1786,1430,1383,1296,13584,460,1665,-3248,3767,YES
2624,1886,1554,1361,1420,888,13004,716,2100,-2439,3388,YES
2645,1895,1523,1162,1454,836,11904,528,1877,-2454,2790,YES
2189,1943,1408,1727,1260,880,11072,568,1623,-1545,1976,YES
2668,2004,1442,1391,1390,564,10136,224,1367,102,974,YES
2559,1845,1581,1371,1394,528,10220,-440,1061,725,623,YES
2590,1870,1471,1423,1616,1912,10716,-1088,161,825,-465,YES
2530,1871,1479,1492,1424,2136,11472,-1624,-846,1892,-1843,YES
2493,1872,1490,1373,1317,2116,12560,-1888,-1981,2460,-2460,YES
2629,1879,1346,1077,1412,2800,14588,-1432,-2812,2780,-2137,YES
2599,1887,1535,1381,1345,3608,16100,-1396,-2995,2441,-1913,YES
2557,1910,1470,1462,1274,4972,17836,-1596,-2359,2455,-2236,YES
2526,1952,1408,1649,1274,5760,19980,-1756,-1634,2595,-2499,YES
2513,1971,1471,1505,1290,6092,21184,-2100,-798,2281,-2174,YES
2509,1854,1428,1470,1223,7276,20532,-2420,-455,1695,-1409,YES
2582,1905,1485,1343,1408,6244,23004,-3500,1567,843,414,YES
2559,1874,1488,1391,1345,6320,23064,-3888,2871,-713,2248,YES
2623,1841,1516,1392,1483,7068,22212,-3712,3309,-988,3455,YES
2593,1855,1287,1481,1345,6072,20316,-3672,3093,-988,3856,YES
2493,1916,1416,1493,1391,4288,18724,-3184,2961,-1962,4660,YES
2614,2080,1445,1413,1411,3888,16672,-2320,2698,-2729,5165,YES
2548,1990,1535,1721,1323,3420,15480,-1552,2922,-2184,5092,YES
2512,1914,1421,1360,1315,2820,14132,-1028,2765,-1312,4435,YES
2559,1955,1524,1488,1334,1952,12832,-424,2194,-1165,3853,YES
2509,1858,1535,1453,1055,1540,11732,132,1923,-1388,3609,YES
2559,1847,1499,1393,1367,2304,10040,120,2508,-708,3114,YES
2510,1881,1500,1354,1311,2912,10152,-552,2688,881,1421,YES
2591,1911,1251,1374,1299,3300,10208,-1640,1571,2052,-238,YES
2774,1883,1558,982,1398,3892,10200,-2440,311,2852,-1967,YES
2447,1990,1469,1360,1424,3348,10432,-3036,-646,2749,-3037,YES
2553,1842,1535,1760,1381,3784,12024,-2976,-2078,2356,-3566,YES
2579,1846,1535,1457,1341,4436,12964,-2228,-3397,2503,-4501,YES
2559,1893,1465,1478,1373,4892,14968,-2388,-4035,2890,-5191,YES
2623,1822,1530,1322,1430,6176,17192,-2380,-4308,3007,-5533,YES
2634,1817,1587,1324,1455,6848,18304,-2676,-4597,3552,-6059,YES
2353,1882,1101,1848,1360,5208,20372,-2772,-4010,914,-5114,YES
2593,1808,1952,1379,1369,6440,21544,-1708,-2773,-994,-4114,YES
2620,1869,1498,1392,1408,6076,21344,-1236,-1572,-962,-3269,YES
2590,1869,1596,1425,1311,5376,20916,-1356,182,-1668,-2443,YES
2535,1839,1587,1478,1260,4448,20568,-1304,1129,-2240,-1454,YES
2602,1890,1508,1374,1415,3040,19404,-596,1357,-3087,-330,YES
2583,1845,1513,1437,1394,2468,17596,-48,2148,-3409,524,YES
2625,1763,1535,1459,1427,2004,16716,-396,3556,-1839,924,YES
2625,1846,1600,1179,1451,1248,15628,-1456,3814,-952,1456,YES
2342,1826,1637,1357,1488,1200,14920,-2072,3305,-1424,2299,YES
2583,1862,1670,1418,1359,2188,14372,-2616,2693,-525,2366,YES
2551,1831,1447,1358,1480,2148,13808,-3104,1924,944,1687,YES
2592,1801,1568,1381,1377,1504,13388,-3520,1005,1155,1511,YES
2608,1869,1665,943,1424,2160,13528,-3012,-88,1701,1532,YES
2559,1879,1558,1530,1315,2768,13720,-2776,-1244,2486,1178,YES
2593,1707,1513,1405,1376,2512,13776,-2164,-2060,2335,611,YES
2602,1813,1568,1460,1533,3112,14136,-1908,-2061,2162,13,YES
2544,1823,1487,1507,1410,2952,14636,-1624,-2193,3838,-1512,YES
2736,1910,1615,1600,1468,1980,14756,-1968,-2900,5268,-1960,YES
2658,1773,1602,1430,1488,2224,15832,-1728,-3955,3070,-946,YES
2559,1840,1488,1360,1380,4052,16664,-976,-3669,2727,-1072,YES
2597,1863,1569,1451,1451,4464,17624,-1140,-2724,4711,-2253,YES
2591,1823,1555,1151,1456,3196,19172,-1508,-3086,4748,-1119,YES
2601,1872,1520,1267,1533,4916,19956,-468,-3287,2490,986,YES
2551,1913,1223,1519,1294,6628,20760,-72,-2194,1567,1967,YES
2594,1904,1527,1402,1404,6268,20500,-376,-276,1140,1652,YES
2640,1854,1575,1354,1392,5800,20544,-228,257,1193,2562,YES
2630,1824,1591,1231,1503,4836,19300,-72,-285,559,3634,YES
2559,1893,1458,1351,1558,4688,17892,-276,442,-21,4321,YES
2589,1809,1535,1407,1472,4168,16964,-468,745,567,4638,YES
2591,1792,1491,1393,1424,3276,15760,-660,171,329,5202,YES
2591,1890,1504,932,1508,3412,14788,-360,-320,-117,5416,YES
2622,1894,1535,1283,1423,3624,14152,-176,-607,509,4894,YES
2582,1866,1472,1357,1483,3788,13604,-232,-851,2019,4080,YES
2640,1871,1494,1472,1215,3368,13380,-212,-1243,1965,3625,YES
2624,1920,1584,1452,1450,4092,14284,-176,-1159,2212,3165,YES
2559,1872,1515,1558,1361,4348,14700,-108,-625,3717,2706,YES
2580,1824,1527,1481,1335,4156,15260,452,-955,3081,3164,YES
2826,1888,1615,1421,1509,5784,15364,1680,-664,1458,3536,YES
2471,1878,1555,1792,1515,7300,15084,2376,447,1317,2137,YES
2544,1904,1584,1392,1422,7020,15144,2136,1509,1710,444,YES
2688,1875,1493,1343,1418,6700,15016,2284,1291,731,-84,YES
2559,1863,1488,1409,1408,7068,14348,2656,1399,-784,-641,YES
2624,2152,1563,1426,1323,7412,14476,3048,2288,-2224,-1876,YES
2517,1968,1394,1487,1424,7732,14664,3080,2851,-2513,-3505,YES
2624,1866,1535,1358,1415,7248,14668,2808,3050,-3966,-4644,YES
2603,1856,1535,1456,1411,6912,14688,2620,4177,-5614,-5992,YES
2654,1794,1557,1418,1398,6640,15044,2004,5419,-6326,-7965,YES
2689,1807,1627,1235,1488,5408,14528,808,6071,-6291,-9886,YES
2675,1807,1603,1328,1491,3760,14404,-536,6416,-6218,-10995,YES
2557,1904,1467,1423,1267,1652,14816,-1904,5982,-7844,-10835,YES
2590,1727,1478,1359,1418,1704,15128,-2840,5758,-7437,-10294,YES
2601,1726,1599,1367,1367,1548,16204,-3784,4866,-4650,-9942,YES
2585,1920,1514,1500,1394,-92,16680,-5132,3573,-2736,-9350,YES
2515,1907,1535,1535,1318,-1320,16944,-5908,2741,-3612,-7321,YES
2599,1901,1600,1410,1404,-600,17968,-5912,1697,-3257,-4643,YES
2447,1890,1561,1533,1422,-468,18724,-6456,645,-852,-3053,YES
2559,1833,1566,1532,1328,-988,18752,-6600,-549,744,-1229,YES
2559,1830,1535,1592,1405,-1664,18804,-5824,-2322,1139,1052,YES
2277,1872,1430,1530,1351,-496,18080,-4584,-3023,2047,3226,YES
2592,1901,1453,1364,1425,356,17620,-3692,-2971,2702,4336,YES
2608,1745,1283,1399,1411,1356,17532,-2756,-2749,3276,4997,YES
2559,1931,1525,1451,1294,2168,17100,-2100,-2623,2859,4940,YES
2559,1831,1534,1367,1264,3300,16648,-1416,-2021,2558,4531,YES
2616,1859,1556,1254,1518,3420,16392,-812,-1347,2007,4044,YES
2607,1904,1604,1351,1434,3832,16120,-800,-188,1478,2966,YES
2559,1900,1535,1424,1316,3792,16244,-912,279,2397,1177,YES
2498,1922,1460,1463,1333,2300,15384,-1908,585,2654,520,YES
2415,2034,1454,1529,1632,1108,16356,-1488,563,1597,799,YES
2559,1757,1328,1535,1375,1124,16924,-1744,903,2081,1247,YES
2607,2016,1509,1403,1344,-528,16912,-1276,1099,2395,1916,YES
2545,1903,1483,1377,1360,-1772,16776,64,969,1841,3138,YES
2621,1872,1474,1422,1353,-2004,16104,1824,1024,944,5174,YES
2608,1869,1517,1439,1393,76,15392,1820,2943,1459,6350,YES
2656,1938,1560,1391,1490,1956,15412,608,4812,3279,6522,YES
2589,2048,1552,1359,1794,2984,14720,-860,5352,3391,6611,YES
2558,1940,1415,1410,1473,3516,13916,-1544,4450,1916,6154,YES
2581,2030,1437,1409,1344,5100,13188,-2484,4385,661,5967,YES
2595,2145,1498,1488,1392,6652,13108,-3416,3968,375,4820,YES
2559,2065,1472,1466,1399,6812,12888,-5080,3053,2284,3068,YES
2590,2045,1520,1401,1387,6732,12108,-7360,1355,3010,1439,YES
2597,2087,1565,1453,1362,6828,12780,-9388,-1923,2753,-212,YES
2554,2069,1520,1415,1317,6824,13864,-9948,-5967,3424,-873,YES
2672,2023,1575,1337,1438,6632,16124,-7964,-8768,2363,-98,YES
2549,2085,1510,1461,1435,6448,16584,-3752,-10520,1572,-963,YES
2636,1943,1593,1488,1409,4284,18504,1304,-10334,1785,-1172,YES
2866,2081,1586,1488,1424,3068,18596,4836,-8831,603,242,YES
2557,2115,1529,1494,1297,3548,17600,5500,-3584,990,718,YES
2582,2007,1451,1495,1355,3656,18264,4680,139,1290,1259,YES
2559,2053,1535,1484,1353,4808,17904,3120,1723,1207,1741,YES
2607,2085,1163,1705,1381,5652,17180,1332,2277,1283,1714,YES
2608,2058,1483,1419,1409,6424,16320,532,2316,1308,1594,YES
2661,2096,1616,1427,1359,6772,15888,160,2241,1152,1431,YES
2663,2069,1581,1430,1473,7636,16200,1212,2006,1550,1048,YES
2613,2032,1558,1397,1441,8236,16644,2196,1945,3131,12,YES
2603,1855,1529,1403,1405,7228,16116,2304,2274,2133,-159,YES
2640,2109,1583,1468,1355,8520,15956,3144,3126,-1923,446,YES
2582,2116,1473,1396,1422,10828,15892,3732,5843,-2990,-2433,YES
2559,2039,1535,1488,1401,11820,16296,3620,7768,454,-7030,YES
2512,2102,1468,1420,1364,9756,14912,2496,8199,2687,-11194,YES
2559,2059,1309,1531,1395,2560,12664,-700,9429,-3611,-11755,YES
2591,2087,1531,1381,1333,2444,12044,-1792,10675,-14670,-10912,YES
2559,2066,1553,1407,1460,5512,12312,-1872,9619,-14314,-13571,YES
2559,2314,1427,1461,1358,3552,11612,-3896,7156,-7384,-17587,YES
2820,2027,1626,1335,1453,-3496,12052,-6700,5170,-7871,-17506,YES
2618,2109,1533,1428,1428,-6604,12828,-7932,3569,-11878,-14221,YES
2587,2096,1522,1461,1765,-8460,15288,-7764,2628,-13281,-9982,YES
2675,2060,1590,1335,1471,-7544,17456,-7032,1246,-8376,-5630,YES
2588,2060,1632,1485,1619,-8368,18296,-7136,-25,-1801,-2155,YES
2629,2077,1327,1421,1451,-8000,17940,-8328,-851,2377,1382,YES
2608,2099,1512,1408,1402,-7324,17720,-8688,-1665,394,5901,YES
2609,2099,1488,1463,1456,-3584,17532,-7100,-2843,940,8871,YES
2559,2133,1534,1495,1437,-1716,16812,-6332,-3515,4914,9577,YES
2608,2078,1487,1424,1373,-3288,15544,-6772,-3711,6682,9316,YES
2605,2229,1600,1499,1676,-3060,13888,-6784,-4785,7611,10185,YES
2629,2082,1598,1422,1760,-3140,13428,-5624,-7547,8519,13678,YES
2640,2096,1447,1393,1477,-2476,12224,-3772,-11205,2492,19683,YES
2629,2037,1555,1339,1395,4412,11968,-400,-11354,1497,21661,YES
2699,2062,1647,1326,1584,7036,13168,-884,-9548,8074,16003,YES
2595,2037,1590,1346,1556,6204,13680,-1780,-8419,8167,13499,YES
2598,1983,1514,1407,1391,7368,14268,-264,-8795,2595,12396,YES
2583,1933,1535,1323,1412,11164,14336,880,-7282,4892,8698,YES
2673,2032,1582,1493,1421,9628,15020,312,-5919,5376,6746,YES
2618,2023,1605,1459,1407,10496,15724,2192,-5619,-60,5403,YES
2675,2045,1570,1291,1329,13220,16408,4452,-3234,-404,1411,YES
2607,2090,1223,1425,1435,10448,16844,4400,-811,696,-2611,YES
2640,2083,1697,1421,1459,7364,17188,4348,814,-733,-3945,YES
2634,2021,1639,1263,1438,6192,17024,3884,2455,-1990,-3116,YES
2583,2019,1517,1286,1425,5876,18136,2104,3910,-1496,-3031,YES
2549,1871,1585,1472,1455,5100,18520,280,4571,-1727,-2210,YES
2622,2074,1515,1385,1382,5492,18284,-592,4344,-1588,196,YES
2463,2097,1569,1437,1328,6448,17716,-1716,4385,-1442,1802,YES
2599,2032,1606,1383,1467,6896,18476,-2640,4327,-431,2735,YES
2601,2110,1535,1323,1417,7280,17848,-3300,3558,-692,4488,YES
2477,2281,1265,1479,1395,8656,17696,-2676,3124,-1511,5497,YES
2630,2074,1598,1429,1481,9476,17288,-1984,3667,-633,4212,YES
2640,2031,1960,1520,1510,8360,17104,-1588,4298,-1543,3240,YES
2623,2036,1535,1520,1437,8008,15992,-1276,4256,-2312,2759,YES
2682,2055,1687,1296,1523,7864,15924,-868,4584,-2040,1592,YES
2673,1947,1628,1275,1519,7628,15328,-528,4348,-888,211,YES
2873,2045,1535,1351,1430,5644,13284,-1228,4856,-1042,-212,YES
2623,2101,1599,1360,1381,6388,13792,-604,4410,-3661,706,YES
2635,2061,1677,1387,1403,7344,12176,-704,3972,-3485,-537,YES
2609,2266,1521,1424,1456,6108,11468,-300,3495,-2518,-2398,YES
2687,2000,1610,1343,1349,4836,11156,-292,3027,-1933,-3848,YES
2665,2111,1616,1474,1462,3456,10952,-520,2051,-1618,-4134,YES
2674,2067,1664,1371,1587,2760,10656,-740,1113,-2758,-3767,YES
2683,1971,1672,1351,1610,3592,11516,-916,266,-1516,-3975,YES
2720,2096,1603,1400,1535,3164,12880,-2312,-471,193,-3624,YES
2687,2000,1699,1364,1530,3740,14708,-3260,-1153,-89,-2088,YES
2607,2052,1404,1359,1856,5116,16368,-3628,-1499,65,-1400,YES
2626,2113,1575,1410,1729,5496,17720,-3904,-1331,-330,-202,YES
2624,2096,1555,1427,1485,7208,18496,-3312,-769,-378,1134,YES
2659,2071,1521,1291,1437,7436,18068,-2732,65,31,1848,YES
2559,2176,1441,1425,1405,8112,17360,-2632,1079,-506,2203,YES
2580,2080,1526,1433,1433,7988,16228,-2596,1732,-656,1499,YES
2645,2128,1535,1401,1376,7096,14608,-2656,2210,-1472,1222,YES
2546,2196,1432,1379,1350,7300,13772,-2408,2041,-1284,519,YES
2832,2154,1489,1411,1267,6832,13400,-2756,1585,-442,-623,YES
2633,2120,1427,1344,1350,5920,13452,-2800,1134,-1203,-1375,YES
2607,2058,1407,1403,983,5824,13384,-2064,194,-938,-1852,YES
2598,2197,1488,1424,1401,5420,13796,-1676,374,-1017,-2227,YES
2599,2119,1590,1387,1471,5636,14376,-1040,120,-292,-3207,YES
2626,2099,1519,1478,1418,5092,14556,-996,453,1807,-3984,YES
2624,1997,1616,1469,1445,3776,15444,-944,511,1748,-3281,YES
2635,2096,1579,1173,1424,4572,15204,-828,363,-164,-2080,YES
2658,2110,1635,1191,1523,5924,15152,100,477,-700,-1845,YES
2642,2078,1599,1268,1428,5964,15116,540,1176,-190,-2999,YES
2623,2096,1527,1360,1752,5276,14800,-52,2297,-1535,-3154,YES
2559,2015,1533,1410,1856,5400,15204,228,2619,-3940,-2124,YES
2606,2080,1443,1410,1428,7248,15000,-664,4319,-4455,-2870,YES
2597,2066,1680,1374,1421,7328,16040,-3164,5646,-2693,-6187,YES
2618,2109,1648,1374,1447,5560,16716,-4932,5177,-829,-8518,YES
2713,2010,1680,1534,1507,-7588,17072,-2908,-226,1609,1726,NO
2682,2148,1723,1602,1535,-6732,16660,-2660,-2678,2979,5662,NO
2706,2006,1676,1587,1615,-4912,16228,-2048,-5114,5379,8471,NO
2615,2003,1215,1535,1589,-3716,15216,-1184,-7090,6810,10531,NO
2711,2015,1655,1535,1596,-2144,15116,504,-8246,7192,12294,NO
2702,2033,1699,1587,1585,312,14992,2212,-8779,7590,12807,NO
2737,2020,1747,1584,1584,2196,14992,3544,-8233,7498,12239,NO
2711,1966,1757,1426,1597,4000,15744,4752,-6969,6214,11142,NO
2728,2012,1820,1454,1600,6076,16168,5628,-5277,4461,8685,NO
2700,2018,1703,1574,1596,7616,16808,6196,-3402,3171,5770,NO
2731,1972,2036,1564,1471,8084,17080,6388,-1273,1303,2470,NO
2703,2029,1671,1466,1535,8192,17080,6408,868,-76,-934,NO
2704,2012,1695,1607,1527,6860,16600,5992,3102,-2029,-4067,NO
2720,2038,1361,1527,1561,5424,16372,5444,5393,-4222,-6993,NO
2711,2105,1733,1530,1800,3996,15848,4212,6804,-3985,-9250,NO
2755,1967,1719,1613,1618,1704,15516,3232,7071,-4288,-9745,NO
2736,2058,1565,1557,1481,-44,15108,1728,7339,-5401,-9715,NO
2796,2054,1701,1555,1574,-1024,15156,568,7230,-5404,-9382,NO
2679,2047,1584,1603,1510,-2072,15740,-400,6262,-4494,-8936,NO
2710,1791,1655,1598,1507,-2852,16060,-1100,4185,-2822,-7030,NO
2677,2025,1634,1671,1575,-4672,16044,-1548,2401,-2704,-4682,NO
2708,2032,1669,1562,1486,-4496,16508,-1348,1551,-1738,-2906,NO
2674,2057,1646,1585,1493,-4864,16472,-1384,147,617,-807,NO
2706,1990,1807,1527,1840,-5560,16388,-1624,-1259,1624,2148,NO
2681,1988,1741,1558,1824,-4812,16392,-1256,-2816,2962,4848,NO
2719,2064,1691,1577,1610,-3940,15988,-1064,-4378,3953,7514,NO
2738,2021,1772,1535,1575,-2604,15992,52,-5470,4200,9668,NO
2720,2015,1761,1535,1535,-1224,15756,852,-6139,5057,10589,NO
2784,1883,1469,1518,1615,224,15504,1552,-6881,5689,11272,NO
2723,2006,1681,1620,1506,1536,15624,2588,-7515,5152,12076,NO
2697,2005,1630,1584,1495,3604,15708,3748,-7213,5303,11678,NO
2690,2025,1904,1535,1527,4596,16044,4608,-6546,4950,10290,NO
2726,2007,1712,1523,1535,6088,16244,5440,-5565,4270,8526,NO
2667,2077,1692,1584,1569,6536,16300,5804,-3905,2949,6409,NO
2651,2068,1715,1486,1587,7356,16676,6528,-2048,1249,3862,NO
2733,2021,1735,1535,1616,7432,16672,6664,-252,285,1605,NO
2687,2023,1822,1488,1705,6908,16548,6444,1598,-1261,-674,NO
2737,1941,1674,1423,1792,6336,16160,5912,3517,-2392,-3214,NO
2677,1979,1776,1524,1627,5560,15792,5224,4969,-2871,-5790,NO
2804,2000,1643,1535,1513,4272,15248,4292,5898,-3460,-7544,NO
2701,2007,1816,1477,1433,3312,14720,3492,6560,-4940,-8517,NO
2699,2011,1675,1462,1602,2972,15072,3232,6788,-5054,-9530,NO
2702,2025,1735,1445,1611,2004,14692,2240,6696,-4155,-10716,NO
2762,2035,1709,1506,1431,696,14908,1720,5894,-4703,-11111,NO
2746,2032,1726,1600,1521,-200,15028,1536,5404,-4459,-11105,NO
2714,2023,1739,1709,1535,-1708,15208,1028,5462,-4658,-10293,NO
2759,2015,1677,1628,1425,-1472,16124,984,5039,-4555,-9033,NO
2710,2032,1787,1590,1399,-2200,16676,548,4445,-3059,-8351,NO
2754,1998,1682,1573,1486,-3644,16964,-640,3750,-2344,-6639,NO
2702,2019,1656,1351,1556,-4128,17220,-1088,2713,-1772,-3905,NO
2734,1997,1720,1648,1413,-4616,17444,-1324,1381,-1035,-1204,NO
2701,2007,1677,1531,1573,-4528,17260,-1432,186,346,1201,NO
2738,1997,1694,1938,1535,-4452,16964,-1548,-1279,1879,3434,NO
2682,2060,1602,1634,1403,-4220,16536,-1196,-2838,2734,5412,NO
2718,2032,1664,1599,1555,-3572,16204,-584,-4205,3806,7366,NO
2711,2015,1726,1573,1535,-2260,15608,212,-5618,4505,8990,NO
2704,2065,1584,1620,1519,-804,15376,1012,-6124,4796,9875,NO
2698,2054,1817,1647,1507,684,15276,2200,-5604,4727,9214,NO
2713,2035,1633,1638,1491,2060,15804,3400,-5270,4148,8747,NO
2711,2020,1709,1635,959,3624,16008,4116,-4540,3201,7909,NO
2706,1991,1694,1518,1570,5332,16512,5100,-3011,2490,6143,NO
2719,2007,1701,1583,1535,6432,16856,5676,-1222,1270,3287,NO
2669,1987,1707,1658,1509,6688,16828,5648,1031,-761,-202,NO
2727,1878,1301,1678,1473,6500,16680,5556,3274,-2249,-3599,NO
2723,2033,1712,1576,1474,5048,16296,4828,5155,-3596,-6473,NO
2727,2079,1840,1711,1587,3160,15716,3812,6834,-4327,-9115,NO
2654,2046,1655,1621,1613,1540,15188,2576,7844,-5625,-10141,NO
2704,2067,1646,1671,1520,548,15952,2040,7755,-6348,-10491,NO
2685,2103,1630,1643,967,-16,15440,1000,7161,-5188,-11252,NO
2703,2094,1645,1583,1515,-2376,15072,-360,6903,-4239,-10971,NO
2664,2022,1618,1551,1503,-3932,15620,-1228,5822,-4482,-9198,NO
2739,1980,1623,1601,1491,-4704,16028,-1940,3768,-4747,-6914,NO
2733,2009,1754,1535,1564,-4832,16448,-2060,1988,-3537,-4525,NO
2707,2068,1824,1717,1486,-5492,16444,-2212,710,-1892,-2636,NO
2714,2029,1661,1648,1531,-5908,17080,-2112,-428,-288,256,NO
2701,2063,1717,1594,1569,-5896,17248,-1960,-1938,1101,2857,NO
2679,2067,1710,1685,1517,-5424,16856,-1452,-3025,2244,5322,NO
2665,2021,1645,1642,1527,-4404,16544,-1000,-3855,3234,7363,NO
2683,2128,1721,1624,1584,-3360,16452,-212,-4933,4003,9027,NO
2672,2055,1664,1613,1578,-2204,15992,428,-5761,4823,10233,NO
2767,2015,1635,1575,1514,-1208,15220,976,-6305,5052,10983,NO
2687,2013,1649,1614,1486,276,15576,1620,-6579,5052,11095,NO
2677,2024,1671,1575,1497,1404,15352,2144,-6815,5429,9871,NO
2694,1965,1775,1492,1616,1496,15308,2884,-6430,4267,9328,NO
2723,2037,1707,1740,1559,3384,15756,4092,-5935,3746,8750,NO
2738,2047,1667,1642,1530,4152,16232,4620,-4896,3412,7137,NO
2731,2042,1667,1617,1460,4952,16436,4840,-3210,2657,4951,NO
2727,2022,1558,1645,1481,5340,16780,5260,-1568,1596,2872,NO
2848,2044,1641,1616,1392,5768,16572,5552,0,-67,675,NO
2539,2007,1694,1607,1569,5960,16632,5740,1801,-1238,-1715,NO
2674,2043,1591,1520,1535,5484,16228,5296,3477,-1628,-4415,NO
2683,2064,1663,1674,1535,4444,15900,4580,5115,-2441,-7051,NO
2694,2031,1680,1648,1558,3428,15548,3640,6470,-2170,-9314,NO
2649,2013,1737,1215,1596,1140,15104,2288,7001,-2995,-10076,NO
2690,2027,1741,1535,1575,744,15240,1760,6405,-4906,-9646,NO
2677,2090,1619,1610,1595,-140,15052,908,5874,-5355,-9983,NO
2717,2077,1675,1616,1475,-1024,15340,512,5715,-5570,-10854,NO
2746,2055,1728,1621,1511,-1948,15660,572,4895,-4944,-10035,NO
2663,1987,1679,1629,1520,-2492,16152,432,3523,-4505,-8093,NO
2723,2043,2081,1561,1533,-3308,16368,364,2685,-3876,-7088,NO
2689,2042,1591,1584,1530,-4312,16268,96,2430,-3021,-6071,NO
2704,2064,1712,1616,1563,-4840,16860,-292,1966,-2032,-3180,NO
2704,2064,1744,1527,1489,-5400,17384,-628,749,-654,-299,NO
2640,2061,1719,1556,1680,-5364,17208,-1016,-417,409,2154,NO
2706,2062,1686,1582,1573,-5228,17252,-1080,-1757,2266,4839,NO
2749,2117,1723,1664,1633,-5032,16480,-980,-3373,4041,7461,NO
2755,2066,1647,1661,1456,-4112,16040,-220,-4787,4621,10192,NO
2842,2039,1773,1584,1484,-2152,15640,532,-6390,5259,12028,NO
2736,2082,1467,1584,1476,-696,15564,932,-7616,6219,12346,NO
2717,2085,1697,1523,1599,-116,15264,1916,-8171,6230,12248,NO
2704,2064,1696,1590,1582,1340,15460,2996,-8497,5883,12050,NO
2674,2079,1685,1805,1520,2268,15508,3812,-7769,5933,10679,NO
2730,2030,1631,1604,1570,2600,15676,4280,-6631,5264,9225,NO
2713,2032,1826,1771,1631,3804,16052,5000,-5633,4105,8287,NO
2704,2092,1709,1568,1572,4976,16412,5692,-4770,2807,6716,NO
2721,2079,1715,1616,1443,5824,16660,6408,-3352,1974,4409,NO
2796,2047,1753,1667,1501,6024,16496,6652,-1505,528,1783,NO
2721,2054,1808,1648,1574,6212,16376,6528,559,-1071,-1014,NO
2719,2064,1738,1638,1103,5764,16228,6212,2556,-1779,-3593,NO
2710,2004,1686,1605,1526,4780,15840,5768,3854,-3042,-5691,NO
2713,2015,1559,1554,1517,4008,15356,5016,4656,-3863,-7391,NO
2691,2022,1652,1566,1535,2468,14800,4084,5464,-5169,-8568,NO
2693,2062,1737,1808,1499,2372,14704,3888,6089,-6619,-9418,NO
2666,2003,1727,1525,1604,2116,15016,3592,6233,-5811,-10595,NO
2721,2053,1718,1615,1307,376,15052,2928,5803,-6127,-10981,NO
2736,2077,1709,1658,1519,-220,15356,2824,5602,-6670,-10959,NO
2730,2060,1601,1598,1444,-968,15316,2260,5693,-5743,-11336,NO
2692,2064,1622,1626,1628,-2460,15760,1700,5496,-4777,-11183,NO
2679,2112,1701,1612,1618,-3704,15800,944,4962,-4422,-9703,NO
2676,2029,1695,1562,1579,-4552,16332,580,3949,-3557,-7960,NO
2701,2032,1682,1616,1534,-4572,16612,-208,2896,-2275,-5498,NO
2738,2058,1650,1579,1573,-5760,17192,-840,1883,-758,-3431,NO
2672,2037,1708,1754,1554,-6684,17584,-1372,879,554,-665,NO
2711,1986,1729,1435,1651,-6800,17516,-1248,-529,2151,3730,NO
2705,2042,1663,1637,1571,-6112,16996,-1244,-2664,3281,7894,NO
2723,2078,1795,1601,1555,-4388,16696,160,-4438,4402,10709,NO
2705,1994,1736,1535,1632,-2604,16208,1468,-6062,5333,12781,NO
2718,2177,1733,1671,1391,-1016,15228,2448,-6627,5878,13390,NO
2734,2027,1696,1521,1510,8,14756,3048,-6313,6029,12856,NO
2622,2055,1680,1622,1488,1296,14652,3840,-6049,5956,12802,NO
2687,2011,1815,1535,1524,2624,15084,4444,-6130,4927,12445,NO
2731,2001,1855,1618,1624,3876,15284,4620,-5108,4536,10404,NO
2699,2010,1665,1570,1595,4740,15520,5120,-3961,4132,8091,NO
2737,2067,1631,1517,1489,5328,15836,5424,-3021,2844,6693,NO
2721,2082,1874,1595,1622,6244,16360,5816,-2025,1829,4513,NO
2699,2171,1786,1616,1636,6352,16148,5740,-485,1159,1647,NO
2644,2141,1638,1744,1574,6012,16272,5672,1128,14,-543,NO
2672,2117,1723,1727,1583,5772,16156,5620,2268,-1939,-2349,NO
2773,2103,1584,1648,1587,5836,16144,5552,3593,-2361,-4662,NO
2705,2043,1757,1603,1553,4604,15884,4808,4704,-2467,-6893,NO
2684,2017,1682,1636,1523,3596,15420,4212,5569,-2618,-8762,NO
2678,2055,1688,1651,1606,2232,15116,3536,6248,-2510,-10249,NO
2777,2023,1727,1439,1267,792,15248,3140,6240,-4262,-10622,NO
2741,2038,2136,1490,1584,524,15320,2936,5836,-4852,-11200,NO
2691,2073,1749,1585,1571,-768,15376,2104,5996,-4275,-12013,NO
2745,2112,1670,1616,1616,-2216,15440,1184,6115,-4485,-11831,NO
2745,2018,1659,1573,1477,-2688,15648,980,6080,-4510,-10284,NO
2736,2096,1602,1689,1535,-3388,16532,652,5305,-3636,-9289,NO
2704,2064,1535,1638,1499,-4440,16132,8,4801,-2528,-8219,NO
2651,2061,1725,1531,1520,-4748,16312,-692,4057,-1835,-5842,NO
2643,2067,1687,1584,1523,-5448,16892,-1192,2878,-898,-3595,NO
2704,2092,1712,1491,1527,-5404,16924,-1260,1102,-41,-901,NO
2707,2066,1535,1566,1615,-5208,16612,-836,-322,585,1879,NO
2681,2000,1772,1456,1632,-4488,16744,-516,-1422,1810,3712,NO
2698,2075,1789,1591,1614,-4448,16556,-336,-2619,2471,5285,NO
2755,2065,1684,1586,1535,-3860,16320,212,-3792,2774,6909,NO
2752,2036,1712,1565,1534,-3076,16076,916,-4456,3615,8303,NO
2771,2042,1523,1608,1485,-2460,15752,1356,-4946,3946,9385,NO
2723,2064,1616,1616,1229,-1160,15568,1856,-5382,4243,9969,NO
2704,2074,1680,1535,1562,-428,15508,2352,-5842,4603,10439,NO
2711,2131,1710,1749,1469,496,15456,2796,-5960,4269,10451,NO
2722,2062,1662,1709,1447,1780,15304,3164,-5704,4543,9553,NO
2674,2093,1617,1574,1558,1988,15636,3332,-5339,4112,8785,NO
2658,1759,1743,1647,1623,3196,15868,4180,-5124,3322,8096,NO
2704,2080,1772,1585,1584,4228,16176,4644,-4470,2996,6952,NO
2711,2023,1691,1605,1653,4588,16624,4956,-3559,2157,5018,NO
2709,2013,1858,1518,1663,4944,16776,5376,-2136,1308,2866,NO
2719,1963,1765,1489,1706,5132,16816,5608,-758,550,1105,NO
2679,2032,1727,1504,1663,5284,16712,5888,661,-1,-872,NO
2703,2030,1681,1627,1792,4360,16568,5472,2223,-935,-2837,NO
2694,2054,1668,1600,1523,3688,16296,5236,3471,-2302,-4286,NO
2701,2057,1711,1579,1597,3556,15980,4708,4651,-2450,-5838,NO
2679,1843,1726,1621,1631,2664,15720,4036,5574,-2247,-6949,NO
2708,2009,1735,1552,1685,1884,15552,3560,5896,-2810,-7873,NO
2672,2030,1419,1712,1629,1284,15372,3112,6041,-3387,-8457,NO
2735,2089,1922,1694,1570,840,15208,2800,5833,-2923,-9093,NO
2730,2047,1790,1530,1591,-372,15000,2040,5602,-2574,-9930,NO
2731,2000,1662,1535,1535,-1320,14812,1668,5368,-2867,-9726,NO
2736,2002,1825,1535,1568,-2024,15428,1364,4351,-3763,-8548,NO
2666,2035,1718,1680,1648,-2400,15644,908,3406,-3415,-8235,NO
2706,2031,1732,1535,1573,-3696,16224,464,2922,-2623,-7496,NO
2705,2112,1809,1471,1535,-4132,16624,344,2146,-2356,-5604,NO
2735,2027,1711,1573,1687,-4912,17220,-204,1266,-1713,-3209,NO
2544,2077,1616,1658,1502,-5548,17552,-360,424,-586,-1016,NO
2748,2061,1167,1535,1512,-5760,17460,-464,-583,778,1979,NO
2695,2096,1661,1648,1621,-5312,17568,-248,-2097,1614,5127,NO
2674,2114,1674,1666,1526,-4460,16924,240,-3305,2420,6815,NO
2649,2085,1653,1751,1657,-3832,16244,836,-4065,3480,8456,NO
2670,2081,1677,1658,1589,-2860,15716,1592,-4985,4209,10261,NO
2704,2029,1750,1584,1567,-1684,15096,2044,-5712,4571,11384,NO
2717,1946,1719,1582,1498,-416,15056,2264,-6048,4396,11887,NO
2703,2077,1696,1630,1563,852,15328,2800,-6319,4360,11539,NO
2635,2064,1619,1620,1518,1740,15300,3460,-6617,4474,10745,NO
2720,2090,2112,1709,1642,2316,15052,4120,-6042,3975,9829,NO
2672,2059,1691,1579,1618,3404,15524,4616,-5223,3785,8751,NO
2651,2022,1670,1632,1633,4088,15896,5136,-4623,3804,7314,NO
2673,2057,1733,1442,1556,4456,16024,5556,-3749,2871,5810,NO
2753,2037,1753,1421,1742,4976,16184,6020,-2359,2142,4019,NO
2686,2058,1781,1574,1608,5088,16300,5996,-923,1895,2034,NO
2713,2010,1616,1530,1338,4856,16480,6176,213,1954,380,NO
2682,2035,1647,1645,1602,4108,16212,5960,1087,1742,-1001,NO
2736,2032,1635,1601,1482,3396,16080,5800,1999,1007,-2042,NO
2880,2031,1708,1520,1630,2540,15828,5196,3065,-95,-3099,NO
2698,2064,1776,1472,1627,2800,15656,5040,4090,-1231,-4570,NO
2729,2135,1740,1639,1582,3016,15668,4748,4534,-1248,-4904,NO
2743,2086,1774,1003,1576,3144,15748,4608,4502,-759,-5419,NO
2785,2037,1701,1535,1488,2452,15388,3684,4486,-830,-6235,NO
2707,2184,1531,1663,1562,1592,15148,2924,4947,-3273,-6400,NO
2725,2089,1716,1595,1742,2588,15660,3408,5010,-4234,-7251,NO
2706,2065,1707,1585,1523,2436,15728,3532,4698,-2932,-8603,NO
2718,2029,1694,1577,1517,896,15284,2776,4614,-3055,-9269,NO
2691,2009,1711,1586,1556,96,15380,2496,4979,-4532,-9504,NO
2662,2032,1723,1631,1480,-476,15612,2496,5057,-4222,-10032,NO
2697,2030,1621,1447,1610,-1892,16100,2256,4718,-3717,-10009,NO
2704,2056,1728,1507,1687,-2788,16196,2112,3979,-2927,-9581,NO
2607,2055,1759,1645,1583,-3896,16348,1792,3499,-886,-8717,NO
2659,2080,1695,1737,1613,-5424,16196,728,4096,-736,-6448,NO
2687,2128,1711,1680,1744,-5544,17212,332,3653,-2174,-4116,NO
2714,2039,1715,1684,1531,-4992,17480,184,2292,-1223,-1903,NO
2711,2063,1660,1494,1495,-5208,16900,-308,1362,212,207,NO
2690,2023,1810,1629,1594,-5256,16904,-488,532,807,2211,NO
2716,2039,1677,1511,1589,-4812,16540,-528,-755,1078,3943,NO
2728,2094,1753,1651,1535,-4636,16104,-320,-1922,1629,5450,NO
2731,2128,1772,1640,1520,-4248,15696,124,-3101,2103,6892,NO
2757,2121,1665,1681,1616,-3816,15276,368,-4012,3159,7830,NO
2704,2078,1644,1645,1600,-3280,14992,932,-4889,2961,9362,NO
2673,2059,1663,1667,1812,-1668,15136,1664,-5922,2760,11001,NO
2654,2127,1613,1743,1511,-192,15356,2352,-6660,3460,11070,NO
2686,2121,1647,1808,1535,416,15316,2720,-6713,3733,10290,NO
2722,2013,1733,1642,1600,1684,15692,3768,-6391,2910,9949,NO
2677,2041,1650,1636,1534,2520,15896,4448,-5760,2432,8861,NO
2688,2090,1776,1535,1617,3412,16332,5212,-4478,1455,7441,NO
2674,2046,1600,1625,1675,4804,16788,5844,-3112,1896,5578,NO
2657,1823,1735,1535,1617,4848,17056,5960,-1792,2086,3476,NO
2727,2045,1616,1616,1616,4824,16956,6028,-415,539,1700,NO
2733,2064,1754,1607,1662,4844,16684,6164,1413,-1428,-439,NO
2747,1990,1656,1651,1575,5376,16548,6144,3264,-2015,-2843,NO
2783,2106,1614,1750,1648,4720,16396,5544,4502,-2060,-5199,NO
2727,2032,1680,1872,1535,3256,15768,4524,5400,-2927,-7098,NO
2709,2030,1675,1633,1519,2404,15440,3848,6032,-4379,-8061,NO
2711,2037,1685,1601,1535,1848,15352,3504,6192,-4699,-9061,NO
2734,2000,1715,1579,1583,1112,15340,3212,6164,-3105,-10359,NO
2670,2106,1714,1561,1733,-1012,15080,2252,5750,-2651,-10569,NO
2686,2081,1575,1612,1613,-2656,14752,1768,5689,-4871,-9585,NO
2704,2065,1745,1667,1737,-2252,15368,2020,5302,-4920,-8723,NO
2709,1985,1778,1525,1691,-3024,15656,1376,4604,-3373,-7870,NO
2736,2037,1840,1595,1755,-4232,16280,716,3902,-2720,-6873,NO
2731,2032,1879,1535,1648,-4380,16128,224,3244,-2423,-5251,NO
2716,2025,1731,1600,1582,-4548,16576,8,2367,-2234,-3307,NO
2693,2042,1663,1607,1427,-4476,16956,-404,1293,-1411,-1847,NO
2701,2055,1728,1535,1557,-4608,16896,-384,498,243,-318,NO
2698,2014,1613,1591,1616,-5148,16792,-796,-471,867,1591,NO
2675,2242,1722,1601,1908,-4996,16596,-336,-1535,1430,3604,NO
2673,2066,1664,1616,1073,-4564,16332,124,-2531,1956,5438,NO
2723,2029,1770,1585,1661,-3648,16148,500,-3301,2921,6899,NO
2695,2070,1694,1559,1675,-3232,15860,844,-4126,3887,8071,NO
2672,2112,1711,1635,1581,-2452,15416,1268,-4997,4150,9011,NO
2709,2003,1721,1679,1635,-1696,14832,1876,-5528,4180,9825,NO
2672,1935,1744,1607,1449,-544,15104,2356,-6050,4258,10502,NO
2667,2092,1711,1137,1535,1080,15420,3092,-6666,4888,10489,NO
2659,2062,1744,1525,1609,1344,15408,3660,-6626,4458,10188,NO
2686,2067,1715,1585,1610,2548,15904,4412,-5679,2965,9183,NO
2690,2080,1601,1660,1319,3992,16544,5524,-4680,2859,7255,NO
2722,2111,1711,1600,1570,4320,16624,5704,-3193,2873,5328,NO
2723,2044,1712,1635,1577,4644,16900,5944,-1585,1990,3838,NO
2663,2094,1740,1680,1535,5068,17076,6236,-107,840,2127,NO
2650,2117,1755,1648,1637,4960,16996,6144,1494,-805,178,NO
2718,2226,1748,1605,1424,5472,16768,6128,2762,-1602,-1781,NO
2691,2070,1705,1610,1579,4964,16368,5736,4074,-1808,-4058,NO
2683,2064,1711,1522,1617,3156,15948,4624,5466,-3248,-5800,NO
2704,2035,1566,1523,1566,2824,15620,3992,6470,-4068,-7209,NO
2706,2032,1770,1639,1942,1788,15580,3196,6641,-4270,-7940,NO
2719,1982,1791,1419,1680,1336,15476,2256,6253,-4934,-8282,NO
2724,2026,1720,1928,1634,564,15224,1776,5856,-5265,-9110,NO
2718,2053,2098,1653,1584,-296,14964,1496,5623,-5850,-9437,NO
2743,2061,1712,1668,1478,-708,15488,1856,4758,-5901,-9213,NO
2751,2080,1661,1670,1480,-1568,15720,1876,3663,-4513,-8824,NO
2902,2046,1710,1653,1417,-3424,15380,1508,3487,-3454,-8053,NO
2735,2032,1679,1517,1597,-4240,15772,1160,3437,-3718,-6216,NO
2694,2075,1876,1581,1556,-3752,16360,848,2636,-2958,-4748,NO
2717,2032,1744,1610,1654,-4380,16776,-16,2017,-1550,-3100,NO
2725,1990,1737,1635,1612,-5140,16876,-364,1214,-850,-1010,NO
2633,2091,1881,1744,1591,-4772,16904,-524,118,41,1396,NO
2885,2087,1705,1695,1573,-4876,16744,-680,-1025,1301,3173,NO
2689,2095,1748,1663,1579,-4740,16340,-340,-2163,1980,5026,NO
2705,1991,1823,1535,1719,-3964,15840,176,-3294,2883,6876,NO
2735,1975,1814,1519,1729,-3092,15456,880,-4304,3835,8348,NO
2713,2032,1776,1747,1653,-2324,14932,1248,-5163,4538,9845,NO
2742,2040,2128,1610,1585,-1124,14552,1844,-6121,4635,10549,NO
2716,2059,1702,1589,1535,292,14988,2404,-6646,5298,10960,NO
2729,1971,1717,1623,1599,1340,15600,3160,-7147,5321,11017,NO
2717,2022,1697,1615,1600,2400,15924,3860,-7103,4466,10296,NO
2784,2105,1479,1746,1483,3468,16272,4668,-6049,4278,8679,NO
2704,2069,1946,1655,1535,3976,16444,5440,-4719,3384,7067,NO
2715,2096,1683,1717,1673,5252,17100,6056,-3404,2240,5686,NO
2669,2111,1699,1751,1668,5868,17408,6628,-1987,1947,3320,NO
2693,2068,1735,1878,1619,5188,17100,6556,171,-283,1092,NO
2608,2087,1792,1725,1663,6032,16968,6712,2322,-1569,-1157,NO
2704,2045,1673,1624,1649,5028,16648,5940,3848,-2182,-3128,NO
2703,2256,1728,1584,1593,4384,16016,4960,5166,-3430,-5004,NO
2675,2058,1711,1674,1568,3536,15548,4220,6260,-3703,-6865,NO
2695,2023,1707,1634,1518,2400,15292,3304,6794,-4203,-7944,NO
2689,1999,1523,1502,1681,2640,15456,3296,6509,-4982,-8942,NO
2732,1899,1692,1584,1315,1944,15312,2780,6333,-3533,-10623,NO
2751,2047,1728,1589,1535,-256,14808,1612,6511,-2891,-11862,NO
2738,2099,1755,1641,1616,-2060,15260,1364,6075,-3432,-10704,NO
2671,2071,1774,1586,1499,-2624,15516,1084,4523,-3795,-9262,NO
2769,2022,1711,1575,1520,-3980,15720,844,3535,-2821,-8037,NO
2717,1805,1087,1601,1555,-4940,15336,88,2997,-2040,-6370,NO
2743,2058,1672,1584,1601,-5444,15804,-216,2024,-1406,-3642,NO
2790,2019,1693,1579,1600,-5652,16472,-596,192,174,-415,NO
2710,2043,1439,1602,1571,-5728,16192,-912,-1865,1597,2617,NO
2712,2065,1614,1713,1200,-5140,16000,-468,-3561,2263,5257,NO
2719,2155,1721,1637,1023,-3676,15900,304,-4959,3300,7646,NO
2715,2076,1707,1712,1535,-2668,15920,1228,-6194,4271,9139,NO
2700,2125,1763,1756,1587,-1316,15692,2052,-6929,5007,10142,NO
2666,2081,1770,1778,1619,396,15552,2788,-7073,5573,10588,NO
2681,2072,1677,1695,1519,1432,15672,3500,-6800,6277,9278,NO
2686,2074,1744,1612,1617,1480,15308,3720,-6091,5816,7883,NO
2697,2069,1759,1598,1557,2548,15644,4688,-5190,3478,7092,NO
2720,2064,1681,1587,1556,4336,16448,5980,-3948,2685,5994,NO
2706,2096,1712,1614,1393,5372,17284,6632,-2608,1558,4277,NO
2703,2091,1795,1488,1701,6336,17484,7072,-835,128,1391,NO
2623,2063,1709,1627,1663,6568,17240,7108,1638,-765,-2219,NO
2704,2064,1692,1616,1585,5124,17100,6544,3957,-1844,-5015,NO
2763,2082,1695,1692,1535,3540,16732,5872,5618,-3035,-7033,NO
2737,2054,1636,1611,1499,2412,16428,4896,6529,-3921,-8077,NO
2765,2022,1715,1601,1595,1496,16192,3784,6808,-4205,-8435,NO
2620,2054,1685,1565,1586,344,15752,2856,7089,-4903,-8597,NO
2724,2027,1639,1653,1582,-496,15704,2220,7017,-5301,-8761,NO
2699,2063,1818,1616,1562,-1652,15744,1736,6352,-5883,-8344,NO
2719,2032,1631,1628,1563,-2428,15828,1692,5420,-6199,-7864,NO
2650,2117,1613,2032,1665,-2948,15584,1520,4822,-4696,-7252,NO
2826,2055,1735,1653,1607,-4928,15428,624,4436,-3621,-5826,NO
2736,2210,1733,1645,1594,-5552,15888,544,3355,-2869,-3563,NO
2702,2024,1695,1535,1664,-5808,15968,160,2103,-1188,-685,NO
2704,2021,1818,1519,1727,-5860,15680,-852,872,677,1357,NO
2693,2029,1810,1611,1676,-5636,15696,-1124,-744,2223,3444,NO
2722,2042,2324,1611,1566,-5288,15544,-968,-2762,3055,5804,NO
2703,2055,1729,1419,1632,-3740,15220,-144,-4400,4222,7748,NO
2682,2038,1796,1582,1571,-2556,15256,744,-5479,5221,9332,NO
2768,2044,1813,1680,1619,-1348,15532,1460,-6211,5802,10134,NO
2860,2064,2252,1584,1490,464,16004,2500,-6853,5998,10471,NO
2719,2045,1940,1621,1584,1484,15940,3268,-6854,5742,9998,NO
2719,2093,1762,1627,1675,2468,15880,4128,-5686,5545,8616,NO
2727,2101,1681,1675,1557,3252,16292,4792,-4323,4386,7395,NO
2653,2121,1659,1635,1653,4556,16888,5544,-3197,2638,6165,NO
2718,2113,1711,1737,1505,6052,16988,6076,-1747,1629,4188,NO
2623,2058,1703,1616,1535,6340,16984,6396,88,123,1499,NO
2672,2032,1750,1712,1535,6740,16828,6280,2075,-1966,-1853,NO
2689,2032,1727,1399,1508,6196,16684,6276,3657,-3085,-4815,NO
2683,2046,1700,2000,1584,5024,16336,6004,4992,-4299,-7521,NO
2640,2064,1681,1562,1733,3604,15932,5088,5972,-5015,-9845,NO
2694,2042,1702,1627,1597,1740,15164,3656,6871,-5122,-11366,NO
2727,2047,1794,1596,1675,-412,15096,2664,7294,-5387,-11541,NO
2723,2019,1798,1526,1671,-2204,15060,1956,6884,-5910,-10932,NO
2701,1985,1747,1442,1709,-3408,15112,1228,6254,-6363,-9964,NO
2713,2007,1798,1535,1680,-3944,15360,888,5760,-5441,-8850,NO
2718,2286,1715,1600,1521,-4892,15580,388,4901,-3921,-7772,NO
2608,2017,1728,991,1359,-5496,15584,-224,4012,-2583,-5673,NO
2723,2032,1753,1516,1693,-5764,15960,-668,2964,-1470,-3300,NO
2689,2031,1731,1555,1641,-5948,16092,-1252,1789,-103,-1702,NO
2746,2129,1718,1535,1135,-6300,16040,-1720,419,1449,241,NO
2704,2007,1725,1626,1616,-6104,16384,-1600,-1625,2470,3422,NO
2731,2107,1712,1673,1641,-4940,16140,-1060,-3526,3509,5959,NO
2769,2047,1648,1631,1446,-3876,16212,-480,-4651,5432,8163,NO
2710,2075,1622,1633,1575,-3616,16512,152,-6246,6028,10435,NO
2771,2258,1725,1562,1509,-2044,15880,1220,-7283,5901,12103,NO
2722,2060,1691,1655,1581,-540,15700,2368,-7672,5833,13076,NO
2800,2000,1746,1655,1584,772,15424,3200,-7437,5694,12735,NO
2723,2042,1685,1621,1617,2132,15564,4044,-6803,5516,11838,NO
2722,2082,1733,1614,2096,2868,16072,4684,-6171,4362,10752,NO
2643,2000,1709,1670,1515,4040,15852,5408,-4984,3768,8620,NO
2707,2079,1679,1808,1571,4524,15956,5524,-3533,5131,6463,NO
2693,2000,1697,1584,1650,3920,16180,5404,-2513,3915,5120,NO
2559,1887,1695,1415,1712,4888,16120,5452,-1768,1519,3554,NO
2559,1953,1712,1472,1626,5032,16136,6028,-199,542,1601,NO
2486,1955,1754,1461,1583,4916,16132,5956,1248,-905,-240,NO
2494,1968,1677,1535,1534,5248,16180,5796,2518,-2100,-2148,NO
2514,1974,1790,1646,1582,4780,16184,5484,3907,-2670,-4457,NO
2530,2014,1747,1568,1623,4040,15680,4824,5370,-3389,-6693,NO
2493,2054,1649,1659,1520,3280,15724,4516,6377,-2920,-8666,NO
2526,1984,1707,1515,1634,1680,15424,3724,6782,-3267,-9244,NO
2548,2027,1559,1792,1568,928,15372,3052,7085,-4220,-9632,NO
2551,1994,1780,1600,1629,320,15308,2336,7350,-4223,-10113,NO
2555,1961,1721,1525,1601,-420,15292,1864,7032,-3569,-10361,NO
2691,2021,1763,1535,1683,-1668,15340,1316,6526,-3198,-10108,NO
2640,2065,1692,1664,1581,-2596,15368,804,5928,-3939,-8759,NO
2667,2041,2064,1609,1559,-2404,15908,664,4828,-3842,-7664,NO
2707,2017,1701,1620,1535,-2568,15928,192,3958,-2484,-6748,NO
2704,2027,1677,1658,1579,-3636,16396,116,2834,-2153,-5520,NO
2708,2023,1653,1717,1509,-3284,16688,-216,2031,-2099,-4015,NO
2685,2041,1745,1519,1668,-3836,17276,-128,1503,-1158,-2669,NO
2711,2059,1712,1591,1622,-3948,17404,-268,699,-816,-812,NO
2677,2033,1826,1816,1616,-4256,17680,-144,-16,-516,864,NO
2725,2039,1777,1626,1664,-3860,17552,-136,-906,29,2621,NO
2688,1998,1776,1515,1366,-3628,17532,160,-1436,835,3924,NO
2665,2019,1866,1569,1705,-3640,17132,228,-1712,1119,5164,NO
2682,2029,1719,1577,1202,-3240,16948,568,-2223,1301,6115,NO
2683,2112,1714,1563,1626,-2856,16224,936,-3048,1703,7443,NO
2649,2062,1715,1568,1705,-2048,15776,1200,-3520,2065,8625,NO
2650,2025,1475,1394,1581,-1212,15464,1184,-3897,2916,8976,NO
2690,2011,2082,1535,1680,-904,15020,1120,-4217,2942,8821,NO
2734,2032,1765,1581,1391,-308,14936,1436,-4783,3114,8449,NO
2709,2033,1712,1616,1655,40,14460,1696,-5439,4042,8137,NO
2778,1947,1734,1655,1666,480,14360,2172,-5843,4297,8382,NO
2719,2057,1686,1648,1744,1344,14920,3300,-6179,3004,8656,NO
2708,1989,1835,1530,1636,2644,15592,3824,-5606,3103,7596,NO
2659,2093,1700,1613,1888,3280,15832,4168,-4455,3487,5629,NO
2679,2027,1687,1631,1602,3604,16500,4660,-3576,3085,5004,NO
2685,2067,1805,1654,1658,4440,17200,5104,-2695,1806,4507,NO
2647,2045,2057,1623,1643,5432,17432,5488,-1085,1060,3032,NO
2626,1827,1768,1696,1584,5744,17896,5800,727,213,967,NO
2704,2058,1687,1574,1621,5972,17900,5856,2055,-584,-1007,NO
2895,2030,1730,1727,1585,5228,17620,5804,3561,-1715,-2839,NO
2691,2006,1696,1535,1535,4884,17204,5680,5330,-2305,-4779,NO
2722,1891,1890,1629,1648,4156,17020,5144,6970,-1907,-6786,NO
2681,2152,1731,1535,1591,3384,16920,5132,7917,-2297,-8391,NO
2672,2022,1699,1588,1591,3212,16172,5032,8886,-1702,-10571,NO
2698,2017,1468,1566,1616,1804,14860,3912,9866,-2388,-12435,NO
2720,2032,1761,1535,1687,1024,14052,3180,10756,-4913,-13938,NO
2559,1999,1712,1625,1391,212,13944,2164,12019,-5876,-15587,NO
2706,2073,1615,1625,1392,-1748,14124,832,12620,-6175,-16448,NO
2703,2023,1643,1399,1483,-3444,14548,-336,12040,-7212,-15187,NO
2667,2038,1693,1599,1487,-4772,15344,-868,10515,-7829,-13189,NO
2697,2003,1535,1527,1348,-6508,14924,-1692,9941,-6865,-11548,NO
2630,2092,1615,1477,1400,-8296,15424,-1612,9014,-6482,-8839,NO
2640,2000,1666,1399,1278,-9208,16004,-1256,7345,-5852,-5910,NO
2651,1936,1553,1429,1349,-9540,15464,-1980,6113,-3714,-2374,NO
2626,1970,1580,1379,1362,-9852,15272,-3448,5553,-2130,1551,NO
2688,2000,1555,1447,1348,-8844,15256,-4364,4729,-1286,5502,NO
2669,1994,1689,1392,1440,-7464,15092,-4892,2731,-516,8558,NO
2709,1902,1657,1752,1478,-5788,14352,-5612,697,1920,10230,NO
2704,2003,1662,1458,1434,-4356,14884,-5576,-1924,4829,11666,NO
2694,2033,1535,1478,1403,-2636,14788,-4792,-4657,5947,13635,NO
2720,1968,1518,1453,1291,-1200,14980,-3744,-6254,5396,14427,NO
2686,2005,1531,1455,1389,840,14936,-3356,-6235,6407,12669,NO
2730,2055,1602,1557,1331,1992,15324,-2476,-6591,7776,10818,NO
2674,1965,1567,1453,1362,2920,15864,-1280,-7612,5642,11480,NO
2727,1984,1605,1354,1434,5052,16872,856,-7743,2760,11503,NO
2702,2037,1535,1490,1345,6244,16948,2012,-5445,1937,8174,NO
2658,1997,1535,946,1303,6912,18576,3752,-2873,179,4042,NO
2601,1983,1638,1475,1424,7296,18648,5164,-41,-698,-366,NO
2690,1984,1699,1387,1392,6268,18056,4356,3352,-987,-4654,NO
2710,2058,1595,1491,1403,3444,17220,2872,6374,-1746,-7713,NO
2701,1959,1642,1461,1358,1544,16480,1412,8930,-3183,-9160,NO
2661,2030,1499,1524,1296,1200,16380,868,10283,-1601,-10884,NO
2519,1978,1470,1415,1311,-504,15620,-680,10558,1510,-11840,NO
2681,1952,1519,1456,1091,-2780,14720,-2308,10633,1546,-11582,NO
2675,1952,1623,1412,1337,-4492,14300,-3936,10709,1279,-10202,NO
2702,1930,1712,1281,1456,-5480,14284,-5332,9132,525,-7903,NO
2683,2098,1616,1361,1888,-6360,14668,-6192,6234,-1125,-3272,NO
2647,2003,1582,1498,1435,-5928,14564,-6948,3491,-2156,419,NO
2695,1855,1658,1447,1460,-5052,14292,-7036,1197,-903,2417,NO
2673,1936,1665,1378,1456,-5236,14392,-7064,-1434,-57,4629,NO
2672,1898,1635,1291,1437,-4780,14312,-6844,-4004,-905,8358,NO
2669,1875,1984,1339,1435,-2524,15312,-5180,-6258,-1152,11368,NO
2784,1939,1652,1361,783,-1060,15836,-4132,-7848,802,11746,NO
2559,1975,1613,817,1292,320,16144,-3336,-8494,3189,10528,NO
2672,1955,1584,1904,1360,776,16372,-2376,-8518,4516,10237,NO
2651,1927,1598,1392,1430,1244,16408,-1520,-8190,3214,10217,NO
2677,1951,1646,1445,1296,3384,16716,-488,-7328,3152,9356,NO
2654,2128,1565,1473,1245,4360,17548,476,-5783,3614,7066,NO
2672,2000,1601,1389,1289,4860,17316,220,-4323,3354,4627,NO
2661,2022,1680,1520,1488,5372,16748,364,-2508,2014,2553,NO
2607,2083,1441,1600,1403,5528,17360,912,-564,1121,667,NO
2654,2063,1675,1593,1526,4844,17440,768,1294,-68,-2005,NO
2631,2064,1535,1535,1331,4400,17024,772,2385,-231,-4314,NO
2624,2000,1621,1456,1410,3632,16660,992,3189,964,-6873,NO
2551,1994,1527,1371,1253,1748,16088,20,3854,811,-7854,NO
2505,1926,1488,1387,1279,-400,16020,-1296,4056,-2134,-7119,NO
2493,1932,1563,1459,1211,168,16040,-1212,3798,-2530,-5933,NO
2527,1871,1530,1296,1376,-364,16052,-1528,3437,-491,-4715,NO
2515,1936,1904,1632,1302,-1464,16148,-2124,2987,557,-4819,NO
2526,1935,1455,1464,1291,-2704,16308,-3260,2010,-723,-3339,NO
2494,1913,1629,1401,1268,-2204,15836,-3744,741,-513,-1874,NO
2518,1963,1596,1498,1147,-2652,16468,-4120,-360,674,-612,NO
2557,1903,1649,1308,1391,-3032,16528,-4216,-2438,2154,1317,NO
2522,2066,1577,1472,1331,-3480,16412,-3972,-4737,2908,3562,NO
2549,1937,1569,1401,1507,-2404,15768,-3592,-6097,3482,4934,NO
2531,1947,1683,1466,1888,-1224,15740,-2588,-6194,4954,5991,NO
2535,1961,1655,1422,1600,-196,16280,-972,-6687,4301,7073,NO
2559,2015,1661,1487,1456,1672,16524,684,-6921,3809,7689,NO
2592,2010,1564,1776,1591,2884,16384,1408,-5801,3366,7828,NO
2546,2045,1711,1637,1613,4168,16980,2764,-4035,1478,6933,NO
2496,2000,1713,1505,1626,6332,17208,4192,-2646,388,5247,NO
2505,2112,1661,1387,1674,6796,17520,4788,-812,-919,2678,NO
2359,1969,1651,1498,1562,6864,16968,4644,1797,-2418,-527,NO
2515,1986,1619,1534,1535,5740,16656,3792,4356,-3815,-3538,NO
2512,1998,1535,1527,1808,4072,16428,2500,5810,-5605,-5530,NO
2323,1617,1386,1123,1207,-3848,16568,-2060,6197,6269,-2302,KNOW
2317,1648,1276,791,1325,-4048,16176,-2972,5419,7544,-2138,KNOW
2320,1685,1351,1253,1263,-4940,16152,-3756,4987,7569,-2091,KNOW
2303,1689,1341,1322,1333,-5636,16236,-3908,5043,5505,-2564,KNOW
2319,1564,1408,1138,1386,-4104,16624,-2956,3221,3666,-1731,KNOW
2315,1719,1199,1361,1264,-4348,16564,-2928,910,4983,-1091,KNOW
2320,1665,1291,1189,1294,-5384,16244,-3412,-271,5807,-911,KNOW
2300,1655,1151,1255,1211,-6968,16204,-4036,-803,3039,-75,KNOW
2310,1723,1263,1252,679,-6664,16172,-3572,-1128,-813,528,KNOW
2311,1773,1290,1342,1264,-5332,16520,-2584,-1606,-2099,1243,KNOW
2323,1647,1310,1119,1247,-4900,16900,-2040,-2776,-1326,1756,KNOW
2300,1671,1535,919,1336,-4812,16292,-1784,-3501,-1259,1662,KNOW
2327,1681,1299,1258,1243,-3992,15780,-1632,-2946,-2107,1665,KNOW
2330,1815,1451,1452,1331,-2792,15496,-1212,-1141,-2596,1219,KNOW
2380,1741,1481,1256,1392,-1544,15784,-128,19,-1279,494,KNOW
2425,1891,1285,1488,991,-1456,15644,-180,273,16,-281,KNOW
2326,1805,1412,1295,1361,-1564,15744,-600,766,-68,-1386,KNOW
2380,1776,1331,1358,1320,-1544,15552,-1336,1825,369,-2348,KNOW
2373,1585,1435,1315,1520,-1660,15904,-1568,2701,1672,-2932,KNOW
2387,1808,1332,1335,1360,-2756,16032,-2928,2916,4446,-2950,KNOW
2389,1793,1429,1271,1363,-5980,16120,-4948,2870,4916,-2329,KNOW
2403,1921,1023,1456,1420,-7724,17024,-5740,1643,2035,-1412,KNOW
2375,1854,1507,1506,1175,-7012,17524,-5720,-1273,99,-92,KNOW
2457,1918,1488,1488,1474,-6860,17336,-5356,-4906,-54,1486,KNOW
2433,1892,1591,1329,1514,-6988,17644,-3972,-8863,-586,2695,KNOW
2474,1904,1587,1476,1435,-6796,17232,-2612,-12793,-3280,2591,KNOW
2468,2074,1559,1481,1396,-5416,15692,-160,-14963,-6652,1821,KNOW
2473,2114,1522,1439,1408,8860,8084,12256,-821,-877,-3734,KNOW
2457,1883,1531,1444,1519,-3752,16476,7616,5114,-1571,1814,KNOW
2453,1838,1371,1335,1457,-3276,16100,1308,364,-689,-787,KNOW
2471,1871,1503,1344,1443,-2704,13700,-2152,3524,1444,-2331,KNOW
2480,1874,1593,1465,1441,-3908,15440,-1764,7416,2966,-1748,KNOW
2447,1899,1514,1405,1488,-4900,16420,-3244,8299,4049,-1456,KNOW
2446,1808,1553,1075,1626,-5932,17732,-3932,7371,5170,-335,KNOW
2471,1857,1504,1471,1353,-7560,17728,-4852,4535,3543,365,KNOW
2402,1881,1770,1445,1367,-7348,17304,-5396,1472,644,829,KNOW
2437,1858,1740,1406,1435,-6364,17356,-4488,-1423,-204,1876,KNOW
2435,1838,1475,1452,1376,-6980,16936,-4232,-4126,-1752,2292,KNOW
2429,1839,1408,1439,1413,-6344,16648,-3348,-7333,-5197,2987,KNOW
2359,1750,1377,1360,1447,-4196,16348,-452,-10806,-8477,2746,KNOW
2363,1696,1456,1447,1330,440,11152,4112,-9314,-5716,941,KNOW
2358,1847,1392,1360,1504,916,12148,6416,2135,2693,1192,KNOW
2331,1673,1307,1311,1472,-5036,16320,1972,3417,-2035,1024,KNOW
2303,1730,1326,1380,1295,-1436,14844,576,4526,-3194,-1616,KNOW
2305,1669,1322,1233,1392,-936,15416,116,7653,-200,-2318,KNOW
2352,1666,1344,1099,1394,-1736,15428,-1912,9850,4132,-2293,KNOW
2316,1698,1287,1297,1215,-4440,16592,-4040,9811,7962,-1623,KNOW
2318,1684,1215,1309,1347,-7908,17220,-6020,6839,6895,-404,KNOW
2320,1653,1334,1265,1277,-8172,17512,-7384,2406,1767,460,KNOW
2340,1681,1333,1323,1249,-5560,16784,-6720,-757,-1009,924,KNOW
2426,1467,1440,1120,1456,-6044,16976,-5544,-3831,-1730,1588,KNOW
2349,1687,1355,1281,1313,-6324,17124,-3904,-8446,-4360,2824,KNOW
2371,1695,1404,1364,753,-5348,17040,-1860,-13797,-5846,3693,KNOW
2335,1686,1352,1211,1189,-3732,16608,304,-17706,-4196,3676,KNOW
2304,1686,1288,1302,1328,-1068,10736,2000,-13359,-539,545,KNOW
2275,1670,1328,1137,1327,-2200,10044,6780,1952,2010,2744,KNOW
2313,1650,1301,1584,1184,-3864,15772,3600,4979,-4460,878,KNOW
2275,1617,1217,791,1076,-332,14944,1072,5854,-3875,-1791,KNOW
2242,1587,1277,1152,1149,-1204,15068,636,10680,3154,-2142,KNOW
2291,1535,1172,1081,1087,-3900,16356,-1208,11889,5197,-1519,KNOW
2254,1619,1231,1129,863,-4828,16448,-3048,9847,5441,-330,KNOW
2257,1731,1239,1242,1086,-7356,18404,-4136,5935,2716,392,KNOW
2244,1571,1299,1090,1146,-6152,17944,-4512,1543,1937,1100,KNOW
2267,1532,1310,1042,1072,-6280,18168,-4844,-2801,-266,1905,KNOW
2270,1475,1152,1190,1056,-5884,19052,-4168,-8095,-3389,2712,KNOW
2250,1581,1269,941,1211,-5684,18988,-3072,-14522,-6472,1949,KNOW
2281,1637,1319,1163,1245,-3956,17308,-1880,-19412,-8158,1165,KNOW
2320,1697,1920,1296,1246,1988,9116,2636,-14274,-204,-763,KNOW
2301,1649,1296,1151,1238,-2076,9592,4672,1763,3145,2509,KNOW
2285,1627,1291,1158,1200,-4576,16084,2808,5120,-4115,279,KNOW
2269,1647,1328,1490,1341,460,14920,2944,5727,-3623,-2688,KNOW
2331,1674,1264,1232,1259,400,14836,2720,9690,3831,-1856,KNOW
2325,1701,1357,1269,1323,-2508,15536,528,11874,7205,-331,KNOW
2321,1665,1323,1205,1289,-5580,16764,-2408,12506,6116,-253,KNOW
2352,1679,1289,1309,1058,-6852,17704,-4040,9670,2127,793,KNOW
2215,1685,1216,1223,1100,-6252,17984,-5184,5269,553,845,KNOW
2270,1591,849,1131,1133,-6828,18504,-5852,325,-994,1870,KNOW
2245,1535,1264,1152,1072,-6836,18684,-5524,-6330,-4634,2601,KNOW
2259,1594,1232,1104,927,-5452,18820,-4028,-12466,-8538,2619,KNOW
2269,1595,1258,855,1117,-3624,18184,-2040,-18041,-8861,1493,KNOW
2278,1704,1295,1265,1252,-1864,15472,-768,-20468,-7293,1029,KNOW
2281,1618,959,1266,1264,6508,9056,8440,-6488,4606,-2473,KNOW
2279,1595,1245,1180,1200,-2060,13380,7864,6086,-976,882,KNOW
2294,1662,1215,1286,1205,-308,15980,3552,7996,-2903,-970,KNOW
2303,1649,1364,959,1359,532,14864,1388,9373,2120,-1994,KNOW
2309,1633,1227,1196,1203,-2320,15900,1040,11099,6135,-116,KNOW
2317,1651,1329,1246,1305,-5156,15976,-2032,10432,5804,-926,KNOW
2284,1618,1265,1282,1264,-6260,16480,-3752,10255,3349,-518,KNOW
2288,1667,1329,1223,1295,-6396,17216,-4040,8828,197,-482,KNOW
2333,1623,1254,1163,1223,-4628,17832,-3768,4208,-1757,495,KNOW
2318,1684,1728,1274,1247,-3904,17752,-4484,-492,-610,730,KNOW
2299,1646,1337,1314,1737,-4620,18104,-4512,-4271,-859,1065,KNOW
2304,1616,1343,1314,1295,-5232,18388,-3712,-8878,-4367,1150,KNOW
2272,1709,1341,1363,1296,-3632,18320,-1832,-13739,-6543,1271,KNOW
2327,1616,1405,1258,1319,-2112,17972,88,-17777,-3840,1983,KNOW
2322,1687,1111,1252,1230,-2532,15672,656,-18090,-295,1771,KNOW
2355,1478,1347,1292,1124,-1280,11712,2808,-11442,-159,689,KNOW
2299,1623,1340,1235,1319,-1624,12552,6056,803,1127,1668,KNOW
2325,1673,1352,1230,1425,-2056,15996,6576,3920,-1575,1107,KNOW
2310,1686,1339,1259,1265,52,15204,5300,3915,-896,-561,KNOW
2313,1665,1345,1250,1235,380,14648,4408,7123,1969,-1392,KNOW
2304,1676,1360,1325,1311,-1096,14872,2928,10402,3647,-1214,KNOW
2315,1637,1357,1313,1407,-2672,15312,1020,13298,4294,-2142,KNOW
2321,1630,1424,1239,1317,-3900,16380,124,12970,2754,-2487,KNOW
2271,1738,1284,1434,1274,-3144,16808,-1004,9922,2356,-2545,KNOW
2288,1614,1264,1016,1648,-3244,15928,-2780,7913,4160,-3156,KNOW
2297,1631,1201,911,882,-4788,16376,-3684,7275,5172,-3028,KNOW
2262,1623,1201,1518,1085,-6432,17508,-4564,5041,3473,-2396,KNOW
2294,1637,1203,1175,1091,-6244,18144,-4344,2398,1174,-1869,KNOW
2277,1569,1232,1143,1146,-6032,18516,-4192,-485,490,-793,KNOW
2285,1598,1411,1298,1213,-6064,18504,-4452,-1784,94,-216,KNOW
2302,1713,1334,1217,1299,-5560,18508,-4360,-1951,382,40,KNOW
2350,1725,1338,1264,1319,-5748,18748,-3752,-2101,102,712,KNOW
2304,1730,1091,1409,1295,-5804,18992,-2536,-4067,339,1728,KNOW
2321,1599,1415,1232,1075,-5952,18036,-3120,-5764,-950,2421,KNOW
2347,1648,1341,1249,1255,-5456,18012,-2872,-6762,-1947,2604,KNOW
2313,1599,1332,1071,1395,-5032,17000,-2472,-7774,-3052,2789,KNOW
2294,1689,1366,1215,1322,-4288,16692,-1224,-8495,-3709,2866,KNOW
2307,1666,1377,1241,1344,-3916,16476,-644,-9166,-3774,3293,KNOW
2333,1527,1377,1303,1258,-2804,15500,84,-9065,-3008,3204,KNOW
2310,1662,1405,1229,1360,-2656,14708,664,-7951,-2037,3351,KNOW
2315,1681,1904,1568,1316,-2664,14676,1584,-6425,-2271,3290,KNOW
2295,1729,1343,1342,1325,-2144,14248,2376,-5695,-2569,3291,KNOW
2301,1566,1311,1104,1340,-1196,13964,3104,-4596,-1754,3270,KNOW
2330,1630,1105,1234,969,-832,13452,3084,-2748,-397,2871,KNOW
2253,1657,1200,1205,1067,-940,13164,2552,-354,173,2559,KNOW
2278,1680,1244,1083,1134,-1724,13244,2020,2870,-161,2122,KNOW
2249,1584,1231,1069,1078,-2220,14328,1684,4270,129,2708,KNOW
2279,1590,1290,1146,1473,-2448,15292,1144,2366,499,3439,KNOW
2290,1693,1421,1263,1256,-3164,15632,268,-697,188,3476,KNOW
2305,1680,1279,846,1235,-3152,15264,328,-4034,-2746,4040,KNOW
2311,1663,1477,1067,1294,-2172,15540,1452,-9076,-5562,5868,KNOW
2278,1619,1255,1269,1248,632,15284,3424,-14004,-5997,5242,KNOW
2267,1649,1302,1283,1344,1356,13360,5684,-14858,-2755,3558,KNOW
2311,1614,1296,1233,1239,4988,6952,8992,-3531,-4796,-1709,KNOW
2277,1614,1220,1173,1204,168,12500,8756,6428,-2168,-68,KNOW
2276,1605,1091,1231,1329,1412,14628,6116,6426,-1924,-1894,KNOW
2271,1574,1275,1173,1171,2420,15684,5076,7988,3421,-2656,KNOW
2279,1588,1327,1355,1308,-1684,16344,2048,10407,4416,-2242,KNOW
2254,1597,1280,1535,1291,-4364,17860,124,11170,2340,-938,KNOW
2288,1590,1295,1278,1230,-5576,18488,-1508,9203,-1347,226,KNOW
2255,1610,1246,1232,1296,-3024,19264,-992,4787,-2410,2253,KNOW
2253,1584,1304,1116,1317,-3584,19188,-1172,-341,-441,2749,KNOW
2251,1561,1177,1183,1106,-4172,18164,-1016,-4780,-3155,3097,KNOW
2155,1562,1165,935,1070,-2776,17636,-44,-8480,-7664,3967,KNOW
2182,1392,1171,1057,927,-1940,17028,1820,-11261,-11915,3597,KNOW
2160,1482,1182,1062,1072,1344,14932,4860,-11867,-14432,2591,KNOW
2166,1478,1141,1137,1139,8548,10820,11444,-2292,-11052,-1610,KNOW
2179,1505,1170,1126,1219,2532,15128,10900,4687,-5476,1087,KNOW
2150,1477,1147,1056,1091,-1344,15220,6340,2131,-4143,109,KNOW
2182,1508,1267,1121,1063,-2348,13944,4228,3299,-2782,-314,KNOW
2205,1519,1241,1013,1010,-3352,14904,3628,6871,-2081,1045,KNOW
2211,1527,1102,1157,1018,-2964,15752,2608,8993,-2389,2203,KNOW
2163,1517,1183,1564,1135,-3060,16812,1472,8693,-3123,3518,KNOW
2173,1440,1289,998,1098,-3344,16840,-412,7154,-7232,3134,KNOW
2192,1523,1155,1124,1072,-244,16996,-604,6117,-9814,3223,KNOW
2174,1584,1168,1023,1041,520,17928,-644,4126,-8935,3784,KNOW
2160,1469,1213,1021,1109,-1320,17832,-2712,1163,-11070,3140,KNOW
2160,1494,1266,1115,1088,-556,17548,-3332,-1101,-17511,2977,KNOW
2187,1482,1203,1050,1055,696,17488,-3292,-3107,-23438,3017,KNOW
2174,1504,1193,1146,915,3560,17356,-1576,-6405,-23989,2943,KNOW
2197,1535,1258,1059,1169,5072,17252,236,-10005,-20005,2331,KNOW
2267,1553,1174,1103,999,7296,13176,2844,-9669,-14258,788,KNOW
2143,1579,1247,1195,1094,7900,12588,6384,-1114,-5235,285,KNOW
2202,1502,1251,1047,1295,3964,15516,4704,2938,-6748,-51,KNOW
2233,1527,1215,1042,851,5704,16244,2848,3647,-9492,-1045,KNOW
2170,1471,1171,1122,1077,6648,15104,2628,6790,-4407,-2186,KNOW
2174,1481,1263,991,1124,4892,16164,1592,9829,1432,-1076,KNOW
2175,1525,1344,1245,1074,1816,16420,-1500,10559,1899,-1251,KNOW
2192,1433,1287,944,1213,-252,16756,-4244,10472,-3560,433,KNOW
2206,1435,1233,1344,1001,16,18540,-4900,6668,-8892,2663,KNOW
2189,1487,1253,1136,1246,3424,19160,-4292,189,-9650,3703,KNOW
2209,1459,1236,1075,1191,4648,18596,-3212,-6165,-5485,3400,KNOW
2215,1567,1185,1191,1091,3656,17908,-3212,-12143,-5089,3037,KNOW
2258,1625,1303,1104,1086,6576,17108,-1708,-16055,-6326,1831,KNOW
2266,1621,1296,1161,1181,11696,13048,1656,-16140,-2378,-648,KNOW
2201,1535,1244,1147,1088,17596,10540,5600,-4371,12005,-4116,KNOW
2215,1565,1216,1134,1126,9536,14612,2592,1653,12937,-5493,KNOW
2161,1520,1232,1050,1023,8008,14764,-716,2309,10380,-8748,KNOW
2160,1375,1225,1178,1202,8080,16068,1508,-775,10033,-12202,KNOW
2149,1487,1185,1344,1122,6388,14560,1788,-2701,14520,-10929,KNOW
2141,1469,1157,1085,1157,6944,13920,1296,-1214,22744,-13975,KNOW
2100,1483,1182,1051,1088,3860,14004,-1080,2138,31635,-14626,KNOW
2119,1395,1197,1001,1110,-1436,16428,-732,974,32767,-13844,KNOW
2132,1488,1143,1089,989,-2632,16668,-1056,-3389,32767,-13212,KNOW
2154,1467,1174,1059,1011,-3392,15416,-3880,-5590,32767,-11127,KNOW
2240,1563,1232,1165,1202,-5436,15000,-6808,-3731,32767,-7856,KNOW
2320,1581,1326,1215,1355,-9036,18368,-6400,-3774,32767,-5462,KNOW
2320,1677,1355,1349,1552,-11692,19424,-6256,-8574,32767,-2605,KNOW
2321,1682,1355,1296,1353,-14828,18760,-6772,-12295,32767,-454,KNOW
2334,1776,1357,935,1337,-13064,18260,-5244,-13077,26065,1039,KNOW
2255,1535,1287,1163,983,-12560,18444,-3848,-12539,18926,1251,KNOW
2231,1490,1252,980,1160,-10004,17592,-1848,-12470,13546,1572,KNOW
2249,1604,1173,1126,1040,-8560,17048,-44,-13183,12179,2029,KNOW
2366,1694,1260,1232,1166,-8920,15300,580,-15517,10157,1952,KNOW
2408,1719,1226,1095,1123,-8868,14868,1644,-18365,7626,2117,KNOW
2510,1840,1469,1240,1198,-7900,14024,3620,-21718,3481,876,KNOW
2594,1927,1574,1339,1331,-4092,13640,6616,-26451,2346,-637,KNOW
2559,2005,1649,1245,1360,-1052,10236,7316,-28657,5515,-458,KNOW
2665,2090,1762,1515,1472,5216,3980,11728,-13805,13910,-3642,KNOW
2672,2080,1776,1603,1372,-4176,8328,11508,1025,12025,3527,KNOW
2484,1789,1459,1187,1253,-3004,13196,10272,2472,7824,2012,KNOW
2411,1618,1403,1110,1384,84,14168,8252,1087,11500,1010,KNOW
2384,1618,1259,1169,1104,-640,13628,6148,4991,16503,1280,KNOW
2368,1632,1296,907,1142,-4432,14548,3996,8400,15094,1797,KNOW
2357,1620,1401,1088,1154,-7480,15056,-1096,10937,13484,143,KNOW
2397,1683,1310,1185,1115,-11348,16440,-3916,9316,8664,1186,KNOW
2402,1712,1313,1233,1189,-9660,18536,-2456,167,7581,2543,KNOW
2447,1648,1339,1328,1170,-11748,17268,-4188,-9562,10008,3321,KNOW
2447,1753,1431,1218,1251,-13688,15852,-2880,-15798,6760,3692,KNOW
2487,1779,1397,1233,1266,-12720,14708,972,-20760,-158,3991,KNOW
2478,1824,1435,1330,1265,-9180,12532,5592,-24446,-2170,3071,KNOW
2448,1696,1424,1163,1254,3424,3804,19444,-12333,7754,-633,KNOW
2559,1889,1465,1584,1225,-9716,5984,13700,3381,4082,5908,KNOW
2492,1808,1535,1231,1179,-5000,12444,11348,4613,-2237,4168,KNOW
2410,1721,1383,1243,1222,-3132,14192,7908,3036,3887,2079,KNOW
2414,1651,1363,1237,1265,-5208,13608,3868,5069,9059,3273,KNOW
2379,1659,1301,1250,1104,-8540,15052,1444,10010,9159,2083,KNOW
2354,1513,1362,1079,1150,-10464,17016,76,11880,3804,1026,KNOW
2374,1739,1161,1217,1128,-9520,18120,212,8401,-964,-979,KNOW
2382,1671,1333,1162,1267,-7320,17736,812,810,442,-73,KNOW
2401,1600,1308,1234,1111,-9568,16572,-588,-5987,2804,213,KNOW
2434,1683,1283,1186,1150,-10872,15500,432,-11285,-112,86,KNOW
2422,1689,1450,1097,1360,-8084,14028,3988,-15826,-1414,442,KNOW
2480,1759,1433,1232,1193,-4456,7792,10916,-16647,1624,-559,KNOW
2759,2238,1943,1754,1265,-5364,5932,10988,-4437,3551,-1873,KNOW
2766,2255,1926,1783,1531,-5972,9240,11536,5411,-2849,-24,KNOW
2697,2215,1919,1812,1583,-4204,11204,9800,7555,-2107,-1325,KNOW
2559,1958,1415,1483,1327,-5260,10604,7548,8476,-628,-2154,KNOW
2509,1825,1493,1273,1287,-5696,10956,5872,12424,1090,-1595,KNOW
2517,1938,1494,1373,1270,-7280,11576,3012,15935,1340,-610,KNOW
2461,1776,1459,1236,1233,-9616,13276,1796,16293,-955,-472,KNOW
2431,1681,1409,1199,1133,-8668,14076,1528,13429,-3056,208,KNOW
2335,1732,1341,1375,1041,-8628,13280,564,10825,-947,1035,KNOW
2369,1647,1319,1088,1621,-11016,11556,-816,11081,-1279,2653,KNOW
2372,1649,1328,1172,1092,-11352,12792,256,11452,-5441,3856,KNOW
2383,1649,1325,1015,1109,-10456,13744,56,11862,-8556,3907,KNOW
2430,1646,1271,1197,1162,-11880,12388,-2428,13445,-13891,4304,KNOW
2355,1601,1219,1264,979,-11224,12548,-4008,17617,-20219,4584,KNOW
2405,1714,1334,1359,1393,-10428,16216,-3720,18411,-21450,7121,KNOW
2409,1680,1424,1286,1296,-9920,18840,-3836,15230,-24883,7479,KNOW
2447,1702,1377,1419,1261,-9820,17656,-5792,12439,-27515,6744,KNOW
2394,1787,1632,1414,1455,-8324,19548,-5916,10843,-28795,7981,KNOW
2411,1765,1482,1268,1535,-8500,20444,-7772,9754,-30791,10174,KNOW
2599,2022,1616,1472,1427,-8948,18956,-10892,9779,-32768,11549,KNOW
2430,1769,1456,1291,1438,-8888,19692,-11416,6545,-32768,13612,KNOW
2434,1728,1433,1361,1453,-4800,19060,-11108,-957,-32768,15783,KNOW
2446,1680,1424,1327,1136,5096,17056,-5296,-7389,-32768,14719,KNOW
2375,1744,1409,1300,1207,8368,15092,-1844,-12329,-32768,10758,KNOW
2122,1465,1223,1153,1190,9784,12120,3972,-13102,-30010,7464,KNOW
2160,1535,1215,1082,1200,23904,9696,11676,-4871,-15133,-766,KNOW
2191,1569,1253,1104,1199,6628,16640,5028,-2060,-18231,-3603,KNOW
2394,1779,1374,1333,1094,2716,16092,1416,132,-23945,-6141,KNOW
2412,1841,1364,1287,1247,3336,14296,3332,2798,-18124,-7945,KNOW
2427,1857,1435,791,1226,-496,15588,2732,3818,-8395,-6430,KNOW
2400,1673,1303,1168,1224,-6964,14628,-1984,5732,-2284,-3191,KNOW
2162,1513,1205,1105,1094,-13808,16712,-5768,6148,-14487,1278,KNOW
2153,1497,1199,1145,1078,-5448,16628,-4120,4316,-23347,3232,KNOW
2194,1638,1168,1217,1196,2720,16512,-1712,1283,-17748,4739,KNOW
2160,1511,1161,895,999,960,17200,-3292,-2300,-10723,4819,KNOW
2157,1488,1174,1062,966,-3140,17004,-5968,-4658,-20389,5192,KNOW
2157,1497,1107,1113,1020,1824,16324,-2920,-6187,-28941,5025,KNOW
2129,1458,1163,999,1136,6980,16108,1296,-8147,-25697,3673,KNOW
2117,1386,1171,931,911,9544,13568,3592,-6549,-16182,1576,KNOW
2091,1418,1121,1008,1008,9080,13744,7564,288,-6443,1153,KNOW
2118,1329,1149,954,967,2008,14840,5164,4112,-10629,984,KNOW
2112,1415,1138,959,995,2008,14308,2756,8846,-17355,1195,KNOW
2113,1343,1161,979,983,6132,16668,3456,14084,-11840,1689,KNOW
2282,1573,1306,1152,1104,5772,17768,184,14059,-1104,2530,KNOW
2190,1524,1199,1037,1033,-404,17704,-6216,13090,543,4265,KNOW
2102,1425,1137,976,1091,-6232,17624,-11464,9802,-19890,9166,KNOW
2268,1591,1341,1079,976,6552,20676,-6604,1463,-23871,10283,KNOW
2291,1650,1238,1380,1114,10896,20480,-3092,-7590,-6991,6654,KNOW
2081,1411,1107,1107,999,6900,18692,-2996,-14236,2174,4070,KNOW
2111,1437,1161,1043,1011,8264,12388,1800,-15203,2971,1749,KNOW
2101,1425,1147,989,1145,12972,9564,8320,-2077,13494,755,KNOW
2101,1430,1136,1072,1036,4416,14756,3952,3313,13562,-714,KNOW
2083,1424,1091,1038,1105,2072,13764,-1540,5290,1580,-1143,KNOW
2122,1444,1100,1137,992,8632,14168,844,9146,289,-3479,KNOW
2095,1435,1085,1074,1092,7532,16324,588,10114,9475,-4369,KNOW
2105,1431,1139,1043,1095,7036,16396,-696,7519,19178,-7017,KNOW
2123,1407,1089,1072,946,1232,16420,-3628,4497,20105,-7531,KNOW
2082,1487,1149,1712,1022,1292,15664,-4128,2639,14761,-7043,KNOW
2083,1426,1166,996,1126,3392,17140,-1712,1477,15471,-7613,KNOW
2099,1433,1123,1023,944,2712,18780,-1004,-2950,18663,-7036,KNOW
2093,1437,1022,1021,1312,1956,18728,28,-8855,20683,-7557,KNOW
2113,1437,1108,1066,1055,1824,18996,1260,-14231,20908,-7091,KNOW
2225,1521,1199,1023,1063,3416,19524,2424,-19926,26375,-7819,KNOW
2426,1732,1376,1187,1122,5528,17380,648,-25267,32767,-7650,KNOW
2529,1882,1511,1319,1248,-1536,17516,-224,-29386,32767,-4983,KNOW
2581,1961,1566,1275,1187,-3140,15268,1088,-31598,32212,-2900,KNOW
2549,1920,1422,1297,1243,-620,14016,4140,-29884,27684,-1894,KNOW
2527,1851,1577,1296,1378,3776,8444,8696,-19977,31099,-321,KNOW
2635,1962,1494,1307,1593,-3444,10448,7552,-5382,32767,5596,KNOW
2558,1958,1581,1387,954,-7468,12968,6048,1286,21950,3773,KNOW
2501,1888,1463,1285,1286,-4668,13552,6652,5924,15595,-56,KNOW
2474,1787,1407,1211,1264,-2124,14696,6340,8940,15172,-1197,KNOW
2439,1774,1374,1232,1123,-2808,15816,4584,9469,17082,-130,KNOW
2474,1709,1422,1175,1268,-7320,17172,2580,7693,13405,-1601,KNOW
2544,1900,1509,1342,1119,-9664,17560,2184,3329,5437,-4988,KNOW
2770,2279,1987,1744,1615,-7892,17584,2184,-2773,-547,-5679,KNOW
2704,2183,1986,1647,1642,-5500,17464,2608,-7508,-1438,-4213,KNOW
2752,2203,1733,1750,1431,-2840,16704,4340,-12916,5529,-1783,KNOW
2682,2130,1981,1654,1403,-6940,15288,3924,-18012,9047,-168,KNOW
2594,1923,1618,1392,1360,-7812,10004,7524,-19783,5989,-814,KNOW
2559,1890,1535,1300,1237,-2276,5672,10436,-7880,8698,-186,KNOW
2466,1800,1403,1246,1161,-4548,9728,10336,2659,5536,4060,KNOW
2476,1747,1402,1255,1171,-3372,12592,9704,4108,6797,3223,KNOW
2426,1734,1315,1216,1320,-5096,12516,8268,2370,7554,1704,KNOW
2441,1744,1322,1186,1136,-5436,12360,6924,3439,7515,2851,KNOW
2386,1683,1329,1093,1185,-5068,13384,4848,7534,10804,4594,KNOW
2448,1716,1361,1168,1150,-9292,15280,3004,9693,11579,5700,KNOW
2401,1786,1273,1277,1220,-11336,16416,896,9092,7796,4915,KNOW
2411,1655,1311,1157,1136,-10056,17588,652,4874,4853,5276,KNOW
2423,1675,1312,1236,1145,-8920,17844,168,-1173,6921,5638,KNOW
2407,1727,1315,1191,1105,-10348,17608,-28,-7362,6024,5144,KNOW
2426,1703,1375,1195,1121,-10464,17056,1688,-12557,1801,3699,KNOW
2444,1712,1343,1157,976,-9520,14928,3728,-15636,-1607,2241,KNOW
2437,1761,1296,1280,1171,-5416,7336,10640,-13242,-134,1311,KNOW
2493,1814,1454,1379,1262,-3660,3500,13260,162,5615,3665,KNOW
2490,1802,1392,1238,1115,-7560,11480,10592,3258,-55,4121,KNOW
2420,1760,1310,1217,1168,-5340,13032,7416,2320,-102,1412,KNOW
2430,1643,1357,1125,1280,-4472,12428,5820,3799,1112,346,KNOW
2406,1664,1267,1131,1077,-4780,13580,5804,7108,3637,1153,KNOW
2394,1646,1285,1125,1022,-5900,15388,5024,8367,5623,1142,KNOW
2374,1639,1311,1122,1168,-7412,16148,3540,8159,4592,686,KNOW
2383,1650,1294,1158,1283,-8124,16776,2792,6439,2465,-316,KNOW
2383,1584,1330,1003,1249,-7084,17016,2072,3929,1966,-617,KNOW
2398,1612,1297,1306,1095,-7608,16300,676,3179,2332,-477,KNOW
2407,1693,1321,1210,1113,-8868,16488,420,1971,651,257,KNOW
2427,1737,1367,1174,1186,-10016,17784,524,-3444,-2616,835,KNOW
2453,1712,1445,1246,837,-8420,17440,1728,-11119,-4768,1004,KNOW
2463,1691,1338,1325,1072,-6140,15768,3696,-17424,-2434,-268,KNOW
2480,1799,1402,1269,1203,-6060,5908,7508,-16136,2091,269,KNOW
2557,1895,1561,1326,1248,-5840,3288,12288,-1435,4837,2225,KNOW
2539,1872,1535,1326,1205,-6616,9940,11260,3990,-3246,2126,KNOW
2467,1767,1385,1238,1175,-3736,11884,9024,3191,-4179,-713,KNOW
2401,1624,1358,1032,1205,-2728,11916,6456,3867,-648,-860,KNOW
2430,1670,1327,1155,1149,-3392,12212,5008,8803,4673,518,KNOW
2415,1696,1331,1159,1174,-7156,14344,3060,12529,5406,2250,KNOW
2395,1641,1309,1105,1274,-9920,15396,696,12097,1433,1998,KNOW
2374,1708,1303,1160,1035,-9356,15676,-200,10342,-2003,1844,KNOW
2377,1678,1231,1088,1047,-9264,15388,-1356,9648,-2989,3221,KNOW
2357,1616,1275,1151,1131,-9800,16312,-832,8937,-3870,3860,KNOW
2416,1651,1203,1131,1168,-12072,16048,-1900,8128,-11305,3812,KNOW
2429,1683,1312,1195,1105,-11032,15260,-2216,7885,-20943,4016,KNOW
2410,1680,1296,1199,1168,-8700,15288,-1688,9231,-26964,4964,KNOW
2447,1700,1291,1231,1194,-7656,17304,-456,6894,-29960,5456,KNOW
2448,1753,1386,1267,1185,-6188,18320,808,-434,-32768,5718,KNOW
2512,1861,1460,1302,958,-3324,17512,2108,-8799,-32768,6140,KNOW
2546,1856,1435,1334,1265,1148,12996,5960,-11902,-32768,2077,KNOW
2530,1917,1520,1354,1235,4764,8604,11860,-1133,-22542,-804,KNOW
2597,1904,1589,1257,1282,1888,12028,10672,5359,-22201,-635,KNOW
2535,1863,1307,1283,1198,2108,13624,6972,7267,-22527,-2329,KNOW
2434,1741,1344,1140,1126,4496,13728,5224,8659,-16635,-3009,KNOW
2396,1701,1317,1170,1232,3616,15976,5528,11419,-7091,-3013,KNOW
2478,1712,1335,1088,879,1072,16252,3580,12828,-389,-2953,KNOW
2379,1746,1312,1195,1125,-548,16536,2080,12083,689,-3019,KNOW
2405,1716,1329,1169,1141,-412,16920,344,11814,-885,-3567,KNOW
2416,1741,1333,1197,1209,-20,17332,-488,11172,-1334,-2824,KNOW
2398,1745,1301,1235,1168,-1396,18128,-676,8693,-1733,-2084,KNOW
2409,1639,1330,1143,1309,-3060,17744,-1584,6331,-3079,-2848,KNOW
2441,1697,1255,1071,1087,-3780,16952,-2716,5677,-5238,-1841,KNOW
2359,1639,1281,1277,1008,-3632,17340,-2560,5838,-6559,-165,KNOW
2197,1531,1211,1118,1116,-4256,16876,-2256,5339,-6950,2851,KNOW
2246,1582,1228,1125,1136,-6044,17196,-2240,4217,-8645,6013,KNOW
2316,1599,1322,1141,1271,-6344,15800,-3700,4924,-13564,7521,KNOW
2389,1696,1434,1210,1376,-7868,14112,-6284,9540,-26873,12330,KNOW
2377,1747,1416,1370,1311,-3568,15956,-5292,11767,-32768,18675,KNOW
2464,1960,1564,1523,1451,1256,18656,-3780,7179,-32768,22623,KNOW
2446,1965,1599,1456,1554,3812,14632,-8524,-1213,-32768,22918,KNOW
2450,1904,1616,1437,1386,10248,17112,-3852,-4076,-32768,18780,KNOW
2427,1887,1535,1533,1345,10540,17172,-2356,-8353,-25848,15114,KNOW
2426,1936,1517,1407,1436,12212,14236,-1620,-10722,-13673,9492,KNOW
2288,1635,1307,1137,1122,22084,10940,3508,-3380,4410,1623,KNOW
2153,1482,1180,1089,1103,8168,15532,1068,817,3573,-593,KNOW
2093,1451,1110,1065,1088,5848,15832,-1428,1817,-4183,-1857,KNOW
2192,1498,1358,1056,1424,9232,16344,-224,2058,-2984,-2749,KNOW
2259,1603,1249,1136,1081,13300,16104,1172,2904,10382,-6610,KNOW
2280,1607,1275,1104,1115,8576,16824,-764,4295,26012,-9783,KNOW
2290,1577,1228,1097,1008,2508,17004,-3228,3689,30729,-10809,KNOW
2115,1472,1195,1044,1105,-1420,17048,-4388,1606,24142,-8242,KNOW
2063,1294,1173,1047,1163,-596,16736,-4556,-655,16601,-4687,KNOW
2089,1412,1115,1021,1008,-248,18024,-3888,-3229,12921,-3278,KNOW
2191,1457,1106,1041,960,20,17020,-3760,-5815,11304,-2030,KNOW
2255,1574,1169,1075,990,-744,16632,-2916,-5899,8106,-331,KNOW
2229,1563,1209,1015,790,-1928,16876,-2492,-7541,4066,2456,KNOW
2177,1463,1185,1083,1085,-3880,17120,-2968,-11511,-6330,7253,KNOW
2363,1731,1325,1223,1145,824,18100,-252,-16774,-11423,6498,KNOW
2406,1805,1339,1183,1094,7884,11848,3488,-19144,-3518,3166,KNOW
2365,1823,1456,1216,1136,15444,6256,9656,-3648,16483,2068,KNOW
2393,1749,1407,1241,951,3100,14808,7056,3582,17030,1399,KNOW
2383,1767,1346,1216,1119,-568,16172,3380,1584,4480,-1327,KNOW
2416,1830,1471,1238,1261,4468,15068,3380,2311,-692,-2026,KNOW
2442,1868,1483,1342,1303,6084,15752,3676,5119,4300,-3163,KNOW
2434,1901,1459,1347,1289,5300,15672,2940,6952,10866,-3435,KNOW
2414,1869,1463,1235,1276,2372,16748,1316,7101,12684,-4544,KNOW
2366,1808,1403,1269,1253,232,17244,176,5592,11392,-4951,KNOW
2303,1695,1317,1169,1148,536,16740,-840,4757,10118,-5300,KNOW
2288,1654,1103,1189,1083,64,16788,-828,3107,10893,-3938,KNOW
2270,1585,1259,1022,1155,-2568,17648,-1932,-14,11587,-2669,KNOW
2288,1617,1185,1136,957,-3924,17808,-2396,-2585,9650,-1310,KNOW
2254,1706,1210,1088,1087,-3676,17412,-2336,-5426,7481,808,KNOW
2211,1514,1176,1043,1019,-4660,17992,-696,-10505,2489,3934,KNOW
2192,1475,1178,1056,1040,-2020,18756,2024,-17377,351,4765,KNOW
2127,1589,1131,1102,915,8180,10936,10372,-15609,6499,-495,KNOW
2103,1410,1139,989,926,4304,10176,13064,-2326,15235,3153,KNOW
2115,1469,1137,1120,963,-328,14840,10352,1466,10046,2017,KNOW
2097,1416,1140,759,1077,1640,14696,6000,2026,1788,-488,KNOW
2274,1581,1214,1174,1175,5240,15060,4448,4968,2027,-1935,KNOW
2275,1643,1244,1264,1141,6668,15956,4092,7107,8409,-3733,KNOW
2282,1585,1297,1144,1328,2996,16796,3548,6783,12920,-4479,KNOW
2288,1630,1259,1168,981,564,17004,2512,5094,12124,-6168,KNOW
2263,1601,1296,1156,1253,1172,16132,1904,4104,13394,-7243,KNOW
2256,1521,1231,1146,1231,-476,16252,1524,2815,15841,-6416,KNOW
2256,1621,1281,1190,1250,-1528,16440,1092,1618,18015,-6254,KNOW
2223,1535,1082,1135,1173,-4284,16908,472,672,17263,-5847,KNOW
2192,1557,1223,1171,1246,-3644,17164,1300,-1389,14918,-5123,KNOW
2211,1535,1279,1157,1195,-3020,17856,1880,-4022,16493,-4844,KNOW
2258,1590,1225,1199,1162,-3184,17812,1760,-5181,18267,-4115,KNOW
2257,1586,1286,1213,1314,-5188,17912,1936,-6241,18264,-3913,KNOW
2362,1535,1331,1251,1328,-7824,16704,484,-7043,13667,-4946,KNOW
2302,1633,1079,1281,1311,-8592,16432,-944,-5673,6973,-6015,KNOW
2267,1561,1296,1232,1872,-6584,15948,-1224,-2688,2494,-6387,KNOW
2285,1616,1343,1297,1353,-3820,17388,584,-3595,5951,-3953,KNOW
2303,1616,1344,1319,1307,-5152,17232,980,-9190,9830,-703,KNOW
2336,1590,1429,1186,1395,-5580,17284,1592,-16728,11747,231,KNOW
2367,1631,1452,1200,1138,-6428,16432,2212,-24555,11819,860,KNOW
2406,1699,1367,1280,1365,-5880,13684,4852,-31347,10074,832,KNOW
2461,1712,1308,1280,1129,-3316,644,13088,-18722,12929,-1276,KNOW
2442,1731,1391,1411,1287,-7676,5472,13336,1264,8861,1905,KNOW
2408,1646,1365,1135,1093,-3584,13348,10916,419,4546,2634,KNOW
2381,1642,1309,1205,1159,-3276,11632,8668,-2471,11087,1612,KNOW
2343,1535,1193,1139,1396,-7280,11560,4904,1495,10698,1497,KNOW
2384,1613,1306,1168,1298,-8400,12432,1760,10807,8297,975,KNOW
2405,1686,1287,1333,1293,-9524,15612,636,14167,4132,1460,KNOW
2416,1682,1680,1391,1177,-9160,17632,488,9906,1127,656,KNOW
2384,1699,1360,1434,1360,-7392,17788,408,3975,2062,44,KNOW
2378,1713,1395,1353,1344,-8580,17088,-404,9,2337,1180,KNOW
2432,1699,1355,1362,1345,-8880,16976,324,-1009,1216,1609,KNOW
2439,1685,1430,1283,1535,-9052,17408,1356,-2440,379,1732,KNOW
2469,1567,1360,1313,1182,-10352,17244,1300,-5506,-2866,2435,KNOW
2431,1828,1417,1328,1268,-9512,16816,1896,-9913,-5723,3651,KNOW
2431,1700,1371,1293,1342,-5756,16512,4988,-16822,-3780,3617,KNOW
2431,1707,1359,1303,1309,-5772,13748,6384,-22007,-885,3055,KNOW
2462,1784,1439,1374,1366,1088,592,14396,-12425,1575,-1532,KNOW
2513,1782,1408,1415,875,-9436,4296,13144,3828,-2874,2933,KNOW
2494,1808,1458,1427,1428,-3560,11872,10708,4626,-7412,582,KNOW
2480,1778,1446,1433,1346,-636,12368,8948,1427,-309,-1022,KNOW
2480,1822,1383,1424,1338,-5292,11368,6284,4557,5411,346,KNOW
2458,1754,1488,1360,1504,-9052,12868,3992,9229,3365,1512,KNOW
2496,1799,1443,1367,1136,-8512,14676,2988,11658,-58,1607,KNOW
2450,1808,1471,1363,1360,-7412,16636,2220,9588,-1884,1231,KNOW
2460,1755,1469,1345,1357,-6292,17272,808,5359,-2460,1206,KNOW
2455,1760,1382,1343,1254,-5656,17656,228,1116,-483,1429,KNOW
2484,1789,1438,1277,1321,-8260,17376,-336,-2678,-1713,1006,KNOW
2527,1959,1570,1402,1328,-8688,17036,672,-8293,-7691,6,KNOW
2590,1967,1639,1467,1139,-5152,16424,3748,-14473,-9170,-1809,KNOW
2758,2347,2025,1835,1792,-1976,8504,9136,-16559,-4004,-2569,KNOW
2864,2513,2226,1986,1881,-1788,5480,13828,-4310,903,-2328,KNOW
2986,2471,2183,1997,1263,-6040,9072,13740,3308,-5896,-1699,KNOW
2886,2490,2187,2019,1730,-3944,10732,12012,5942,-8566,-2624,KNOW
2859,2375,2080,1591,1616,-4188,10684,8644,9926,-8675,-1865,KNOW
2795,2241,1957,1710,1531,-4132,11020,7060,13861,-5350,18,KNOW
2794,2299,1978,1759,1535,-5316,13380,4952,17071,-1251,468,KNOW
2748,2268,2013,1691,1558,-8864,16496,2184,14400,-5372,3155,KNOW
2663,2032,1680,1467,1484,-8476,18384,936,9622,-10735,1787,KNOW
2658,2077,1703,1423,1680,-6220,18288,-228,5521,-15645,338,KNOW
2661,2031,1766,1488,1456,-4108,19148,344,2847,-17040,447,KNOW
2667,2016,1736,1440,1392,-3436,19840,1592,-2331,-16234,461,KNOW
2758,2369,1969,1847,1571,-2100,19084,3236,-9244,-14969,530,KNOW
2754,2285,2001,1728,1648,-976,15804,7572,-16519,-13348,-480,KNOW
2854,2286,1962,1742,1599,8536,7704,15396,-9571,-113,-2824,KNOW
2805,2337,1875,1814,1648,2084,9124,17484,-63,7054,2563,KNOW
2800,2364,2098,1858,1646,-368,11952,13972,2211,5988,1885,KNOW
2601,2000,1607,1410,1408,404,12988,9616,4034,3568,-228,KNOW
2583,1894,1569,1167,1325,1456,14092,7456,6122,4559,-984,KNOW
2599,1964,1582,1410,1389,404,13800,6348,7711,11348,608,KNOW
2612,1970,1637,1387,1558,-3960,13736,3752,10195,13586,792,KNOW
2605,2021,1503,1392,1295,-11096,15956,112,11425,5448,1776,KNOW
2553,1843,1531,1307,1501,-9516,17344,-1292,10137,-1902,497,KNOW
2559,1870,1568,1294,1342,-6992,18804,-592,6168,-5557,886,KNOW
2534,1903,1606,1253,1360,-5012,18552,644,1072,-4041,1826,KNOW
2546,1936,1558,1389,1460,-5032,18080,2044,-4488,-2489,2653,KNOW
2559,1898,1514,1338,1262,-3252,17328,3712,-8855,-3359,1494,KNOW
2549,1914,1555,1346,1023,-484,16004,5880,-11047,-3510,-300,KNOW
2654,1941,1616,1451,1007,368,13804,9304,-11446,-3166,-2051,KNOW
2594,1948,1600,1386,1335,7036,9312,16016,-6013,5740,-1577,KNOW
2629,1968,1603,1392,1023,1900,10816,15616,1086,17114,2232,KNOW
2580,1931,1578,1381,1306,-4316,13316,11080,2389,15593,1028,KNOW
2614,1911,1518,1460,1392,-1680,13332,9172,3321,12977,-706,KNOW
2510,1871,1446,1392,1379,72,14100,7700,6337,14890,-2818,KNOW
2512,1840,1478,1327,1353,-4720,15192,4752,9959,15075,-1904,KNOW
2512,1799,1492,1358,1328,-6168,16324,2084,10787,12678,-3626,KNOW
2512,1838,1424,1359,1309,-8588,17668,-24,8374,8804,-4230,KNOW
2509,1792,1462,1257,1357,-8424,17696,-2528,3350,8343,-3965,KNOW
2508,1850,1462,1385,1402,-10588,16608,-4752,-1517,8029,-2014,KNOW
2512,1854,1495,1377,1330,-13168,17060,-4000,-5909,4033,-297,KNOW
2544,1871,1461,1417,1462,-11128,16224,-1284,-11766,-2374,-452,KNOW
2497,1879,1479,1393,1419,-7388,14892,2196,-16179,-3970,73,KNOW
2987,2686,2524,2590,2433,1724,15148,5992,253,-1461,-303,LOVE
2957,2623,2611,2435,2559,1940,15088,5796,722,-1558,-560,LOVE
2973,2609,2510,2486,2448,1832,15352,5820,862,-1567,-678,LOVE
2921,2559,2554,2358,2321,2000,14868,5440,957,-1061,-649,LOVE
2899,2559,2475,2362,2341,1732,14848,5300,1152,-984,-51,LOVE
2907,2559,2487,2399,2355,1160,15680,5536,933,-1336,-154,LOVE
2895,2511,2475,2289,2202,2228,15216,4428,822,-1136,-283,LOVE
2896,2502,2372,2343,2267,2432,15096,4624,341,-573,-457,LOVE
2919,2443,2512,2529,2363,2412,15672,4836,222,-381,-279,LOVE
2929,2588,2449,2430,2288,2096,15584,4948,-249,-399,-619,LOVE
2906,2497,2473,2317,2374,1848,15072,5380,-458,-674,-875,LOVE
2918,2545,2417,2380,2224,2576,15832,5392,97,-483,-1086,LOVE
2879,2558,2239,2373,2267,2688,16224,5180,163,653,-1332,LOVE
2807,2384,2241,2091,2103,2120,16548,4668,398,86,-708,LOVE
2839,2468,2238,2204,2102,1516,15956,5340,915,-558,568,LOVE
2959,2589,2512,2432,2374,1460,15636,4948,1186,-939,721,LOVE
2967,2664,2581,2555,2466,1220,16084,6264,1297,-1586,738,LOVE
3056,2719,2624,2531,2512,2136,16320,6048,2037,-1772,665,LOVE
3109,2809,2695,2624,2583,1616,16264,5460,2141,-664,-51,LOVE
3111,2741,2699,2602,2502,1256,15532,4792,2214,-680,-241,LOVE
3033,2799,2591,2592,2512,1528,15300,4544,2541,-957,14,LOVE
3026,2677,2611,2506,2464,1296,15880,4568,2449,-1371,-131,LOVE
3050,2735,2585,2544,2449,1600,15552,4436,1857,-1241,-201,LOVE
3007,2643,2531,2501,2448,1572,14976,4136,1644,-773,-83,LOVE
3023,2627,2632,2535,2490,1368,15464,3544,1855,-1492,365,LOVE
3047,2720,2539,2594,2480,1412,16008,4488,1049,-1353,-321,LOVE
3083,2650,2580,2626,2449,1176,15548,4172,786,-1448,-448,LOVE
3060,2768,2623,2608,2496,1336,15732,4276,788,-1494,-55,LOVE
3155,2850,2736,2769,2630,1304,15936,4316,1257,-812,-76,LOVE
3136,2900,2722,2765,2559,988,16304,4504,958,-1178,123,LOVE
3087,2777,2782,2594,2640,1692,16032,3608,1325,-1517,662,LOVE
3070,2827,2625,2763,2486,1652,16280,4460,889,-1292,468,LOVE
3083,2779,2672,2589,2493,1760,16064,4388,1009,-1518,638,LOVE
3047,2729,2606,2618,2478,2404,15952,4008,1322,-1861,660,LOVE
3023,2816,2693,2635,2591,2656,15984,4820,1614,-1457,321,LOVE
3057,2753,2715,2641,2595,2540,15800,4176,1672,-1855,165,LOVE
3119,2877,2819,2623,2733,2724,15716,4184,1338,-2463,-38,LOVE
3154,2921,2869,2821,2752,2304,15580,4292,1214,-3262,-404,LOVE
3186,2961,2914,2807,2854,2784,15804,4784,1431,-3307,-693,LOVE
3193,2912,2837,2786,2768,2832,15652,2940,1537,-2768,-729,LOVE
3138,2927,2890,2749,2791,2120,16208,2980,520,-3205,-1001,LOVE
3136,2922,2955,2834,2794,2000,15916,3256,362,-3295,-796,LOVE
3111,2879,2783,2743,2694,1900,16308,3968,509,-4193,-104,LOVE
3071,2860,2840,2719,2700,3524,15636,2772,-209,-4014,-882,LOVE
3103,2896,2857,2765,2754,2816,16156,3724,66,-3617,-903,LOVE
3091,2867,2866,2765,2753,2200,15832,4220,-124,-5013,-868,LOVE
3086,2960,2770,2928,2718,3404,16004,4124,133,-5036,-1036,LOVE
3170,3030,2887,2896,2773,2964,16188,3060,533,-5045,-1625,LOVE
3163,2958,2834,2903,2790,2336,16644,4044,304,-5363,-2148,LOVE
3085,2885,2814,2781,2759,2156,15920,3548,890,-6620,-1830,LOVE
3163,2894,2786,2947,2736,2524,16348,3828,779,-6787,-1813,LOVE
3156,2971,2800,2827,2702,2104,15892,4064,1009,-7323,-1788,LOVE
3071,2839,2858,2790,2752,3192,15456,4088,1888,-7914,-1782,LOVE
3066,2848,2748,2725,2697,2692,15384,4452,1060,-9431,-2554,LOVE
3120,2926,2809,2788,2673,2848,16840,3984,2363,-10050,-2864,LOVE
3068,2854,2830,2765,2693,1912,16984,3984,1999,-10727,-3978,LOVE
3056,2927,2729,2835,2687,1368,15384,4544,1987,-12286,-4407,LOVE
3133,2900,2849,2800,2765,1296,15388,4028,2706,-13062,-4879,LOVE
3057,2892,2708,2773,2597,440,16956,2636,3095,-12467,-5742,LOVE
2976,2847,2701,2735,2559,-1280,17472,3044,2679,-14451,-5443,LOVE
2973,2736,2775,2640,2635,-832,15468,3692,2999,-15989,-5694,LOVE
2989,2740,2643,2619,2506,-1112,16304,1992,4707,-14315,-5786,LOVE
2938,2782,2723,2625,2496,-2588,17148,824,4984,-14474,-5081,LOVE
2861,2652,2615,2523,2474,-2512,16004,1260,4098,-16430,-3976,LOVE
2882,2717,2624,2559,2438,-1960,14968,1140,5005,-17055,-3575,LOVE
2873,2695,2600,2531,2465,-1428,15332,560,5735,-15782,-3687,LOVE
2870,2711,2251,2507,2359,-2936,16528,-648,5625,-17270,-3343,LOVE
2851,2640,2599,2480,2467,-1484,16372,-1288,5588,-16440,-3598,LOVE
2916,2762,2559,2179,2411,-2264,16700,-2292,5611,-14213,-1824,LOVE
2832,2753,2208,1818,2357,-3028,17176,-1200,5424,-17212,-1019,LOVE
2846,2594,1768,1535,2166,-408,15640,-1932,5720,-16492,-525,LOVE
2857,2685,1419,1385,2155,128,17532,-1300,6363,-15638,-1363,LOVE
2815,2591,1126,1262,2125,-604,17488,-3524,6545,-10895,-2650,LOVE
2727,2464,880,1159,2045,-2824,16976,-5620,5484,-9966,-2161,LOVE
2768,2491,689,1086,2026,-2948,15236,-4976,4374,-12624,-1052,LOVE
2724,2455,529,1023,2013,-1040,15640,-5224,4120,-8260,-567,LOVE
2732,1591,281,963,2026,-1604,16204,-6076,3105,-2521,105,LOVE
2801,890,116,939,2059,-2028,15820,-7400,958,-552,1501,LOVE
2810,562,61,927,2093,-1620,15000,-7384,-1019,2454,941,LOVE
2791,368,47,922,2082,-1048,15468,-6948,-2606,4901,243,LOVE
2778,283,40,905,2071,-1500,15272,-7140,-4758,10152,-242,LOVE
2754,235,32,886,2064,-3664,15304,-6608,-7133,13276,910,LOVE
2711,208,30,877,2026,-3272,15072,-5704,-8916,15261,2948,LOVE
2727,198,29,847,2014,-3144,14956,-5248,-9965,17629,3770,LOVE
2794,2539,269,899,2047,-2536,16552,-2436,-11754,20075,4403,LOVE
2775,2507,244,908,2075,-4592,16184,-352,-12389,19429,6804,LOVE
2846,2621,2521,1392,2358,-1176,15728,3464,-10500,17686,7888,LOVE
2865,2704,2470,1392,2507,-360,15708,1972,-6330,20583,7612,LOVE
2909,2672,2657,1395,2425,-1240,19268,1772,-5611,21438,7944,LOVE
2845,2720,2519,2431,2354,-672,18228,3872,-6851,18910,8784,LOVE
2855,2665,2679,2485,2618,1224,17420,5068,-4057,16131,9323,LOVE
2913,2726,2689,2519,2496,2836,18092,4600,-2063,19024,7411,LOVE
2832,2693,2559,2511,2465,436,17636,2716,-562,19108,6790,LOVE
2877,2699,2661,2555,2499,908,17368,3216,-881,15132,8261,LOVE
2928,2757,2639,2559,2446,3288,16904,5212,-466,14623,7833,LOVE
2937,2705,2706,2585,2640,2964,16632,5220,-163,16743,5916,LOVE
2951,2751,2699,2651,2559,884,15956,4612,56,13683,6152,LOVE
2969,2777,2559,2662,2622,1760,16336,6044,365,9535,6378,LOVE
2993,2763,2672,2611,2543,4756,15728,5364,978,11520,5239,LOVE
2910,2832,2624,2613,2610,1676,16104,4920,845,11047,4429,LOVE
2926,2697,2693,2559,2583,2480,15528,5100,784,7025,4086,LOVE
2925,2729,2686,2629,2558,4668,15256,4580,1215,7063,3462,LOVE
2897,2757,2635,2473,2517,2712,15768,4364,961,6470,2830,LOVE
2877,2688,2607,2545,2550,2436,15952,5844,-159,4322,2860,LOVE
2889,2715,2631,2591,2559,2616,14936,6696,484,3417,3166,LOVE
2932,2859,2559,2656,2545,3772,14320,6244,1139,3904,2651,LOVE
2911,2737,2672,2605,2544,2464,15588,5588,1796,2030,3363,LOVE
2971,2788,2723,2719,2551,3992,15520,6084,1177,1610,2794,LOVE
2975,2815,2559,2731,2550,3580,15036,5620,1466,3138,2193,LOVE
2914,2781,2730,2559,2635,3420,14768,4656,1777,1988,2816,LOVE
2947,2724,2643,2615,2544,3936,15192,4744,1652,2031,2536,LOVE
2918,2741,2679,2645,2515,3264,15312,3776,1570,1427,2144,LOVE
2869,2703,2670,2559,2500,4496,15460,3536,1065,347,1912,LOVE
2896,2687,2731,2559,2555,4860,15320,3840,682,1864,1128,LOVE
2915,2763,2605,2622,2447,3372,14316,3380,700,736,866,LOVE
2922,2718,2728,2544,2480,4168,15128,3148,857,-702,941,LOVE
2922,2741,2690,2624,2559,4208,16036,3136,669,-203,217,LOVE
2978,2795,2731,2704,2555,4164,15464,2944,59,-75,-14,LOVE
2934,2846,2657,2740,2510,3612,15120,3088,462,-676,-9,LOVE
2940,2722,2807,2608,2626,3980,15360,3536,864,-795,-65,LOVE
2943,2671,2624,2603,2702,4060,15304,3764,992,-729,-785,LOVE
2893,2711,2651,2526,2465,4544,15388,3292,1237,322,-1296,LOVE
2873,2674,2652,2583,2540,3636,15724,2920,1466,343,-1485,LOVE
2912,2736,2682,2608,2541,3628,15828,3120,1331,-70,-1430,LOVE
2879,2734,2647,2582,2541,3756,15780,2864,1247,-502,-1307,LOVE
2913,2749,2670,2674,2544,4044,16332,2796,897,-477,-1447,LOVE
2951,2790,2729,2672,2547,3800,16156,3116,665,35,-1669,LOVE
2957,2805,2791,2736,2624,3964,15752,3228,649,568,-1603,LOVE
2899,2722,2693,2559,2608,3496,15744,2780,644,-234,-1197,LOVE
2959,2785,2652,2677,2513,4192,15720,3168,340,-960,-1042,LOVE
2896,2735,2703,2688,2579,4484,15832,3124,453,31,-1115,LOVE
2877,2703,2549,2609,2548,4004,15892,2812,476,214,-985,LOVE
2867,2707,2550,2595,2530,3728,16256,2700,475,38,-742,LOVE
2894,2739,2669,2559,2501,3376,16056,2824,315,-83,-704,LOVE
2896,2731,2559,2604,2448,3360,15804,2996,478,-374,-431,LOVE
2861,2715,2677,2642,2525,3772,15816,3212,494,149,-230,LOVE
2943,2777,2657,2625,2551,3812,15308,2976,455,472,-396,LOVE
2975,2755,2797,2694,2653,3916,15692,3236,387,203,-534,LOVE
2949,2747,2532,2683,2496,3916,15692,2760,261,-110,-610,LOVE
2923,2657,2727,2531,2686,4068,15700,2476,-122,88,-631,LOVE
2926,2746,2673,2621,2517,4148,15508,2576,-490,-268,-920,LOVE
2903,2768,2923,2559,2559,3908,15776,2452,-627,-254,-1052,LOVE
2896,2559,2640,2544,2503,3772,16528,2192,-770,-1105,-1251,LOVE
2927,2742,2699,2631,2530,3772,16544,2112,-1212,-875,-1588,LOVE
2877,2750,2647,2624,2527,3160,15844,2108,-1325,-977,-1748,LOVE
2960,2774,2656,2647,2498,2936,16224,2168,-1308,-1231,-1639,LOVE
2925,2735,2692,2636,2611,2548,16804,2652,-1267,-973,-1467,LOVE
3006,2823,2697,2630,2559,2348,16380,2656,-1171,-725,-1043,LOVE
2926,2776,2672,2645,2595,2048,16776,2748,-740,-1024,-381,LOVE
2945,2774,2694,2595,2554,2192,16804,2968,-798,-1320,229,LOVE
2931,2771,2623,2641,2503,2704,16380,3372,-582,-1027,260,LOVE
2903,2719,2906,2512,2582,2604,16152,3456,-370,-60,283,LOVE
2857,2662,2634,2527,2467,2440,15956,3564,-295,-128,384,LOVE
2915,2735,2619,2622,2485,2520,16216,3896,-484,-388,594,LOVE
2907,2703,2620,2559,2416,2500,15876,4356,-477,-674,675,LOVE
2926,2781,2627,2627,2559,3340,16116,4584,-176,-186,522,LOVE
2953,2774,2741,2642,2589,3116,15928,4576,-14,1073,-20,LOVE
2928,2849,2714,2698,2608,2588,15460,4580,56,-28,290,LOVE
2938,2678,2759,2559,2559,3660,15548,5456,290,295,303,LOVE
2948,2771,2663,2661,2433,2736,15528,5244,517,-68,101,LOVE
2896,2713,2689,2559,2522,3160,15764,5200,816,-1712,285,LOVE
2889,2827,2655,2528,2446,3772,15988,5064,1110,-1537,-24,LOVE
2881,2704,2622,2523,2455,3440,15852,4588,1408,-995,-336,LOVE
2896,2688,2641,2545,2541,3192,15760,4204,1137,-3215,-216,LOVE
2890,2705,2703,2549,2559,3876,16364,4504,1150,-3755,-344,LOVE
2932,2730,2718,2635,2543,3812,16188,4324,982,-3719,-660,LOVE
2960,2813,2722,2742,2653,3084,16644,5432,858,-4697,-552,LOVE
2965,2775,2754,2622,2672,3464,15680,5220,1392,-5026,-173,LOVE
2949,2777,2605,2641,2494,3360,15516,4744,1628,-6290,374,LOVE
2899,2771,2784,2639,2734,3524,16280,3588,1775,-6588,716,LOVE
2943,2749,2673,2594,2559,3644,16056,2108,1443,-6874,717,LOVE
2885,2736,2714,2533,2496,3012,16224,2228,679,-8523,731,LOVE
2871,2720,2624,2589,2482,3672,15140,560,163,-8733,586,LOVE
2925,2752,2682,2599,2512,3348,15928,-324,-450,-7975,362,LOVE
2941,2678,2655,2523,2429,2164,16412,-180,-1256,-7521,685,LOVE
2934,2735,2666,2651,2530,2492,15820,-404,-2960,-8132,166,LOVE
3003,2878,2699,2634,2595,2324,16420,224,-3455,-8414,1230,LOVE
2981,2939,2761,2738,2630,3212,15952,1692,-4211,-7658,493,LOVE
2957,2747,2804,2624,2630,2692,15724,1780,-3482,-5549,181,LOVE
2961,2841,2499,2703,2512,2676,16052,1640,-3718,-5301,178,LOVE
2929,2762,2706,2613,2594,3568,16748,2648,-3210,-5084,289,LOVE
2902,2709,2676,2543,2505,4132,16212,2776,-2186,-3380,-365,LOVE
2899,2758,2607,2559,2511,3900,16060,3024,-1243,-2799,-515,LOVE
2931,2703,2623,2597,2555,4488,16024,3540,-578,-2541,-759,LOVE
2910,2739,2694,2586,2541,4504,15872,3256,231,-931,-1087,LOVE
2944,2768,2699,2629,2550,4052,16188,3356,211,50,-1232,LOVE
2982,2814,2765,2646,2642,4036,15648,3976,267,-492,-796,LOVE
2993,2816,2766,2645,2559,4608,15592,4868,400,-1273,-432,LOVE
2943,2860,2719,2699,2752,5372,15116,5024,793,-530,-724,LOVE
2928,2699,2879,2601,2557,4508,16052,5736,819,-100,-1145,LOVE
2947,2754,2709,2626,2555,4588,15412,5380,736,-821,-950,LOVE
2896,2709,2621,2551,2503,4960,15260,5240,1226,-933,-994,LOVE
2881,2726,2595,2597,2599,4532,15232,4884,1801,-120,-1410,LOVE
2918,2715,2704,2559,2506,3688,15160,4364,1957,-527,-1218,LOVE
2914,2736,2726,2532,2621,3908,15016,3304,2069,-112,-944,LOVE
2938,2782,2754,2544,2603,3964,14964,2024,1743,891,-935,LOVE
2995,2855,2767,2725,2640,3644,15008,1300,1162,748,-804,LOVE
2969,2728,2773,2595,2722,3076,15540,1368,341,1584,-557,LOVE
2978,2707,2698,2669,2547,3348,15108,1556,351,1675,15,LOVE
2935,2834,2688,2479,2512,3612,15368,2308,1361,773,631,LOVE
2864,2627,2525,1942,2334,4900,17044,2460,1715,371,1137,LOVE
2830,2608,2549,1778,2320,5032,18160,3372,562,298,187,LOVE
2850,2687,2557,1697,2322,4428,17420,4100,280,780,-298,LOVE
2827,2607,2544,1599,2342,3976,16628,3416,712,508,-320,LOVE
2838,2659,2542,1584,2327,3296,16532,2360,1251,-1335,301,LOVE
2931,2719,2655,1609,2502,3348,17508,3156,1106,-1590,-6,LOVE
2897,2771,2605,1613,2537,3152,16764,3920,516,228,-899,LOVE
2851,2650,2642,1562,2515,1672,15356,3108,1105,258,-204,LOVE
2909,2710,2544,1569,2441,3044,14824,2072,2385,-2090,1081,LOVE
2864,2717,2556,1510,2428,3532,15700,1768,2843,-2824,1077,LOVE
2829,2619,2539,1483,2409,4628,15976,2560,2332,-1832,-728,LOVE
2801,2624,2445,1472,2337,3432,15560,2436,2498,-1868,-1562,LOVE
2835,2672,2551,1485,2415,3708,15152,2680,2496,-2147,-1191,LOVE
2811,2615,2559,1447,2383,2856,15760,3408,3057,-2983,-997,LOVE
2831,2605,2559,1415,2450,3948,15324,3236,3388,-3346,-1784,LOVE
2864,2696,2559,1463,2390,2880,15212,3232,4037,-4181,-2787,LOVE
2869,2668,2619,1468,2496,5356,15316,3308,4657,-5215,-2941,LOVE
2818,2592,2676,1451,2404,4068,16116,2476,4968,-5917,-2930,LOVE
2836,2704,2559,1479,2406,4608,16728,2424,4899,-7344,-3858,LOVE
2838,2657,2432,1421,2403,3760,16256,1760,5268,-8398,-4721,LOVE
2790,2621,1915,1337,2315,3708,16320,1816,5265,-7985,-4879,LOVE
2769,2586,1558,1267,2227,1072,16768,388,4732,-8896,-3568,LOVE
2718,2497,1250,1196,2175,748,16464,-532,3624,-9161,-2969,LOVE
2703,2529,984,1116,2111,208,16732,-988,3425,-9245,-2494,LOVE
2682,2367,773,1050,2058,912,16900,-1376,2783,-6649,-2031,LOVE
2608,2358,587,979,1981,-1108,16432,-2784,1969,-5241,-372,LOVE
2641,2398,456,953,2061,-1148,17240,-2048,1269,-6660,1045,LOVE
2667,2416,363,931,2030,-348,16748,-1384,959,-6200,1747,LOVE
2630,2375,303,955,2059,1048,16584,-868,1781,-5360,2174,LOVE
2662,2373,256,954,2047,1668,17228,-696,2504,-5779,1983,LOVE
2650,2439,223,960,2012,2568,16968,-1128,3132,-6021,1522,LOVE
2607,2400,203,953,2007,2852,16604,-1744,3577,-6591,480,LOVE
2667,2415,203,968,2094,3200,16148,-2792,4135,-6791,-537,LOVE
2590,2342,174,912,1938,2692,15900,-4452,4282,-5615,-1157,LOVE
2655,2386,192,867,1968,1660,15676,-5428,4046,-4029,-1563,LOVE
2661,2417,173,864,1986,156,15332,-7088,3541,-4081,-1307,LOVE
2731,2466,183,873,2032,188,15324,-7180,2574,-2607,-818,LOVE
2671,2441,174,875,2019,188,15788,-7644,1391,-360,-70,LOVE
2689,2423,176,874,2011,76,15548,-7012,134,2004,703,LOVE
2666,2396,166,871,1993,212,15012,-6796,-897,2646,1645,LOVE
2605,2331,164,872,1966,1288,15624,-5428,-1870,2441,2280,LOVE
2595,2321,155,858,1932,2756,16188,-3072,-3077,3603,2228,LOVE
2644,2414,165,858,1958,2200,16380,-1856,-3705,4414,2459,LOVE
2650,2389,176,866,1967,2860,15868,-1072,-3316,3452,2556,LOVE
2661,2450,173,871,1975,3536,16740,-728,-1983,2909,2312,LOVE
2771,2559,190,902,2063,3964,17720,-364,-1614,2796,1721,LOVE
2791,2621,193,925,2096,3820,17816,-80,-1455,3509,1265,LOVE
2683,2448,181,906,2042,3336,16884,-684,-889,3767,1311,LOVE
2704,2471,160,896,2021,2404,17156,-684,-224,2437,1859,LOVE
2661,2448,175,890,2017,3168,17040,-760,-8,2347,2115,LOVE
2631,2367,158,879,1970,3032,16996,-1624,-75,2990,2156,LOVE
2613,2373,150,869,1940,3116,17456,-1924,-796,3953,2165,LOVE
2640,2395,166,867,1953,2632,16752,-1720,-1254,2751,2897,LOVE
2589,2421,153,853,1943,3912,16080,-1152,-668,1987,3129,LOVE
2663,2400,164,852,1959,4028,16740,-1304,164,3422,2427,LOVE
2710,2487,179,867,1997,3212,16504,-1772,605,4307,1864,LOVE
2703,2441,176,870,2003,2496,16600,-1080,1272,4656,2355,LOVE
2668,2479,171,871,2000,2912,15440,-2972,1510,4524,2915,LOVE
2663,2384,174,867,1989,4288,16440,-2176,2152,4249,2976,LOVE
2647,2387,163,865,1969,4772,15672,-3304,2060,5793,2555,LOVE
2593,2352,156,854,1936,3772,16048,-2732,1557,4976,2560,LOVE
2603,2345,149,839,1905,4368,15812,-2244,1297,5186,2192,LOVE
2623,2362,157,832,1930,4536,15780,-1520,1386,5836,1917,LOVE
2629,2378,2234,1088,1958,5016,15628,-1664,1619,6141,1952,LOVE
2663,2445,2307,1091,1975,5336,16460,-964,1622,6796,1323,LOVE
2734,2541,2429,1125,2027,4780,15228,-2424,1454,7259,735,LOVE
2740,2485,2509,1136,2061,4500,15748,-1356,1457,5445,1377,LOVE
2679,2559,2480,2304,2124,5632,16824,-20,1490,6498,1511,LOVE
2723,2451,2386,2250,2122,5180,16056,-1676,1628,6800,1063,LOVE
2687,2482,2357,2257,2096,4260,15568,-1332,939,6061,1180,LOVE
2624,2424,2333,2172,2035,5164,15388,-764,890,5893,1046,LOVE
2633,2384,2347,2198,2037,4652,15048,-984,1494,5725,1363,LOVE
2693,2510,2267,2271,2060,5072,15772,-620,1336,4525,1839,LOVE
2707,2480,2341,2274,2069,5740,15952,-296,604,4180,1663,LOVE
2703,2487,2400,2310,2097,5896,14812,-380,-85,4856,784,LOVE
2769,2557,2402,2407,2128,5732,15372,128,-273,4336,807,LOVE
2745,2585,2444,2438,2134,5236,15176,1400,-642,4156,1122,LOVE
2751,2512,2487,2357,2118,5412,14568,1868,-146,1516,975,LOVE
2717,2669,2367,2307,2102,6724,15576,1988,112,1029,538,LOVE
2716,2465,2331,2231,2083,6372,15352,1240,-486,1091,-93,LOVE
2640,2411,2292,2235,2032,6188,15044,1716,-1154,-537,-43,LOVE
2687,2486,2298,2256,2037,6232,15308,1948,-1281,-1452,150,LOVE
2682,2417,2329,2202,2074,6452,15484,2144,-1304,-3375,-702,LOVE
2705,2446,2358,2251,2074,7488,16184,2332,-1305,-3734,-1290,LOVE
2736,2529,2343,2329,2112,6372,14484,480,-2068,-3853,-2219,LOVE
2773,2583,2499,2430,2145,6088,14640,756,-2429,-5697,-2085,LOVE
2737,2428,2494,2272,2150,6600,14660,872,-2900,-6750,-1881,LOVE
2742,2595,2354,2433,2117,5728,14764,412,-3416,-7045,-2322,LOVE
2719,2612,2371,2402,2114,5416,15824,520,-4320,-6510,-3074,LOVE
2647,2446,2326,2255,2099,4344,16544,8,-4954,-7389,-3521,LOVE
2679,2432,2265,2255,2032,4824,15476,168,-5712,-7353,-3758,LOVE
2688,2486,2350,2267,2042,3508,14792,1128,-5348,-7222,-3594,LOVE
2692,2477,2352,2258,2066,4284,15860,1720,-4465,-8581,-3751,LOVE
2679,2379,2434,2205,2062,4428,17456,1964,-4348,-7412,-5093,LOVE
2736,2497,2350,2268,2065,3620,16212,784,-4451,-6661,-4943,LOVE
2757,2499,2358,2290,2128,2876,16544,1372,-3772,-7223,-4636,LOVE
2725,2448,2369,2230,2096,3072,16724,1368,-2711,-8022,-4283,LOVE
2698,2512,2347,2285,2083,3116,17048,2020,-2332,-8196,-5188,LOVE
2672,2430,2376,2244,2122,3528,17004,2132,-1371,-7327,-5392,LOVE
2612,2403,2143,2181,2032,2348,16596,1004,-328,-6556,-4804,LOVE
2602,2366,2256,2112,2005,2680,17340,1316,601,-5951,-4499,LOVE
2640,2269,2327,2165,2033,1024,16680,200,1381,-6027,-4358,LOVE
2608,2383,2209,2112,1968,1920,17092,324,1872,-6016,-3813,LOVE
2599,2347,2231,2128,2032,856,16956,656,2282,-5546,-2955,LOVE
2559,2348,2253,2173,2064,1772,17120,1228,2580,-4624,-2875,LOVE
2609,2371,2256,2166,2098,740,16820,-8,3209,-3478,-2606,LOVE
2592,2391,2179,2241,1990,352,16012,-716,3060,-3062,-2294,LOVE
2559,2329,2306,2165,2114,1520,16724,588,3336,-3364,-1754,LOVE
2551,2304,2229,2138,1991,1476,16536,-216,3114,-2073,-1448,LOVE
2521,2282,2241,2046,1951,864,16524,-212,2644,-2453,-1475,LOVE
2474,2249,2081,2069,1914,1716,16444,-772,2420,-2341,-1513,LOVE
2530,2267,2191,2077,1921,856,16096,-832,2267,-3788,-1803,LOVE
2514,2275,2256,1937,1919,2028,16200,-168,1977,-2858,-1143,LOVE
2603,2326,2163,2110,2000,2224,16988,708,1941,-3684,-1050,LOVE
2597,2366,2314,2142,2110,1124,16460,376,2134,-4866,-1236,LOVE
2687,2453,2283,2251,2160,2324,16448,1572,2925,-5263,-2064,LOVE
2559,2357,2239,2128,2086,1840,16704,1020,4055,-5551,-2375,LOVE
2640,2288,2236,2046,2033,1340,16796,216,4062,-5889,-1903,LOVE
2557,2339,2175,2090,1991,1220,17064,500,3654,-6379,-2104,LOVE
2511,2282,2145,1663,1920,-236,16120,-788,3785,-7026,-2347,LOVE
2514,2199,2123,1478,1895,-404,16208,-1868,3499,-6753,-2401,LOVE
2544,2307,1974,1340,1867,-1476,16164,-2800,3400,-5954,-1627,LOVE
2527,2215,1557,1215,1864,-2060,16232,-3772,2268,-6426,10,LOVE
2526,2282,1218,1115,1858,-1412,17104,-3420,1163,-5762,513,LOVE
2550,2340,944,1056,1895,-1724,16272,-4608,89,-3079,445,LOVE
2641,2355,734,1023,1936,-1668,16020,-5056,-342,-1420,1430,LOVE
2497,2343,549,977,1911,-1536,16792,-4976,-881,-1877,3330,LOVE
2517,2273,417,952,1905,696,17152,-3888,-1580,-979,3528,LOVE
2525,2293,318,928,1888,1736,17140,-3016,-1457,-386,3135,LOVE
2454,2217,240,906,1857,2744,17108,-2032,-1167,-933,2704,LOVE
2493,2240,197,881,1826,3532,17376,-500,-82,-2599,1935,LOVE
2515,2288,187,880,1851,4636,17332,112,1857,-2598,110,LOVE
2542,2251,189,874,1853,3456,17196,-560,3281,-2360,-1731,LOVE
2554,2320,175,866,1872,2536,17016,-1468,4124,-3043,-2224,LOVE
2607,2365,187,879,1905,1512,16296,-1816,4193,-3400,-2515,LOVE
2630,2368,176,877,1936,-192,15804,-3304,4331,-2998,-2195,LOVE
2550,2350,167,869,1921,-688,16032,-3916,3421,-3375,-1402,LOVE
2545,2288,165,850,1907,-764,15972,-4240,2153,-1798,-862,LOVE
2543,2293,155,835,1898,-1900,16040,-4764,664,-453,63,LOVE
2480,2226,144,807,1855,-2052,16156,-5356,-521,882,1475,LOVE
2461,2237,137,783,1824,-1896,16644,-5436,-1601,441,3639,LOVE
2519,2256,143,770,1838,700,16632,-4864,-2464,488,3970,LOVE
2485,2227,139,752,1825,1456,17496,-4896,-1997,2728,3202,LOVE
2529,2278,148,745,1846,1368,18380,-5104,-1856,2612,2991,LOVE
2555,2322,165,743,1866,2044,17892,-4200,-2115,2568,2823,LOVE
2559,2320,165,735,1893,1420,18600,-2808,-1511,2392,2657,LOVE
2509,2368,157,727,1870,1340,17980,-2600,-654,3656,2389,LOVE
2487,2209,148,720,1855,-432,17468,-2884,465,4314,3343,LOVE
2448,2224,132,703,1803,32,18096,-3172,735,2714,4992,LOVE
2338,2099,122,684,1706,972,18560,-2464,-596,4618,5155,LOVE
2355,2137,131,698,1859,-1268,17124,-2320,-2131,6009,5305,LOVE
2443,2192,236,1930,1957,-32,16064,-792,-2577,5237,7605,LOVE
2498,2290,233,2047,1961,1484,14624,-308,-1019,5376,8783,LOVE
2527,2325,213,2098,2160,1996,15808,-136,-164,5980,9594,LOVE
2612,2463,226,2269,2249,2948,16260,1460,-787,6067,8856,LOVE
2559,2403,207,2224,2226,3248,15020,1140,-514,7179,8807,LOVE
2623,2369,208,2208,2153,4176,14560,1672,528,5760,9071,LOVE
2588,2448,205,2256,2045,5560,14416,668,2109,6029,8828,LOVE
2559,2363,186,2165,2143,5560,15004,-220,2276,5907,8272,LOVE
2559,2329,183,2147,2125,6148,15172,-48,1639,6055,7099,LOVE
2559,2334,176,2160,2160,6056,14168,-996,1651,7027,6492,LOVE
2519,2341,176,2109,2129,6028,14344,-236,1720,5550,6505,LOVE
2640,2469,203,2230,2128,7880,14288,-272,2317,5647,5595,LOVE
2678,2496,212,2261,2253,8356,14192,-388,2463,5925,3964,LOVE
2655,2496,221,2251,2352,8612,14912,-428,2000,5947,2892,LOVE
2657,2403,189,2186,2192,7904,13996,-1144,1692,5851,1956,LOVE
2647,2536,203,2222,2137,7852,13996,-888,1351,5279,1411,LOVE
2654,2530,191,2241,2234,8596,14332,56,966,5258,-157,LOVE
2626,2419,177,2179,2255,7520,14036,-472,983,6232,-1269,LOVE
2675,2479,192,2235,2231,6960,15756,-564,160,4813,-1437,LOVE
2687,2496,189,2282,2341,6692,15348,292,-1055,5432,-2327,LOVE
2669,2443,188,2288,2251,5384,14384,220,-1341,7214,-2913,LOVE
2635,2518,178,2330,2239,3620,14312,-140,-926,5128,-418,LOVE
2675,2485,192,2288,2285,5136,14276,1240,-376,4372,1402,LOVE
2689,2544,187,2372,2320,5556,15100,1484,-300,6634,1665,LOVE
2646,2538,2386,2353,2308,5356,15232,924,-77,6048,2799,LOVE
2703,2559,2391,2321,2240,6296,14756,1276,472,4739,4193,LOVE
2699,2519,2403,2354,2288,7800,14640,1652,1184,4899,4475,LOVE
2759,2531,2416,2384,2322,8228,14404,1376,1251,5749,4622,LOVE
2729,2527,2415,2354,2352,8488,14008,1420,1623,4797,4712,LOVE
2770,2603,2528,2497,2331,9420,13824,1552,1695,4550,3508,LOVE
2730,2543,2431,2397,2304,8616,13412,1136,1806,4198,2878,LOVE
2782,2539,2444,2523,2384,9008,13128,1276,1408,3997,1954,LOVE
2773,2638,2551,2541,2499,8812,13476,760,954,3575,1609,LOVE
2869,2691,2532,2526,2435,8760,13904,772,409,2945,1136,LOVE
2798,2738,2518,2496,2456,9296,14088,1096,-73,2666,376,LOVE
2894,2636,2559,2447,2498,9084,14168,580,-208,2937,-148,LOVE
2834,2657,2511,2524,2354,8884,14764,1072,-321,2735,-125,LOVE
2796,2608,2490,2403,2386,8716,14828,1256,-584,1875,14,LOVE
2748,2557,2449,2347,2334,9056,15384,1708,-222,2522,-203,LOVE
2813,2640,2461,2444,2357,8500,15440,1728,-28,1929,-203,LOVE
2783,2613,2485,2390,2325,8964,15388,1952,206,813,146,LOVE
2882,2662,2511,2476,2392,8960,15636,1828,415,1686,-72,LOVE
2861,2695,2614,2525,2395,8136,15668,1868,696,1978,-115,LOVE
2884,2701,2549,2497,2395,8084,15168,1872,977,955,481,LOVE
2821,2816,2518,2532,2434,8348,15028,2192,1297,241,738,LOVE
2835,2659,2559,2494,2471,9072,14764,2136,1426,1517,693,LOVE
2873,2630,2485,2487,2415,7860,14248,1596,1416,1986,654,LOVE
2769,2605,2479,2366,2359,7876,13308,1300,1173,1264,981,LOVE
2781,2548,2473,2378,2353,8220,13240,1152,1216,1089,1011,LOVE
2819,2629,2479,2448,2334,8436,13488,1072,1081,827,827,LOVE
2829,2555,2490,2413,2317,8688,13772,792,645,1428,427,LOVE
2815,2661,2495,2480,2393,7852,13628,1172,181,2204,-47,LOVE
2843,2700,2559,2539,2493,7424,13276,1144,264,1696,120,LOVE
2901,2704,2558,2535,2416,8360,13920,1260,505,2000,-270,LOVE
2832,2668,2529,2474,2539,8104,13976,1548,330,3092,-629,LOVE
2837,2609,2545,2443,2469,6696,13956,1288,330,2423,-143,LOVE
2823,2639,2503,2466,2410,7824,14460,2200,336,2286,-76,LOVE
2778,2559,2525,2450,2336,7936,14148,2068,565,3022,-119,LOVE
2772,2551,2541,2410,2406,8232,14384,1928,757,2841,-189,LOVE
2828,2665,2510,2431,2305,8604,14748,2448,1025,3180,-347,LOVE
2864,2617,2608,2437,2352,8312,14668,2512,1013,2772,-402,LOVE
2850,2670,2585,2498,2388,8836,14680,2556,1071,1937,-357,LOVE
2896,2702,2644,2554,2385,8764,14356,2604,1185,2160,-699,LOVE
2909,2715,2607,2533,2448,8812,14640,2276,1205,2401,-697,LOVE
2847,2711,2579,2544,2527,8184,14716,2460,726,2363,-843,LOVE
2832,2621,2633,2589,2392,8068,14492,2296,419,1462,-254,LOVE
2849,2657,2595,2512,2448,8088,15004,2528,321,1720,-269,LOVE
2787,2603,2530,2407,2386,7516,14504,2376,237,2055,-337,LOVE
2794,2603,2559,2453,2402,6940,14928,2344,299,1260,368,LOVE
2882,2623,2519,2474,2358,7376,15100,2348,342,2475,-65,LOVE
2815,2652,2559,2463,2411,6532,15024,1912,539,4284,-503,LOVE
2831,2640,2559,2510,2414,5432,14472,1608,572,4044,13,LOVE
2887,2777,2704,2527,2544,5648,14360,1264,842,4009,832,LOVE
2925,2688,2549,2519,2333,6120,14668,1688,1054,5456,570,LOVE
2832,2670,2539,2495,2476,5908,14348,1432,975,6045,1331,LOVE
2882,2666,2595,2498,2465,6976,14460,2176,1354,4614,2279,LOVE
2870,2691,2598,2526,2352,8572,14768,2984,1863,4868,2010,LOVE
2815,2641,2559,2480,2405,9052,14124,2948,2481,5718,1116,LOVE
2869,2673,2642,2544,2487,9056,14664,3736,3249,5278,927,LOVE
2829,2691,2591,2534,2490,9368,14216,4288,3701,4287,359,LOVE
2875,2687,2559,2599,2383,9584,14412,4512,4500,4761,-624,LOVE
2879,2721,2662,2628,2535,8416,13888,3904,5141,4509,-1521,LOVE
2939,2736,2657,2620,2525,8364,14092,3968,5546,3564,-1660,LOVE
2861,2763,2608,2605,2542,8820,14236,4216,5867,3144,-2116,LOVE
2893,2731,2849,2557,2464,8208,14180,3680,6045,3532,-2742,LOVE
2867,2704,2589,2644,2463,7752,14544,2880,6068,2868,-3020,LOVE
2838,2544,2544,2479,2480,7228,14840,1824,5712,2967,-3090,LOVE
2837,2597,2558,2523,2528,6744,14964,1648,5119,1738,-2742,LOVE
2854,2698,2591,2512,2416,7228,15396,1996,4500,1420,-2544,LOVE
2839,2681,2648,2525,2478,6796,15552,2016,3954,2554,-3003,LOVE
2880,2699,2489,2507,2384,5992,15492,2000,3616,1640,-2398,LOVE
2916,2720,2645,2544,2538,6124,15716,1680,3402,907,-1812,LOVE
2970,2753,2615,2624,2463,6124,15760,1316,2806,1072,-1659,LOVE
2848,2789,2593,2605,2505,6200,15780,1264,2198,719,-1307,LOVE
2878,2694,2688,2559,2448,5832,15528,800,1826,526,-1008,LOVE
2893,2704,2559,2589,2412,6028,15920,960,1486,-73,-489,LOVE
2828,2672,2637,2535,2454,6560,15520,960,923,-550,-344,LOVE
2879,2610,2555,2496,2447,6288,15832,684,709,-937,-442,LOVE
2887,2720,2593,2509,2446,6364,15592,740,628,-1247,-597,LOVE
2865,2671,2639,2525,2485,6184,15120,456,666,-1453,-882,LOVE
2925,2816,2557,2559,2442,6488,15180,780,713,-1564,-1164,LOVE
2895,2689,2640,2544,2538,6016,15292,228,632,-1643,-1503,LOVE
2958,2765,2677,2610,2480,5544,15188,-140,482,-1748,-1927,LOVE
2874,2751,2559,2671,2517,4952,15208,-192,424,-2383,-1805,LOVE
2832,2684,2710,2559,2422,5544,15528,-176,397,-2162,-1830,LOVE
2896,2714,2610,2559,2473,5440,15760,12,181,-1591,-2193,LOVE
2881,2683,2608,2375,2448,4860,15432,-332,35,-2163,-2104,LOVE
2841,2624,2581,2480,2449,5252,15772,-652,208,-1577,-2199,LOVE
2877,2693,2646,2587,2467,4604,16336,-688,-30,-1377,-2116,LOVE
2839,2681,2590,2497,2448,4804,15908,-160,-335,-2300,-1540,LOVE
2905,2698,2611,2517,2433,5480,16112,-216,-248,-1583,-1500,LOVE
2862,2736,2654,2627,2600,4832,16304,-136,-473,-1525,-1482,LOVE
2959,2719,2527,2640,2454,5144,15828,572,-917,-2565,-827,LOVE
2881,2759,2599,2642,2489,5768,15864,1204,-768,-2179,-1030,LOVE
2871,2727,2757,2524,2537,5352,16356,680,-459,-2172,-1534,LOVE
2864,2696,2559,2491,2434,5508,16504,760,-492,-2268,-2149,LOVE
2889,2621,2559,2433,2463,5104,16160,380,-289,-1915,-2410,LOVE
2835,2611,2558,2450,2422,4392,17456,-444,-496,-2622,-2354,LOVE
2862,2690,2511,2554,2608,4364,17880,-136,-1247,-3545,-2588,LOVE
2863,2701,2534,2557,2377,4344,16960,1164,-1871,-3458,-3020,LOVE
2843,2679,2559,2685,2465,4096,16044,2364,-1690,-3150,-2928,LOVE
2883,2680,2619,2608,2459,3396,16020,3016,-552,-2739,-2117,LOVE
2831,2735,2599,2596,2427,3560,15996,3388,574,-3425,-1071,LOVE
2849,2633,2675,2459,2496,4024,16076,2464,1761,-3931,-521,LOVE
2885,2691,2515,2544,2335,4232,16800,2020,2180,-3935,-701,LOVE
2779,2622,2541,2510,2432,4368,16152,1724,2347,-4605,-375,LOVE
2814,2608,2490,2443,2363,4964,15940,1492,2624,-4690,-322,LOVE
2806,2639,2497,2430,2339,4180,16676,360,2934,-5022,-782,LOVE
2817,2626,2606,2435,2448,4596,17156,-192,2551,-5211,-1559,LOVE
2799,2667,2589,2449,2512,3992,16540,-792,2362,-4724,-2330,LOVE
2919,2671,2598,2511,2466,3436,16360,-1412,2566,-4757,-2251,LOVE
2845,2679,2723,2508,2522,2192,16532,-1928,2066,-6184,-1518,LOVE
2915,2675,2611,2506,2399,2788,16084,-724,1866,-6702,-1359,LOVE
2802,2665,2543,2458,2491,2592,15368,-952,2120,-6213,-1316,LOVE
2874,2619,2580,2533,2401,2024,15760,-1228,2104,-6579,-632,LOVE
2816,2662,2515,2473,2427,2272,16176,-940,1903,-6913,-226,LOVE
2800,2584,2638,2384,2387,2820,15668,-528,1662,-6917,-483,LOVE
2771,2610,2512,2474,2317,2756,15064,-420,1693,-7398,-486,LOVE
2803,2559,2530,2361,2389,2140,16668,-1132,1863,-7739,-356,LOVE
2679,2587,2394,2409,2343,2720,17000,-1908,1574,-8323,-619,LOVE
2765,2555,2486,2384,2334,2744,16648,-2016,797,-7793,-977,LOVE
2833,2637,2557,2419,2439,2148,15836,-2460,697,-7799,-1104,LOVE
2844,2558,2441,2385,2243,2192,16960,-3336,981,-8151,-1265,LOVE
2702,2454,2448,2198,2310,1408,17316,-4040,462,-8652,-1498,LOVE
2693,2451,2370,2222,2192,2080,16984,-2928,-468,-7758,-1768,LOVE
2657,2421,2143,2249,2123,1148,15736,-2676,-664,-7664,-1207,LOVE
2592,2315,2283,2090,1933,1444,16204,-1468,-520,-8469,-523,LOVE
2613,2392,2222,2149,2090,1972,15708,-780,89,-7499,-679,LOVE
2630,2367,2288,2150,2027,1236,15576,-1040,831,-6873,-430,LOVE
2594,1849,1618,1509,1529,16620,-1244,9936,2123,-3113,-7604,BAD
2592,1888,1635,1595,1563,14284,-300,9016,2553,-4129,-8378,BAD
2603,1882,1647,1589,1507,11804,544,8040,2615,-3033,-8122,BAD
2613,1869,1687,1521,1565,8732,1420,6956,2495,-2721,-6539,BAD
2587,1888,1634,1447,1586,7988,2268,6260,2123,-2017,-4133,BAD
2593,1905,1621,1627,1563,7320,2760,5820,1196,377,-1379,BAD
2688,1849,1678,1569,1566,7392,2812,5880,331,1957,1682,BAD
2583,1883,1642,1584,1531,8068,2588,6080,-518,3874,4749,BAD
2594,1879,1638,1575,1535,9544,1660,6152,-1390,4373,6878,BAD
2595,1958,1642,1555,1564,11508,1012,7956,-2408,5459,8619,BAD
2591,1874,1644,1584,1535,13696,-352,9136,-2658,5248,9341,BAD
2559,1886,1648,1586,1584,16184,-1288,10372,-2821,5297,8833,BAD
2599,1871,1652,1577,1623,18240,-1952,11640,-2312,3825,7465,BAD
2608,1881,1648,1604,1319,21160,-2660,12944,-1392,1422,4226,BAD
2608,1854,1674,1614,1533,22356,-3024,13688,82,269,-216,BAD
2605,1905,1665,1648,1600,20192,-2616,13464,1907,-1520,-4120,BAD
2625,1872,1595,1635,1479,18084,-1812,12496,3011,-3316,-7150,BAD
2615,1858,1713,1579,1565,14848,-1404,11064,3811,-3840,-8640,BAD
2590,1879,1633,1589,1451,11816,-116,10060,3960,-4295,-8661,BAD
2585,1863,1772,1570,1535,9320,292,8584,3991,-3849,-7558,BAD
2559,1860,1648,1561,1577,7808,1528,7224,3740,-2733,-5006,BAD
2583,1881,1619,1591,1508,6848,2328,5868,2218,-931,-1719,BAD
2590,1860,1614,1535,1562,6808,2400,5400,378,941,1824,BAD
2608,1860,1651,1517,1535,8192,1856,5552,-1286,1903,4972,BAD
2608,1872,1680,1616,1634,10212,1228,6380,-2697,2715,7450,BAD
2551,1927,1634,1619,1585,13260,212,8056,-3810,2946,8524,BAD
2628,1873,1662,1584,1488,15812,-916,9504,-3907,3094,8133,BAD
2594,1849,1653,1587,1535,18196,-1636,11548,-3501,2362,6666,BAD
2606,1878,1622,1581,1555,20436,-2512,12276,-2090,1019,3646,BAD
2592,1852,1598,1634,1535,21016,-2400,12588,-535,209,-125,BAD
2605,1872,1612,1584,1535,19460,-2016,12404,891,-1377,-3429,BAD
2605,1869,1755,1490,1567,17028,-1384,11212,2234,-2932,-5824,BAD
2581,1891,1626,1575,1582,14200,-192,10600,3265,-3251,-7259,BAD
2598,1849,1637,1599,1530,11200,352,8928,3500,-3205,-7316,BAD
2604,1856,1670,1587,1586,8996,952,8192,3418,-1991,-5699,BAD
2610,1903,1675,1559,1623,6624,1548,6632,2778,-1244,-2651,BAD
2589,1905,1616,1633,1578,7112,1968,5848,1405,723,1061,BAD
2619,1866,1673,1525,1616,7240,1840,6044,-166,2426,4592,BAD
2588,1890,1647,1584,1567,9196,1016,6328,-1723,2396,7533,BAD
2603,1861,1618,1535,1516,12436,92,8172,-2916,3303,9318,BAD
2559,1856,1616,1568,1502,15392,-952,9748,-3317,3571,9596,BAD
2623,1875,1679,1625,1524,18264,-2268,11356,-2813,2139,7918,BAD
2598,1831,1623,1471,1475,21012,-2736,12616,-1319,873,4673,BAD
2598,1902,1664,1535,1607,21392,-2952,12884,192,-403,986,BAD
2650,1923,1664,1651,1586,19904,-2516,11972,1454,-2399,-2565,BAD
2622,1877,1697,1570,1601,18560,-2028,11004,2393,-3523,-5136,BAD
2559,1909,1654,1670,1686,15416,-1084,9816,3157,-4063,-6597,BAD
2630,1887,1673,1493,1587,12640,-20,9120,3259,-4370,-6845,BAD
2596,1874,1648,1649,1595,9880,564,6868,2611,-3351,-5399,BAD
2596,1879,1616,1600,1531,7316,1668,5580,1551,-2261,-2515,BAD
2586,1863,1668,1568,1591,6508,1484,5264,-3,-200,822,BAD
2603,1902,1615,1600,1568,6016,1120,5080,-1232,1428,4270,BAD
2579,1875,1634,1622,1279,8280,620,5828,-2347,3214,7245,BAD
2603,1859,1662,1534,1602,10304,-568,7700,-3193,4330,8997,BAD
2606,1899,1668,1567,1582,13612,-1712,9752,-3204,3777,9405,BAD
2624,1921,1653,1639,1566,17332,-2812,11516,-2113,3066,7779,BAD
2608,1867,1715,1558,1643,20284,-3096,13036,-300,2242,4732,BAD
2598,1921,1792,1689,1515,21512,-3016,13132,1639,392,1001,BAD
2559,1877,1654,1597,1582,21088,-2516,12212,3413,-1214,-2572,BAD
2605,1862,1630,1567,1616,18352,-908,11480,4455,-2752,-5265,BAD
2595,1849,1634,1534,1511,16156,-424,9780,5337,-2889,-6421,BAD
2559,1886,1639,1590,1575,12616,180,8036,5541,-3316,-5763,BAD
2587,1869,1615,1447,1596,10548,1812,7844,4796,-4054,-3915,BAD
2587,1882,1648,1591,1604,9484,1972,6088,4346,-1793,-1244,BAD
2607,1907,1648,1584,1617,7672,2436,5856,3780,20,1852,BAD
2594,1941,1638,1659,1599,8100,2048,4912,3573,847,5059,BAD
2608,1822,1738,1562,1584,9124,1500,5736,3003,2502,7647,BAD
2579,1920,1638,1593,1487,9796,688,6836,2688,4424,9280,BAD
2624,1868,1630,1593,1558,10200,-756,7564,2899,5301,10833,BAD
2586,1868,1629,1526,1556,12632,-1752,9188,3056,4759,11587,BAD
2605,1885,1637,1591,1535,15436,-2740,10940,3671,4159,10875,BAD
2611,1872,1669,1535,1574,17588,-3796,12248,4331,2141,8998,BAD
2526,1885,1675,1599,1664,20732,-4332,14284,5504,67,6198,BAD
2619,1899,1639,1635,1582,22052,-4496,14880,7019,-2218,2186,BAD
2640,1924,1691,1652,1351,22032,-3824,13976,8365,-4346,-1838,BAD
2625,1918,1696,1583,1682,19516,-2896,11788,8793,-5230,-4561,BAD
2586,1921,1646,1665,1597,16288,-1932,11168,8479,-6150,-5797,BAD
2544,1870,1680,1528,1533,13216,-368,9352,8191,-7042,-5350,BAD
2595,1872,1731,1574,1598,10624,232,8332,7142,-6057,-4031,BAD
2559,1879,1620,1597,1517,8384,1084,7120,6289,-5301,-1864,BAD
2559,1845,1633,1553,1566,7516,1300,6280,5223,-3355,425,BAD
2559,1876,1620,1504,1605,6308,1704,5580,4663,-1361,3404,BAD
2589,1900,1627,1584,1584,6636,1744,4360,3610,1435,5938,BAD
2607,1885,1606,1591,1669,6556,1436,5040,1899,4335,8463,BAD
2611,1898,1677,1597,1601,7784,-236,5508,229,4400,10503,BAD
2614,1937,1704,1707,1572,11836,-1792,8528,-1097,4893,11616,BAD
2640,1891,1636,1622,1493,15120,-3360,11468,-1362,5760,10392,BAD
2614,1910,1680,1617,1732,17316,-5568,12896,-563,4241,6918,BAD
2643,1998,1683,1648,1575,20236,-6480,14888,547,3411,2113,BAD
2653,2007,1680,1616,1584,19568,-6628,14048,1626,3248,-2717,BAD
2613,1906,1664,1602,1584,16836,-5824,12224,1760,1623,-6121,BAD
2557,1921,1687,1648,1569,15384,-4852,11296,280,-28,-8421,BAD
2606,1903,1612,1612,1524,12724,-4260,10200,-1943,-167,-8769,BAD
2607,1881,1664,1566,1707,11520,-3840,8548,-4515,-1099,-8183,BAD
2608,1933,1654,1623,1610,10484,-2556,8812,-6984,-1402,-6931,BAD
2617,1936,1645,1644,1554,10280,-1928,7980,-9704,-1385,-5755,BAD
2608,1882,1702,1555,1556,10504,-1616,8952,-11648,9,-5014,BAD
2602,1903,1535,1615,1569,10324,-1880,9304,-12631,1390,-4252,BAD
2604,1958,1630,1597,1505,10840,-2012,10288,-12771,951,-4527,BAD
2608,1901,1623,1575,1531,12196,-2204,11488,-12140,1714,-4916,BAD
2559,1904,1631,1616,1519,12884,-2448,11772,-10972,1964,-6078,BAD
2619,1904,1679,1619,1535,13492,-2424,12200,-9712,1737,-7318,BAD
2624,1899,1639,1627,1511,14236,-1568,11624,-7647,770,-8361,BAD
2618,1845,1675,1613,1632,14172,-740,10328,-6648,72,-9205,BAD
2629,1925,1648,1632,1619,13624,72,9432,-6380,135,-9531,BAD
2665,1935,1688,1638,1555,11664,724,8300,-5994,69,-8444,BAD
2621,1904,1693,1567,1644,10252,1516,7228,-6326,327,-6292,BAD
2625,1946,1623,1674,1483,8692,1208,6712,-7512,1263,-3450,BAD
2608,1840,1643,1570,1574,9064,248,7380,-9026,2024,85,BAD
2593,1887,1621,1688,1553,10976,-820,8844,-9787,3891,3263,BAD
2559,1885,1629,1597,1493,13500,-2528,9908,-10028,3002,4640,BAD
2608,1910,1723,1571,1672,17784,-3236,13100,-9746,3399,4453,BAD
2615,1875,1714,1571,1687,20564,-4252,14916,-7618,2626,1401,BAD
2640,1936,1648,1633,1562,20296,-4168,14768,-5038,-1302,-2559,BAD
2640,1931,1680,1676,1586,21700,-3540,14068,-2393,-3193,-7147,BAD
2645,1923,1721,1601,1712,17936,-2436,11616,-204,-2567,-10047,BAD
2591,1958,1651,1638,1595,13352,-1444,9136,1205,-4062,-11054,BAD
2633,1869,1693,1535,1533,10672,4,6908,1648,-5771,-10506,BAD
2551,1904,1649,1611,1607,8432,1012,5028,997,-3095,-8396,BAD
2582,1905,1634,1631,1535,5068,1528,3548,-698,-377,-4448,BAD
2583,1903,1654,1598,1609,4668,1256,3160,-2674,1517,144,BAD
2605,1905,1646,1607,1571,5652,176,3516,-4796,3933,3728,BAD
2559,1838,1594,1679,1531,7900,-628,5708,-6545,4461,6952,BAD
2613,1890,1661,1554,1593,13696,-1736,9060,-7286,4691,8150,BAD
2597,1921,1690,1616,1666,18820,-3832,11668,-6599,4055,6048,BAD
2672,2000,1660,1690,1553,22592,-4852,14224,-3753,2254,1307,BAD
2663,1982,1767,1624,1649,24508,-4104,15424,-346,215,-4041,BAD
2647,2000,1669,1711,1635,23156,-3768,13996,1902,-2671,-10018,BAD
2661,1904,1686,1597,1558,20280,-3404,12500,3907,-4766,-15083,BAD
2597,1873,1643,1530,1535,15144,-2412,9632,5634,-4757,-17295,BAD
2583,1904,1613,1581,1535,9708,-220,6816,6318,-4201,-16983,BAD
2607,1886,1651,1535,1670,5748,2508,3980,5751,-2860,-13371,BAD
2607,1911,1669,1584,1680,2172,5072,1336,2379,-1541,-7685,BAD
2599,1936,1691,1602,1588,2816,4692,2032,-1575,2401,-1992,BAD
2610,1931,1705,1665,1594,3512,3188,2700,-3848,6230,3737,BAD
2631,1910,1711,1554,1680,5832,1812,5352,-6355,7989,8959,BAD
2602,1996,1641,1683,1562,11296,-344,9208,-8011,7651,12125,BAD
2709,1983,1788,1623,1597,18480,-2224,14120,-7665,5995,11634,BAD
2666,2064,1737,1648,1584,24964,-4592,16880,-4361,3796,6324,BAD
2669,2059,1704,1654,1728,26904,-3532,18116,-438,1801,355,BAD
2657,2039,1715,1648,1659,24804,-3328,16064,2252,-1679,-5927,BAD
2656,1921,1688,1631,1532,21176,-2680,13620,4201,-3305,-10241,BAD
2623,1904,1655,1399,1535,15544,-1112,10604,5123,-3547,-11784,BAD
2538,1939,1663,1627,1582,9636,424,7080,4975,-4190,-10493,BAD
2595,1971,1654,1680,1648,5924,2928,5476,3265,-4009,-7073,BAD
2587,1925,1738,1639,1666,4124,3884,4020,212,-1978,-2208,BAD
2559,1946,1680,1664,1744,3660,3352,4440,-2761,1419,2803,BAD
2608,1901,1671,1695,1533,4048,1928,4800,-4748,3822,7481,BAD
2599,1901,1683,1574,1584,7132,244,6508,-6141,5510,11625,BAD
2595,1894,1649,1558,1535,11448,-1356,8904,-7269,6450,13488,BAD
2621,1846,1648,1535,1567,16048,-2820,11632,-6958,6638,12387,BAD
2608,1908,1611,1603,1559,20140,-3884,13560,-4850,5323,9100,BAD
2539,2022,1650,1662,1535,22708,-3744,15620,-2744,3272,4113,BAD
2640,1979,1706,1566,1579,23300,-4152,15036,144,2383,-2018,BAD
2646,1986,1735,1635,1646,19496,-3252,13628,2676,59,-7206,BAD
2619,1947,1623,1617,1509,16224,-2576,11920,4389,-2248,-10229,BAD
2599,1897,1682,1343,1488,12484,-1644,9872,5642,-2509,-11506,BAD
2513,1904,1596,1583,1573,8208,-284,7940,5534,-1523,-10397,BAD
2559,1896,1471,1590,1535,4964,1668,6384,4064,-1130,-7167,BAD
2542,1870,1626,1573,1651,4624,2272,6028,1580,375,-2949,BAD
2544,1890,1617,1571,1527,5336,1432,6420,-904,1557,1725,BAD
2559,1867,1658,1535,1557,8224,752,8312,-2434,3571,5424,BAD
2559,1831,1657,1510,1595,11700,-368,10284,-3449,4580,7356,BAD
2647,1899,1724,1615,1584,15484,-1596,13348,-4131,1059,6494,BAD
2621,1898,1666,1616,1578,21604,-2964,15980,-2069,-1042,2820,BAD
2611,1918,1652,1561,1642,23028,-2920,15984,522,-712,-2621,BAD
2595,1931,1611,1667,1523,19868,-2264,14804,2083,-3409,-7073,BAD
2624,1840,1663,1533,1568,17732,-1868,12448,3032,-6031,-10560,BAD
2559,1876,1622,1583,1523,13796,-852,9856,3068,-6497,-12624,BAD
2559,1874,1607,1531,1534,9620,1316,7836,2350,-5260,-11923,BAD
2539,1872,1616,1535,1573,6676,2148,5908,361,-4151,-8804,BAD
2557,1874,1609,1607,1509,5748,2896,5320,-1781,-2853,-6194,BAD
2550,1914,1469,1603,1555,5820,3764,4208,-3335,1858,-2638,BAD
2559,1904,1680,1614,1774,5248,3460,3452,-5973,6215,1762,BAD
2559,1970,1680,1445,1535,6428,2180,6032,-9199,5487,5890,BAD
2608,1894,1613,1616,1507,12988,-280,9852,-10792,4140,7170,BAD
2618,1842,1653,1510,1629,18888,-1776,13872,-9683,5191,5217,BAD
2583,1840,1647,1635,1498,21948,-1960,15936,-7041,4364,1452,BAD
2585,1872,1616,1523,1614,22644,-1524,16148,-4888,271,-4152,BAD
2559,1866,1587,1564,1521,21008,-1492,14452,-2388,-2472,-9067,BAD
2557,1861,1627,1597,1603,16800,-704,12564,-597,-3682,-12367,BAD
2542,1913,1713,1626,1708,12384,288,9632,447,-5841,-13355,BAD
2527,1900,1693,1565,1763,8668,1548,7468,202,-4564,-11564,BAD
2509,1925,1674,1680,1648,4924,2616,5204,-855,-1495,-6803,BAD
2469,1929,1719,1730,1707,3684,3400,5612,-3776,-1223,-1601,BAD
2481,1936,1718,1707,1715,7304,2280,6512,-5604,1948,2612,BAD
2512,1936,1674,1710,1666,8824,464,7132,-6853,5940,6015,BAD
2522,1882,1741,1586,1612,11864,-548,11904,-8073,2687,8215,BAD
2531,1840,1584,1575,1601,20524,-2804,16108,-6093,1333,4771,BAD
2544,1872,1605,1555,1566,21932,-2776,15760,-1748,2359,-415,BAD
2519,1886,1645,1555,1607,18872,-1812,14592,86,-3133,-5650,BAD
2559,1938,1743,1658,1617,17432,-1352,12592,2311,-4712,-9091,BAD
2609,2029,1778,1728,1790,11548,-224,8928,3379,-4273,-10148,BAD
2608,2229,2029,2037,2029,7004,1168,6384,2754,-3830,-7992,BAD
2635,2235,2081,2019,2112,4496,2508,4796,1294,-1296,-4179,BAD
2631,2190,2142,2096,2173,3060,2824,3432,-851,2866,1321,BAD
2559,2190,2027,2037,2091,4804,2432,6208,-4310,4177,7698,BAD
2559,1915,1697,1607,1753,12824,-644,10588,-5498,4663,10862,BAD
2547,1902,1680,1603,1636,19656,-2576,14800,-3761,4746,7824,BAD
2559,1882,1636,1579,1533,22112,-2320,16276,-681,4004,3210,BAD
2543,1903,1642,1584,1569,21396,-2024,16348,1646,-35,-2045,BAD
2544,1897,1473,1602,1535,18104,-1448,13580,3411,-5408,-6024,BAD
2559,1943,1658,1702,1701,14484,-520,10688,4479,-5299,-7967,BAD
2545,1989,1781,1775,1813,9528,1048,7644,5015,-3133,-6589,BAD
2559,2194,2029,2073,2064,5032,2580,5168,3148,-564,-2150,BAD
2645,2199,2173,2152,2174,4800,2448,4516,578,2608,2278,BAD
2538,2157,1968,2000,2096,4996,2460,6204,-2146,7523,8133,BAD
2528,1885,1719,1583,1609,9316,-520,9992,-4872,6241,11579,BAD
2512,1886,1619,1646,1603,16572,-3180,14848,-4107,4985,10366,BAD
2453,1875,1683,1728,1535,21220,-3168,16780,334,5111,5896,BAD
2533,1876,1639,1574,1558,21160,-2112,16144,2339,284,471,BAD
2534,1901,1607,1575,1520,21148,-1536,15552,4539,-4724,-4916,BAD
2544,1904,1645,1520,1651,17188,-652,12688,6733,-4470,-8866,BAD
2559,1989,1776,1731,1791,10304,860,9740,8328,-2836,-8950,BAD
2624,2189,2084,2058,2099,5360,2856,7212,8189,-1732,-4791,BAD
2631,2162,2032,2038,1967,4208,3964,6252,6547,390,390,BAD
2549,2108,2000,1931,2081,4256,3556,5884,4312,5322,5922,BAD
2580,2123,1947,2037,1873,5336,1780,5964,2509,11884,10669,BAD
2525,1936,1691,1635,1683,5556,1160,10980,-454,9865,15664,BAD
2502,1876,1463,1425,1535,13532,-2980,16476,-387,4510,16123,BAD
2537,1872,1597,1486,1453,21080,-3192,20140,3680,4675,12755,BAD
2539,1873,1632,1525,1524,21220,-2416,19012,6952,1963,7098,BAD
2531,1807,1653,1648,1578,20052,-1424,17372,8762,-2966,1719,BAD
2499,1891,1621,1535,1522,17360,-1656,15744,10119,-4859,-2947,BAD
2553,1906,1645,1615,1621,13284,-896,13760,12000,-5885,-5860,BAD
2527,1936,1645,1657,1703,9516,244,10604,13168,-5328,-5813,BAD
2550,1872,1648,1572,1534,5536,2080,8328,12417,-3884,-3330,BAD
2495,1881,1511,1658,1643,4176,3656,7088,10628,-1154,853,BAD
2542,1879,1639,1584,1591,4032,3960,6572,7907,1061,5415,BAD
2511,1863,1595,1535,1562,6428,3136,8744,5294,749,8787,BAD
2533,1831,1599,1497,1473,10616,1036,11088,4837,31,11021,BAD
2555,1880,1618,1525,1526,15132,924,14144,5779,409,10917,BAD
2559,1872,1669,1522,1594,17896,208,14408,7201,-337,7920,BAD
2559,1904,1623,1535,1319,18360,144,13540,9389,-881,3830,BAD
2559,1888,1645,1584,1618,16300,996,11684,10212,-1510,1021,BAD
2559,1905,1600,1615,1584,13888,2728,11012,10080,-3676,-945,BAD
2554,1861,1643,1561,1535,11856,2804,9832,10741,-2745,-1779,BAD
2466,1884,1587,1577,1562,7188,3652,8984,11282,707,327,BAD
2542,1873,1695,1581,1504,2492,4460,8212,9700,1820,5577,BAD
2534,1851,1613,1569,1584,3740,3868,8168,7342,-738,10145,BAD
2559,1852,1621,1535,1531,7480,2172,9840,5865,659,14354,BAD
2550,1872,1611,1616,1557,11204,-528,11516,5254,1802,16432,BAD
2529,1881,1584,1508,1535,16220,-2140,12432,5751,2086,15703,BAD
2595,1903,1591,1552,1535,20224,-1976,11392,7205,2242,12495,BAD
2583,1918,1649,1531,1617,21148,-780,10636,7937,1164,8131,BAD
2587,1918,1599,1576,1563,20512,-1056,9948,8465,-1225,3320,BAD
2593,1901,1658,1558,1535,17764,844,9296,9073,-4010,-279,BAD
2580,1906,1600,1564,1535,14500,2500,9180,8713,-5737,-2745,BAD
2599,1902,1657,1575,1535,9588,2888,9056,8404,-4658,-3190,BAD
2546,1855,1616,1554,1488,3284,3620,9144,8539,-4373,-1153,BAD
2559,1830,1597,1531,1518,2624,4196,6792,8784,-4018,3889,BAD
2551,1869,1600,1606,1532,4880,4364,6432,6731,-695,9732,BAD
2527,1899,1585,1582,1493,8932,1940,6108,5287,201,13114,BAD
2598,1918,1659,1569,1529,14504,1436,6736,4008,445,14794,BAD
2608,1978,1650,1553,1575,20460,-384,8256,2575,-322,13551,BAD
2624,1934,1616,1532,1488,24928,-1624,9380,3029,-1688,9223,BAD
2627,1967,1694,1534,1616,26168,-912,9052,4158,-3213,3753,BAD
2559,2023,1611,1627,1534,25872,64,8224,4578,-4723,-2108,BAD
2598,1918,1626,1535,1430,19916,1400,8428,3341,-5580,-6518,BAD
2591,1915,1605,1565,1476,13540,1516,8440,2740,-5721,-7261,BAD
2559,1871,1606,1535,1520,7216,2472,7992,3544,-4142,-4949,BAD
2582,1904,1621,1581,1488,2480,3696,6544,4112,-2322,99,BAD
2559,1923,1634,1604,1504,3508,3992,4312,3195,-198,5726,BAD
2586,1863,1625,1555,1553,6304,2452,2404,1482,4266,10889,BAD
2607,1934,1666,1579,1570,8712,1284,2760,-1373,5520,14724,BAD
2619,1932,1679,1600,1535,14944,-1248,4424,-4339,6248,15316,BAD
2594,1934,1616,1570,1535,18568,-3668,6536,-5622,7754,13496,BAD
2651,2003,1706,1595,1511,22700,-4428,8836,-4951,6981,9820,BAD
2681,2214,1735,1640,1593,26044,-4372,9876,-3945,4797,3712,BAD
2673,2157,1745,1667,1570,25928,-3416,10360,-2604,2115,-3202,BAD
2686,2114,1756,1629,1620,23156,-1688,9976,-1761,723,-8983,BAD
2637,2019,1649,1593,1589,18916,-652,9200,-878,-291,-12499,BAD
2602,1983,1638,1629,1334,13960,1048,9324,-197,-2477,-12843,BAD
2608,1918,1651,1571,1535,11232,2608,8664,483,-2898,-11917,BAD
2590,1936,1668,1575,1590,7964,3744,7576,752,-1571,-9507,BAD
2601,1920,1660,1605,1462,5712,4312,6340,623,-1217,-5241,BAD
2596,1897,1639,1562,1613,5488,3956,5592,-451,772,-1050,BAD
2559,1915,1619,1668,1525,4764,2960,5812,-2494,2842,3768,BAD
2608,1874,1640,1570,1487,6964,1040,7060,-3651,4826,8282,BAD
2585,1891,1615,1575,1515,10004,-1164,7916,-4720,5442,11026,BAD
2610,1950,1645,1527,1509,15368,-2408,10336,-5867,4219,11697,BAD
2644,2076,1712,1679,1634,21828,-4456,10976,-5328,3520,7472,BAD
2662,2202,1743,1696,1581,23744,-4800,11172,-4326,4257,2303,BAD
2682,2096,1766,1687,1628,23484,-5700,10164,-4051,2180,-4068,BAD
2698,2119,1783,1680,1652,23236,-5148,9340,-3523,-39,-10134,BAD
2677,2077,1691,1681,1531,19496,-3028,8232,-3266,-1110,-14348,BAD
2634,1957,1728,1557,1592,14412,-1604,8276,-4255,-2031,-16179,BAD
2618,1955,1626,1648,1487,9560,-156,8044,-4585,-1934,-14645,BAD
2559,1791,1643,1736,1530,6432,440,5368,-5020,-1064,-11626,BAD
2582,1859,1602,1555,1507,4668,2104,3536,-7014,-278,-6984,BAD
2528,1907,1664,1619,1635,4076,2684,2140,-10272,2216,-716,BAD
2532,1939,1699,1690,1616,4684,1184,2716,-15497,3367,5314,BAD
2524,1965,1749,1697,1677,9020,-2360,6824,-19489,2808,9157,BAD
2527,1937,1691,1535,1648,15988,-5156,11004,-19658,2276,9801,BAD
2555,1945,1680,1649,1690,23368,-6516,14772,-16319,1902,5322,BAD
2547,1930,1675,1637,1535,27500,-6784,16668,-12927,1372,-1273,BAD
2513,1885,1717,1535,1731,26820,-6276,17224,-9099,-136,-9201,BAD
2507,1965,1622,1677,1607,23680,-6132,15488,-4623,-968,-15795,BAD
2530,1954,1726,1698,1691,16456,-3980,12796,-517,-621,-19934,BAD
2538,2013,1784,1791,1872,9376,-432,10420,910,-1868,-20230,BAD
2603,2138,2028,1979,2023,2056,1324,7404,645,-1003,-15873,BAD
2615,2164,2098,2093,2128,-2468,2932,6144,-1559,299,-8246,BAD
2624,2261,2176,2208,2304,-3480,3660,4036,-4246,-230,817,BAD
2803,2273,2087,2312,2301,-164,2400,4440,-8408,915,8411,BAD
2652,2187,2020,2096,2123,5192,64,6488,-10883,1528,13865,BAD
2507,1989,1733,1667,1771,12188,-2836,9304,-11909,2340,15641,BAD
2491,1921,1574,1713,1511,18632,-5308,13012,-10226,660,13490,BAD
2523,2000,1745,1474,1633,27568,-6304,16504,-4963,-774,6894,BAD
2559,2032,1667,1559,1514,31512,-6888,17708,567,1826,-3272,BAD
2559,1998,1637,1493,1535,25148,-6996,17264,6002,4121,-11571,BAD
2554,2003,1633,1593,1489,16796,-6564,15512,11721,3350,-15829,BAD
2586,2008,1692,1621,1525,8492,-4508,12312,14800,2896,-15376,BAD
2557,1900,1627,1534,1597,412,-460,7052,15221,2773,-9763,BAD
2530,1916,1753,1680,1607,-3860,3280,3276,10313,582,-722,BAD
2546,1949,1710,1697,1709,-2988,2784,3484,2332,-1084,8038,BAD
2559,1936,1695,1675,1571,952,-724,4832,-1861,-337,15002,BAD
2550,1895,1729,1600,1660,4808,-3748,7388,-4285,894,20010,BAD
2606,2021,1685,1725,1568,13132,-6900,11136,-4200,285,20873,BAD
2607,2032,1664,1584,1585,22592,-9808,11652,-1440,31,15726,BAD
2603,2038,1651,1521,1381,28076,-10308,12880,1028,2515,8226,BAD
2603,2036,1666,1492,1570,28260,-10356,11856,3276,3741,61,BAD
2589,2075,1667,1575,1520,26220,-10656,10504,5108,1703,-7601,BAD
2555,2082,1693,1555,1535,23552,-9180,10732,6297,252,-13428,BAD
2547,2022,1648,1531,1535,18696,-8268,10556,5441,-1018,-17334,BAD
2554,1998,1667,1578,1467,14772,-7240,11052,4520,-2481,-18168,BAD
2616,2029,1689,1606,1535,10664,-5744,10760,3885,-3033,-18221,BAD
2524,1912,1692,1470,1669,6500,-3372,10516,3277,-3939,-16896,BAD
2480,1910,1617,1666,1508,1424,-1660,8608,2969,-4782,-11807,BAD
2491,1910,1692,1632,1614,-1016,2276,8460,663,-3781,-5480,BAD
2601,2258,2035,2064,2071,-1680,3072,5880,-3199,-1733,1340,BAD
2615,2255,2189,2192,2264,116,3488,4952,-7555,-2355,7742,BAD
2623,2261,2121,2205,2224,7328,1064,6588,-11855,-1547,11521,BAD
2527,1995,1762,1798,1804,15644,-1152,9808,-11783,547,11820,BAD
2476,1883,1639,1579,1642,21576,-2356,12360,-10297,341,7245,BAD
2446,1871,1584,1561,1584,26108,-3000,13548,-6980,780,1000,BAD
2588,2002,1746,1463,1657,28248,-3188,14568,-3855,-196,-7028,BAD
2506,2045,1687,1615,1619,27460,-3920,14156,259,-320,-15478,BAD
2611,1983,1619,1531,1535,21016,-2744,11000,4103,-997,-20591,BAD
2530,1970,1631,1535,1488,15360,-628,9584,5740,-2269,-23527,BAD
2448,1813,1575,1488,1557,9992,928,6624,6289,-1791,-22774,BAD
2497,1871,1613,1535,1670,1684,3976,3276,4038,-2794,-17618,BAD
2579,1897,1662,1586,1683,-1280,6976,672,397,-2726,-9651,BAD
2605,1956,1824,1723,1818,-1752,8932,-136,-6155,-1259,-458,BAD
2550,1936,1695,1699,1776,1108,6944,2072,-13178,-885,6408,BAD
2550,1930,1697,1683,1637,8072,3872,6672,-15521,940,11662,BAD
2621,2002,1777,1615,1761,14840,1244,11576,-14610,1792,11577,BAD
2611,2096,1680,1680,1584,23200,336,17092,-10000,2143,7194,BAD
2598,2092,1760,1602,1584,26560,-220,17300,-3296,2375,-598,BAD
2608,2118,1693,1587,1526,24832,996,16348,2170,2996,-8092,BAD
2607,2026,1710,1558,1565,18276,1564,12612,7442,3215,-13178,BAD
2591,1995,1703,1669,1575,11344,4884,9352,11042,3884,-13515,BAD
2479,1905,1728,1591,1627,3088,8628,6784,10100,6556,-8459,BAD
2551,1947,1714,1694,1821,-2464,10128,5232,7258,5830,-748,BAD
2553,1948,1743,1722,1758,-1524,11164,5448,5558,4101,7566,BAD
2596,2023,1745,1766,1748,2660,11360,8336,3083,6341,13674,BAD
2559,1981,1681,1663,1712,7352,8956,12304,2636,7528,18426,BAD
2547,1913,1643,1690,1648,12620,6032,15492,4570,4585,18997,BAD
2595,2013,1806,1642,1787,19288,4604,17600,9671,3403,17513,BAD
2608,2011,1749,1679,1613,21148,3516,17816,13448,1896,13926,BAD
2591,2042,1637,1634,1616,23168,2224,18060,17059,-614,9319,BAD
2559,2032,1712,1665,1581,22624,756,15976,21381,-544,3859,BAD
2535,1989,1694,1581,1642,17456,2012,11860,24586,49,667,BAD
2593,2162,1907,1882,1997,10912,3152,6924,24538,-869,597,BAD
2723,2320,2217,2238,2274,4628,5720,3384,19632,-462,4959,BAD
2753,2480,2366,2322,2332,-832,6088,1880,12378,365,13089,BAD
2672,2423,2254,2418,2335,1544,2344,1068,5944,-2070,20950,BAD
2761,2413,2303,2346,2252,6632,320,6120,-726,-1100,25219,BAD
2733,2442,2299,2320,2422,13060,-3376,10304,-2340,1376,26795,BAD
2665,2303,2179,2215,2278,17580,-4944,14072,-2219,1912,24570,BAD
2418,1958,1712,1680,1771,22488,-6160,16152,-58,-33,19278,BAD
2480,2032,1802,1728,1794,25544,-5728,15824,3522,-2185,11108,BAD
2473,2032,1843,1712,1845,24824,-4464,15364,6611,-1923,2306,BAD
2467,2032,1771,1695,2037,21256,-3284,12588,9305,-1350,-5137,BAD
2601,2240,2150,2087,2221,14372,-1744,9056,10717,-1423,-8665,BAD
2759,2467,2434,2406,2418,7356,500,6316,9762,-2284,-8464,BAD
2785,2524,2349,2431,2365,652,2620,5132,6403,-1902,-3616,BAD
2645,2224,2382,2337,2388,-2220,2112,4636,1417,-2306,3205,BAD
2690,2442,2302,2354,2342,1736,964,6032,-2173,-1065,10536,BAD
2772,2485,2395,2448,2417,6600,-920,8168,-4650,2401,14817,BAD
2742,2415,2460,2311,2352,11856,-3392,11184,-5658,2691,15609,BAD
2608,2246,2185,2176,2303,17728,-5676,14108,-4626,1426,13707,BAD
2466,2043,1791,1759,1827,23776,-6812,15516,-1371,-213,7633,BAD
2443,2053,1771,1712,1823,26648,-6832,15580,2192,-218,-565,BAD
2453,2034,1798,1746,1859,25192,-6268,14400,5584,525,-8567,BAD
2517,2181,1979,2051,2178,17272,-4684,11048,7577,-1262,-13152,BAD
2598,2231,2238,2150,2381,12476,-2128,10276,7330,-4025,-14452,BAD
2705,2525,2505,2450,2431,7200,-1476,8156,6586,-3113,-13514,BAD
2617,2318,2256,2219,2346,380,1084,4424,5348,-1620,-7717,BAD
2617,2309,2255,2298,2321,-2384,4016,2364,500,-715,1031,BAD
2544,2252,2251,2227,2260,364,2540,3404,-5741,982,8826,BAD
2559,2341,2266,2293,2307,6484,-1340,6424,-9776,3261,13524,BAD
2698,2384,2290,2310,2332,12832,-4084,11204,-9725,6052,14153,BAD
2450,1968,1807,1876,1872,18356,-6804,13796,-7197,7661,10038,BAD
2422,2018,1722,1627,1834,22436,-7752,15304,-3746,7786,3913,BAD
2437,2023,1712,1618,1657,22884,-8004,16424,-1905,5682,-3032,BAD
2416,1997,1746,1600,1665,23204,-9052,15232,530,1645,-11377,BAD
2442,2058,1696,1725,1692,20432,-8404,13368,2904,2263,-17568,BAD
2507,2161,2122,1974,2144,14056,-6232,11176,2982,570,-20485,BAD
2650,2384,2315,2345,2291,9544,-3788,8924,1205,-3478,-20933,BAD
2640,2404,2325,2294,2340,5368,-500,6208,-1925,-4048,-17986,BAD
2559,2329,2250,2319,2314,8,3792,3180,-7361,-3759,-11978,BAD
2559,2288,2235,2253,2308,-1200,5404,4984,-15182,-1639,-3316,BAD
2631,2272,2244,2272,2275,2044,2884,8232,-19359,-1197,2182,BAD
2607,2320,2195,2289,2388,8820,804,12124,-19436,3338,5132,BAD
2606,2271,2151,2177,2267,13228,24,14304,-16915,6062,4532,BAD
2422,1921,1728,1591,1723,17740,-1176,16308,-14305,3533,823,BAD
2367,1953,1635,1680,1653,22584,-2560,18028,-10519,966,-4655,BAD
2398,1971,1714,1648,1615,24584,-2656,18280,-5839,820,-11020,BAD
2370,1919,1664,1633,1616,20940,-2424,15396,-2099,-868,-16687,BAD
2391,1954,1741,1697,1715,18924,-1672,13276,237,-3575,-21008,BAD
2545,2240,2102,2199,2215,13692,-224,10744,188,-5468,-22837,BAD
2635,2330,2267,2338,2313,8048,1712,6672,-315,-6801,-20934,BAD
2667,2371,2202,2335,2330,4288,4676,3920,-2884,-5215,-16050,BAD
2635,2370,2301,2361,2359,1116,6600,2648,-8375,-3570,-8133,BAD
2638,2352,2263,2351,2363,3744,5932,5140,-13820,-5205,-1334,BAD
2663,2317,2282,2215,2415,10112,3468,8492,-15475,-4639,3189,BAD
2402,2025,1719,1758,1710,16984,1940,12856,-14615,-1431,3120,BAD
2398,1898,1696,1576,1583,21548,-128,15436,-10907,-12,-758,BAD
2368,1898,1631,1570,1572,23588,124,14840,-5755,-2086,-7037,BAD
2370,1860,1627,1584,1584,23188,568,13648,-2389,-1403,-13520,BAD
2393,1930,1689,1642,1680,17380,964,11592,713,-813,-17562,BAD
2611,2227,2128,2158,2215,9648,2404,6932,2521,-4418,-17582,BAD
2656,2342,2289,2323,2354,4596,5652,4196,2034,-4376,-14228,BAD
2557,2252,2180,2255,2384,172,9040,928,-1034,-225,-6261,BAD
2624,2323,2203,2303,2313,-2128,9024,-68,-7282,1079,1702,BAD
2559,2292,2224,2228,2311,1784,6060,2236,-11754,3991,9238,BAD
2645,2320,2152,2315,2278,7724,3932,8388,-14025,5034,14759,BAD
2471,2000,1799,1756,1794,16888,-564,13344,-12725,4785,13609,BAD
2488,1979,1622,1559,1635,22988,-2032,16808,-7255,5269,9047,BAD
2406,1818,1587,1471,1535,27068,-880,17564,-1205,4305,1952,BAD
2420,1867,1580,1565,1567,26400,-1116,16264,2954,2415,-5807,BAD
2459,1859,1617,1553,1616,21912,-1580,14188,6658,-67,-12054,BAD
2482,1910,1683,1645,1655,18440,-1192,12204,9761,-1139,-16806,BAD
2632,2247,2170,2237,2289,12044,756,7700,12080,32,-17997,BAD
2646,2352,2250,2336,2320,4044,4300,3808,9579,288,-14076,BAD
2559,2178,2210,2109,2313,-864,7464,900,3814,-1025,-6217,BAD
2501,2243,2061,2256,2224,-868,7152,1028,-3683,-602,1698,BAD
2518,2153,2115,2097,2313,1460,5420,3284,-8317,3455,8916,BAD
2670,2309,2218,2241,2163,4868,3244,7592,-11567,5660,14274,BAD
2594,2221,2129,1875,2064,10604,512,12936,-11956,4391,16120,BAD
2385,1897,1631,1599,1579,19224,-1768,16988,-7978,3754,13191,BAD
2486,1936,1653,1535,1584,24500,-1364,19512,-2537,3911,7245,BAD
2501,2083,1680,1535,1535,25132,-1240,18980,2428,1882,-185,BAD
2501,1953,1680,1574,1600,24572,-1408,17556,7206,729,-7939,BAD
2533,1987,1715,1623,1623,20132,-1192,14176,11517,2094,-14368,BAD
2494,2081,1840,1927,2032,11048,864,8936,13462,2633,-15778,BAD
2706,2353,2285,2305,2258,2652,4560,3656,11128,275,-11134,BAD
2596,2218,2160,2219,2297,-1536,7416,1940,4685,-1453,-2980,BAD
2591,2246,2189,2182,2195,-1060,6364,2560,-2500,-2217,4944,BAD
2559,2291,2149,2220,2221,2264,4464,5336,-7230,-283,11527,BAD
2599,2198,2078,2047,2087,7404,2344,10200,-9868,2982,15470,BAD
2462,1952,1706,1687,1695,11728,-340,14244,-9239,3035,15955,BAD
2439,1888,1604,1535,1595,17380,-1404,16144,-5454,2428,13390,BAD
2448,1872,1598,1574,1584,18696,-68,15148,-2316,3860,10133,BAD
2463,1872,1631,1534,1684,17684,4,14268,-1029,4292,7093,BAD
2489,1873,1571,1552,1535,17756,-684,14376,583,4152,4018,BAD
2465,1884,1651,1535,1557,13564,112,12356,1785,4206,2586,BAD
2493,1915,1710,1675,1644,9692,880,10472,1581,2482,3389,BAD
2519,2000,1798,1647,1776,7232,616,10060,-262,788,5460,BAD
2528,2054,1822,1838,1853,6464,-80,10320,-2246,997,8525,BAD
2497,2030,1815,1802,1947,7036,-1648,10908,-3661,899,10940,BAD
2491,2007,1695,1651,1670,9952,-1748,13896,-3884,-142,13290,BAD
2485,1936,1691,1621,1687,15764,-3556,16144,-2421,-1960,11480,BAD
2500,1954,1665,1584,1606,20396,-4012,18928,1002,-2416,7451,BAD
2522,1985,1757,1605,1663,21832,-5096,18180,5356,-3800,780,BAD
2546,1989,1699,1600,1535,19928,-3500,16832,9789,-3716,-5122,BAD
2480,1863,1667,1643,1463,14360,-2740,13132,12195,-4409,-8319,BAD
2467,1946,1689,1691,1644,9364,-1056,9408,12641,-4908,-8107,BAD
2553,2033,1801,1818,1857,4144,1636,6108,10617,-4357,-4243,BAD
2579,2192,2039,2096,2128,572,3052,3532,6759,-3558,2031,BAD
2597,2193,2102,2085,2091,272,2868,4240,1483,-3194,8689,BAD
2549,2176,2064,2091,2081,2940,208,5872,-2093,-768,14361,BAD
2462,1947,1761,1561,1780,6592,-1648,9344,-3640,1959,18071,BAD
2442,1922,1695,1605,1692,10684,-3584,12484,-3719,1495,18480,BAD
2512,1961,1671,1565,1585,16784,-4920,16700,-1198,-317,16114,BAD
2528,2029,1710,1535,1595,23220,-5804,17576,4569,-577,9749,BAD
2551,2037,1664,1607,1475,23924,-4560,17676,9056,270,2123,BAD
2551,2003,1761,1505,1602,21856,-3700,15596,13211,-451,-4371,BAD
2543,2033,1845,1605,1599,16604,-2420,12596,15393,-1185,-8268,BAD
2452,1841,1584,1488,1535,11232,-560,9888,15942,-2459,-8757,BAD
2448,1888,1629,1590,1635,7264,1260,7964,14946,-2687,-6750,BAD
2479,1933,1685,1665,1612,2640,3036,5240,12380,-2110,-1839,BAD
2485,1927,1692,1660,1630,-212,4148,4344,7854,-2306,4890,BAD
2549,1933,1663,1657,1669,2764,3032,5600,3313,-838,10654,BAD
2483,1920,1648,1602,1639,6128,524,8464,1224,2204,14645,BAD
2480,1871,1630,1581,1535,9736,-1096,10988,470,2274,16835,BAD
2531,1981,1744,1680,1617,15428,-2808,13728,924,1487,15341,BAD
2509,2001,1680,1610,1490,19736,-3332,15940,3151,1841,11617,BAD
2559,2035,1702,1535,1501,21988,-4080,16332,5929,699,5874,BAD
2547,2061,1669,1535,1430,22628,-3744,16192,9162,84,-1033,BAD
2553,2062,1695,1530,1519,19852,-2588,14520,12357,744,-6488,BAD
2528,2022,1583,1596,1505,13696,-840,11296,13288,-451,-9080,BAD
2513,1971,1586,1581,1534,9148,1072,8672,12569,-1402,-8395,BAD
2455,1886,1649,1574,1587,3964,3320,6080,10383,-601,-4432,BAD
2483,1920,1678,1613,1650,-20,4864,4944,5721,-1132,2159,BAD
2485,1898,1648,1565,1574,2188,4516,6460,564,-126,9078,BAD
2410,1894,1632,1535,1615,5940,1140,8128,-2287,2317,13462,BAD
2530,1975,1671,1607,1502,8636,-96,10404,-3616,3910,16235,BAD
2508,1968,1649,1535,1740,12412,-2052,13212,-3898,3391,17064,BAD
2511,1968,1661,1511,1465,17624,-3956,15964,-2806,1636,14429,BAD
3277,182,11,112,1265,4388,16072,-752,1163,634,-573,FINE
3273,178,13,112,1264,3940,16108,-980,555,820,-635,FINE
3278,182,13,114,1280,3928,15772,-924,75,167,-109,FINE
3280,180,16,114,1297,4408,15784,-944,-60,77,209,FINE
3279,181,14,136,1301,4380,16028,-1016,-47,286,214,FINE
3275,182,11,128,1297,4448,16184,-780,-404,867,155,FINE
3278,179,14,147,1296,4208,16044,-1112,-378,84,359,FINE
3279,176,12,152,1281,4552,16440,-1040,-430,212,323,FINE
3277,176,13,148,1264,4344,16036,-1572,-223,-257,483,FINE
3271,181,10,145,1259,4628,16428,-996,-12,-396,713,FINE
3266,179,11,126,1254,4332,16204,-1668,43,-325,511,FINE
3270,176,11,135,1255,4536,16080,-1200,14,-465,344,FINE
3275,176,13,124,1267,4224,16064,-1088,125,-384,229,FINE
3273,176,13,117,1293,4324,15972,-1152,189,-504,170,FINE
3271,176,13,139,1282,4224,15952,-1128,226,-555,69,FINE
3272,173,12,117,1281,4216,15936,-968,208,-301,-21,FINE
3271,172,12,130,1289,4132,15960,-896,136,-222,-41,FINE
3275,176,5,128,1276,4052,15972,-1136,167,132,-189,FINE
3269,173,10,114,1259,4064,16248,-1236,-82,-229,83,FINE
3271,176,9,112,1251,4264,16056,-1028,-274,-519,312,FINE
3274,173,12,111,1248,4448,15820,-668,-76,-391,341,FINE
3270,176,12,101,1253,4612,16204,-784,75,157,27,FINE
3273,176,11,130,1273,4304,16376,-1016,-2,140,78,FINE
3270,176,13,141,1290,4336,16196,-1004,-105,-315,258,FINE
3274,176,5,117,1294,4548,16068,-740,40,-35,-16,FINE
3275,175,7,128,1296,4440,16144,-828,214,-87,118,FINE
3271,174,4,112,1289,4396,16264,-744,153,-200,131,FINE
3274,177,11,109,1271,4572,16168,-872,154,111,-22,FINE
3270,176,9,102,1255,4268,15972,-1140,116,-467,193,FINE
3271,173,7,106,1250,4644,15948,-1116,250,-332,59,FINE
3269,176,9,97,1246,4436,16036,-1020,377,78,-180,FINE
3270,176,7,94,1254,4192,16272,-844,108,53,24,FINE
3268,176,11,102,1271,4508,16012,-1000,-31,-284,95,FINE
3275,176,11,110,1286,4528,15852,-1100,238,259,-200,FINE
3277,176,15,126,1296,4116,15984,-928,253,-217,-41,FINE
3274,176,17,135,1296,4316,16024,-872,234,-267,41,FINE
3273,176,12,118,1293,4208,16240,-996,152,-222,-136,FINE
3274,174,15,112,1271,4216,15824,-912,244,-159,-59,FINE
3273,176,16,125,1253,4212,16012,-848,364,159,-52,FINE
3273,176,7,112,1248,4372,16300,-780,207,328,-163,FINE
3271,176,13,99,1246,4200,16224,-904,59,491,-181,FINE
3271,177,11,119,1248,4064,16160,-912,116,-89,54,FINE
3271,176,9,134,1264,4380,16140,-532,288,-212,102,FINE
3275,176,13,112,1291,4292,16288,-944,311,-63,93,FINE
3275,176,14,110,1294,4508,16208,-672,198,505,-145,FINE
3277,176,13,103,1291,3952,16056,-1140,198,23,56,FINE
3270,176,11,106,1287,4092,15840,-1092,231,-1045,602,FINE
3273,177,12,114,1267,4660,16004,-684,295,-883,566,FINE
3271,177,11,112,1255,4560,16300,-620,433,695,24,FINE
3268,178,12,119,1248,3816,16416,-816,164,134,196,FINE
3270,186,15,112,1246,4164,15952,-732,159,-557,497,FINE
3270,187,13,95,1249,4368,15944,-836,280,-543,309,FINE
3271,188,11,108,1264,4684,16280,-680,319,325,-1,FINE
3277,179,11,129,1283,4180,16272,-952,86,658,-57,FINE
3275,179,15,114,1287,4276,15928,-928,47,228,45,FINE
3277,181,13,128,1291,4168,16004,-848,187,-70,-53,FINE
3276,181,16,128,1283,4568,16072,-628,260,0,-67,FINE
3280,183,6,109,1265,4168,16176,-788,63,284,-160,FINE
3275,186,11,101,1251,4308,16176,-872,-55,552,-246,FINE
3277,188,13,94,1245,3884,15908,-1132,71,-101,-29,FINE
3280,187,7,115,1245,4648,16172,-676,124,-270,109,FINE
3280,181,8,106,1261,3980,16276,-784,100,323,-111,FINE
3281,190,11,102,1278,4340,16144,-492,24,289,-92,FINE
3286,182,16,107,1298,3980,15984,-1040,116,-91,191,FINE
3289,181,16,144,1302,4620,16364,-668,70,-643,347,FINE
3285,181,10,123,1297,4500,16248,-640,31,318,14,FINE
3285,186,14,123,1296,4256,16264,-516,-115,172,77,FINE
3280,178,11,112,1275,4168,16016,-700,61,123,47,FINE
3280,183,9,102,1264,4300,16004,-868,368,-282,209,FINE
3281,187,5,101,1259,4324,16604,-512,168,22,112,FINE
3285,185,14,100,1262,4236,16092,-836,-55,323,17,FINE
3281,186,13,97,1264,3908,15964,-896,-15,-22,226,FINE
3282,180,14,102,1280,4044,15708,-832,100,-582,532,FINE
3281,187,7,106,1296,4448,16300,-508,151,-311,537,FINE
3284,183,15,134,1302,4388,16216,-796,-193,80,403,FINE
3283,187,13,144,1297,4168,15936,-940,-293,-156,435,FINE
3286,187,13,128,1296,4572,15608,-524,-150,-312,370,FINE
3285,181,7,120,1280,4228,16196,-488,136,49,173,FINE
3285,186,11,115,1266,4588,16516,-524,-119,249,100,FINE
3283,182,16,112,1266,4248,16096,-556,-191,592,-108,FINE
3285,183,16,126,1274,4200,15704,-436,447,32,6,FINE
3287,186,14,134,1275,4484,16240,-312,613,-59,138,FINE
3290,185,11,147,1297,4448,16508,-364,402,153,-28,FINE
3286,185,15,141,1312,4468,16324,-488,185,746,-179,FINE
3289,186,14,148,1319,4236,15900,-940,240,113,19,FINE
3292,181,10,130,1318,4332,15868,-784,463,-50,9,FINE
3286,182,11,125,1311,4576,16308,-468,305,-254,-51,FINE
3285,185,12,126,1296,4492,16216,-456,83,277,-233,FINE
3284,186,16,114,1280,4248,16516,-236,-222,670,-363,FINE
3284,183,13,115,1271,3660,15448,-1144,-121,-441,68,FINE
3289,188,15,118,1277,4832,15748,-84,365,-295,220,FINE
3283,186,13,129,1284,3952,16496,-432,280,59,32,FINE
3285,186,7,153,1299,4372,16372,-72,-93,223,-63,FINE
3285,186,15,135,1313,3904,15808,-640,53,79,68,FINE
3285,186,16,130,1319,4256,15712,-388,539,-290,251,FINE
3289,188,9,128,1323,4432,16528,-364,589,-376,302,FINE
3289,179,7,121,1313,4396,16436,-380,135,164,61,FINE
3283,179,10,133,1296,4360,16024,-528,67,46,-12,FINE
3282,179,14,124,1281,4380,15724,-804,465,62,-57,FINE
3282,181,18,119,1279,4276,16136,-584,513,-633,155,FINE
3290,189,15,151,1282,4504,16560,-324,280,91,-171,FINE
3290,186,10,163,1293,4044,16248,-708,98,310,-259,FINE
3294,183,17,172,1305,4040,15824,-868,350,-87,-48,FINE
3290,183,14,148,1319,4172,16400,-524,338,-411,123,FINE
3293,186,16,145,1327,4096,16340,-336,103,89,24,FINE
3293,183,15,144,1324,4088,16248,-336,136,270,71,FINE
3298,181,13,139,1314,4004,15884,-820,456,36,187,FINE
3293,183,11,160,1298,4164,16452,-232,307,-268,283,FINE
3293,182,11,160,1281,4192,16124,-356,206,100,186,FINE
3293,185,9,149,1281,4232,16072,-344,303,241,273,FINE
3291,187,14,151,1280,4192,16012,-868,236,-191,320,FINE
3292,183,10,159,1289,4364,16168,-496,152,-424,245,FINE
3293,189,9,160,1300,4496,16344,-372,-69,-358,150,FINE
3294,186,14,150,1319,4356,15988,-180,-212,295,134,FINE
3296,182,11,171,1325,3988,15596,-572,-36,-276,165,FINE
3293,187,10,157,1322,4248,16180,-72,395,-519,250,FINE
3297,190,13,145,1313,4016,16248,-276,198,-428,225,FINE
3295,189,15,144,1296,4472,16024,-364,-107,-656,376,FINE
3295,190,11,141,1280,4312,15940,-372,66,2,76,FINE
3294,189,13,142,1275,4124,16004,-680,141,-324,16,FINE
3297,183,10,137,1277,4224,15852,-376,15,-1549,277,FINE
3297,187,11,144,1283,4792,16232,76,76,-524,-29,FINE
3299,186,16,133,1281,4256,15904,-688,111,-705,-146,FINE
3299,189,16,137,1305,4444,16124,-456,182,-530,-197,FINE
3298,192,11,141,1307,4208,16036,-868,-80,-991,-84,FINE
3299,186,14,170,1311,4360,16424,-192,-109,-493,-211,FINE
3295,186,13,147,1302,4140,16144,-636,-157,-72,-288,FINE
3299,190,14,142,1289,4188,16084,-476,-75,-113,-49,FINE
3300,187,14,140,1275,3908,16296,-1032,53,-1003,241,FINE
3299,189,9,150,1265,4704,16228,36,5,-313,135,FINE
3301,189,8,159,1264,4144,16276,-556,153,334,5,FINE
3297,189,14,144,1266,4400,16380,-436,100,35,167,FINE
3301,189,10,131,1274,4116,16120,-580,128,-235,159,FINE
3300,190,15,133,1285,4336,15900,-588,535,-591,184,FINE
3301,188,11,138,1286,4656,16324,-376,616,-413,184,FINE
3299,181,14,131,1290,4452,16400,-284,389,565,-92,FINE
3299,179,9,128,1281,4060,15948,-784,422,625,-78,FINE
3297,179,12,128,1267,4180,16016,-812,485,-267,204,FINE
3296,182,10,126,1261,4320,16180,-364,590,-293,48,FINE
3297,186,7,130,1255,4292,16464,8,443,392,-105,FINE
3295,186,13,123,1250,4040,16236,-564,88,371,81,FINE
3293,179,14,118,1259,4088,15832,-668,195,341,176,FINE
3298,182,13,121,1273,4428,15636,-768,513,18,114,FINE
3296,185,10,118,1284,4228,16428,-100,671,434,14,FINE
3298,186,14,123,1283,4384,16396,-460,96,346,132,FINE
3298,186,15,125,1281,4148,15936,-680,65,661,84,FINE
3297,183,13,122,1278,4036,15800,-552,316,-154,247,FINE
3299,184,10,138,1258,4648,16340,-180,484,155,15,FINE
3298,185,14,125,1242,4596,16412,-428,63,858,-323,FINE
3297,182,16,123,1236,4308,16332,-324,-562,1601,-519,FINE
3297,183,13,113,1241,3320,15196,-832,-392,439,-175,FINE
3303,187,14,143,1247,4284,15692,-64,348,-395,177,FINE
3302,183,12,149,1262,3916,16840,16,153,-103,150,FINE
3303,186,13,163,1274,4356,16344,12,-99,611,18,FINE
3302,178,16,142,1276,3988,15972,-352,69,750,-16,FINE
3301,176,11,134,1270,3704,15764,-452,560,-90,287,FINE
3306,176,14,128,1269,4580,16504,104,449,-590,476,FINE
3302,179,11,128,1253,4540,16472,-200,106,762,20,FINE
3299,177,14,117,1245,4424,15984,-620,82,1041,-175,FINE
3300,179,14,118,1237,3680,15672,-796,581,-446,211,FINE
3296,181,16,138,1239,4612,16216,-176,730,-1031,428,FINE
3299,182,16,127,1239,5052,16792,-104,157,765,-146,FINE
3297,176,14,142,1252,4128,16024,-476,-146,1337,-291,FINE
3296,176,11,143,1262,3600,15500,-532,504,25,305,FINE
3297,176,16,143,1264,4328,16260,52,820,-322,509,FINE
3293,176,13,137,1259,4444,16660,-20,359,838,36,FINE
3293,174,10,131,1248,3700,16164,-368,192,978,13,FINE
3291,175,9,112,1229,3704,15768,-380,508,318,216,FINE
3291,174,11,112,1219,4280,16068,-364,651,-375,290,FINE
3292,175,11,117,1218,4296,16396,-24,439,161,93,FINE
3286,178,11,119,1213,4408,16108,-172,251,551,-20,FINE
3285,181,14,109,1237,4024,16008,-536,256,407,103,FINE
3290,176,15,101,1229,4208,15768,-544,392,-323,205,FINE
3287,176,12,99,1236,4456,16144,-48,472,-27,25,FINE
3290,176,14,98,1244,4480,16312,-204,305,501,-52,FINE
3284,178,14,93,1235,4196,16036,-596,99,592,-189,FINE
3283,176,6,90,1232,4364,15912,-536,217,648,-138,FINE
3283,177,7,85,1217,4260,15964,-420,347,853,98,FINE
3282,176,14,112,1211,4120,16248,-324,182,12,405,FINE
3280,179,11,96,1204,4096,16408,-68,219,581,227,FINE
3284,178,7,90,1210,3860,16304,-388,183,205,120,FINE
3285,177,7,83,1215,4000,16252,-208,287,-256,176,FINE
3283,180,11,86,1229,4248,16240,-80,444,68,80,FINE
3282,182,11,83,1237,4216,16304,-268,333,149,109,FINE
3282,179,11,93,1237,4272,16116,-216,223,39,176,FINE
3282,183,15,102,1244,4264,16080,-244,328,263,120,FINE
3281,178,16,86,1235,4124,16220,-452,289,-106,248,FINE
3280,178,9,91,1224,4480,16116,-192,361,-179,283,FINE
3280,180,5,85,1214,4496,16380,80,222,370,68,FINE
3280,178,8,108,1210,4056,15940,-416,226,169,62,FINE
3280,183,14,116,1206,4344,15880,-396,247,-600,346,FINE
3280,181,13,116,1204,4348,16004,-136,406,115,110,FINE
3280,182,12,112,1221,4520,16288,-228,431,869,-12,FINE
3280,183,15,90,1228,3888,16284,-180,114,720,178,FINE
3276,187,16,90,1229,3972,15852,-232,26,-319,357,FINE
3279,183,9,79,1217,4580,15900,-300,326,-64,148,FINE
3279,185,6,81,1206,4372,16220,104,358,314,-90,FINE
3278,187,15,82,1195,4024,16128,-80,231,368,-85,FINE
3280,185,15,77,1187,4212,16084,-380,44,-130,100,FINE
3280,187,14,78,1191,4156,15900,-404,253,-186,-13,FINE
3277,185,7,77,1198,4352,16248,104,479,181,-79,FINE
3280,191,14,80,1201,4344,16248,-316,156,-89,18,FINE
3282,186,13,80,1220,4360,16268,-100,73,373,-137,FINE
3283,186,11,82,1227,4212,15872,-384,197,375,-169,FINE
3280,190,9,97,1232,4228,16276,-124,359,211,-77,FINE
3281,183,10,81,1230,4112,16360,-180,213,266,-86,FINE
3283,186,15,84,1218,4416,16148,-12,-4,40,3,FINE
3280,182,7,100,1204,3828,15936,-476,172,-213,96,FINE
3280,183,9,82,1196,4392,16048,-160,229,-751,330,FINE
3281,188,13,80,1190,4464,16328,164,148,-244,-8,FINE
3289,183,11,80,1199,4284,16212,96,378,832,-319,FINE
3286,185,13,80,1203,3852,16208,-240,222,251,16,FINE
3293,182,14,81,1216,3840,15796,-360,272,-807,293,FINE
3293,186,10,96,1225,4296,16240,340,407,-99,71,FINE
3295,182,15,93,1230,4284,16132,-80,326,446,-109,FINE
3296,187,9,105,1231,4164,16088,-188,461,667,-161,FINE
3299,186,15,94,1216,3656,15840,-500,580,-369,99,FINE
3296,185,12,87,1201,4432,16324,-176,500,-669,245,FINE
3295,181,14,91,1196,4620,16300,-476,80,370,-134,FINE
3293,187,11,90,1190,4340,16052,-288,-173,1218,-312,FINE
3295,182,15,80,1191,3340,15804,-684,88,695,-183,FINE
3294,179,16,96,1204,4192,15932,-304,126,-1473,665,FINE
3290,187,18,97,1215,4640,16740,524,67,256,67,FINE
3294,183,16,94,1226,4228,16244,-232,-55,826,-241,FINE
3284,182,13,91,1223,3804,15852,-200,331,317,-51,FINE
3289,181,13,85,1221,3960,16060,-160,544,-572,227,FINE
3282,178,11,85,1212,4380,16416,140,358,-119,26,FINE
3283,179,14,80,1199,4276,16352,8,347,755,-272,FINE
3285,181,19,79,1191,3832,16056,-488,358,377,-46,FINE
3283,181,16,75,1189,3932,16064,-104,447,-116,123,FINE
3290,185,15,77,1189,4296,16200,-136,381,-51,118,FINE
3291,189,10,94,1201,3980,16236,-276,268,146,165,FINE
3291,183,7,103,1213,4232,16244,-224,151,349,87,FINE
3287,190,11,83,1221,3848,15992,-396,233,184,71,FINE
3297,191,3,86,1221,4040,16004,-216,431,-737,515,FINE
3294,186,10,108,1217,4356,16552,228,299,-36,228,FINE
3296,182,13,112,1210,4220,16300,-112,153,616,-165,FINE
3297,182,11,111,1197,3884,15700,-304,452,175,59,FINE
3295,186,10,110,1182,3864,16032,-244,603,-915,438,FINE
3294,185,12,96,1179,4560,16708,-32,224,-430,96,FINE
3291,179,10,80,1173,4312,16248,-272,-172,860,-350,FINE
3292,182,5,80,1183,4028,15876,-400,65,515,-197,FINE
3293,183,14,80,1198,3444,16192,-268,344,-704,225,FINE
3289,183,13,77,1200,4500,16476,472,285,-680,214,FINE
3286,182,7,83,1205,4332,16496,32,259,1479,-234,FINE
3284,180,5,83,1202,3840,15880,-512,227,799,-6,FINE
3287,181,11,86,1197,3700,15788,-400,560,-558,435,FINE
3287,180,7,105,1183,4584,16308,72,641,-606,265,FINE
3284,178,11,103,1179,4316,16596,100,431,955,-216,FINE
3283,179,11,107,1178,4024,16092,-308,218,1033,-356,FINE
3281,179,10,114,1171,3624,15808,-428,370,-211,57,FINE
3283,184,9,87,1179,4400,16184,220,457,-564,210,FINE
3283,182,10,81,1191,4364,16512,-152,133,521,-186,FINE
3284,181,7,80,1195,3868,16080,-228,-73,565,-148,FINE
3283,181,16,80,1198,3908,15960,-252,132,122,61,FINE
3283,181,7,83,1193,3984,16252,-40,174,-409,243,FINE
3283,179,10,72,1186,4344,16528,260,152,306,12,FINE
3281,182,14,91,1174,3836,16256,-340,108,363,-31,FINE
3281,179,11,92,1166,3776,15996,-340,152,-433,170,FINE
3280,186,14,97,1164,4500,15732,48,305,-670,137,FINE
3279,178,14,83,1167,4180,16216,308,539,587,-184,FINE
3279,183,10,102,1171,3920,15952,-256,390,112,-61,FINE
3279,181,10,95,1188,4288,16240,-44,423,193,-148,FINE
3279,178,16,80,1191,3824,16416,-424,231,-68,-63,FINE
3278,180,13,94,1197,4172,16096,-208,30,-98,-28,FINE
3277,178,11,77,1191,4016,16188,-320,86,62,-33,FINE
3274,179,11,67,1182,4052,16344,-112,300,325,-227,FINE
3273,181,6,64,1168,4024,16372,-76,137,206,-229,FINE
3274,179,12,68,1168,3836,16168,-132,137,-133,23,FINE
3269,184,11,64,1156,4108,16432,128,291,125,55,FINE
3273,185,9,68,1159,4040,16340,-156,280,189,-36,FINE
3268,184,12,64,1168,3908,16248,-60,373,290,84,FINE
3267,183,6,65,1179,4012,16208,-180,193,38,225,FINE
3271,181,6,64,1183,3956,16436,-60,170,392,123,FINE
3271,182,10,67,1186,3972,16252,24,237,478,82,FINE
3274,179,9,73,1184,3588,16192,-72,134,-132,408,FINE
3269,179,14,66,1173,4224,16052,72,241,-53,424,FINE
3267,181,10,64,1162,4112,16092,116,300,443,193,FINE
3266,178,13,66,1158,4012,16172,64,290,483,73,FINE
3266,179,6,61,1153,3908,16092,-444,228,153,84,FINE
3266,176,11,64,1157,4052,16300,76,3,5,5,FINE
3269,181,10,64,1164,3944,15964,-188,83,-124,89,FINE
3269,177,11,64,1172,4188,16252,176,204,2,71,FINE
3267,185,7,64,1177,3800,16336,124,187,94,-36,FINE
3267,189,15,90,1182,4152,16200,212,231,151,76,FINE
3266,185,9,86,1175,3748,16092,-360,417,-144,227,FINE
3266,179,9,86,1165,4076,16284,-48,516,-78,105,FINE
3265,179,6,68,1150,3956,16144,-232,575,-384,176,FINE
3264,176,6,56,1137,4028,16544,336,483,-47,63,FINE
3264,179,14,89,1136,4084,16268,116,279,467,-74,FINE
3263,180,4,64,1137,3804,15880,60,387,439,142,FINE
3265,176,6,58,1147,3708,16028,-208,555,-507,486,FINE
3262,178,10,55,1155,4344,16208,92,535,-145,202,FINE
3261,182,11,58,1165,4252,16408,-84,225,492,-42,FINE
3268,178,15,61,1162,3964,16084,-420,71,646,-26,FINE
3264,180,4,55,1154,3852,15880,-328,185,-283,219,FINE
3264,176,12,80,1152,4180,16376,276,278,-213,200,FINE
3262,176,15,64,1136,4288,16264,204,175,316,-153,FINE
3264,178,13,86,1135,3920,16296,-124,185,837,-159,FINE
3261,176,5,77,1131,3952,16176,-276,177,223,-128,FINE
3264,183,14,80,1134,4204,16116,-56,427,396,-326,FINE
3265,176,9,69,1140,4392,16504,192,473,1243,-752,FINE
3267,180,8,66,1153,3644,16224,24,327,1482,-829,FINE
3275,180,10,66,1163,3128,15988,-4,242,-214,63,FINE
3279,181,9,62,1163,3752,16164,-96,492,-622,307,FINE
3277,178,13,71,1157,4092,16384,52,404,330,56,FINE
3279,182,9,92,1151,3768,16124,12,226,619,36,FINE
3279,181,11,101,1139,3556,16120,-168,98,201,332,FINE
3278,181,9,98,1134,4008,16084,-152,132,-473,528,FINE
3277,178,16,100,1133,4328,16320,340,224,304,137,FINE
3276,182,16,75,1135,3856,16292,164,163,575,18,FINE
3278,185,12,91,1145,3968,16172,-72,132,290,135,FINE
3278,178,10,90,1155,3852,16060,-192,157,15,106,FINE
3274,179,11,80,1165,4260,15980,-16,228,-708,188,FINE
3276,176,13,91,1166,4052,16388,220,433,216,-56,FINE
3278,177,10,78,1162,3852,16448,260,271,198,-54,FINE
3277,184,9,62,1142,3796,16008,-72,333,138,-24,FINE
3276,177,11,59,1136,3800,16088,12,464,-305,263,FINE
3270,182,9,57,1131,3848,16280,-188,313,-581,376,FINE
3277,180,11,57,1131,4176,16300,140,-62,-98,50,FINE
3274,187,13,59,1136,4100,16084,-188,-61,546,-290,FINE
3274,181,11,64,1142,3676,16112,-8,77,395,-124,FINE
3273,179,9,63,1155,3632,16160,-192,77,-665,246,FINE
3276,178,10,58,1152,4108,16456,240,36,-309,71,FINE
3270,181,6,54,1152,3924,16232,-28,111,100,-203,FINE
3273,180,5,51,1145,4136,16132,124,5,68,-159,FINE
3271,178,7,70,1135,3728,15976,184,158,211,-79,FINE
3266,179,11,79,1122,3776,16332,88,284,231,0,FINE
3264,176,13,76,1109,3844,16232,40,180,257,-70,FINE
3265,177,14,80,1105,3688,16080,160,357,285,-47,FINE
3269,181,13,74,1106,3888,16256,160,391,210,13,FINE
3264,181,16,50,1109,3892,16136,52,390,426,-120,FINE
3267,179,14,64,1123,3780,16240,-36,422,-54,73,FINE
3263,177,13,48,1121,3764,16464,156,211,-427,221,FINE
3261,183,3,48,1114,4136,16172,96,252,392,-133,FINE
3263,185,5,48,1107,3672,16044,160,428,665,-296,FINE
3264,180,5,42,1094,3768,16344,28,440,-87,21,FINE
3262,180,9,35,1083,3760,16424,180,209,-71,137,FINE
3257,179,6,38,1073,3816,16348,344,194,239,100,FINE
3261,181,10,59,1075,3852,16044,-216,285,109,9,FINE
3261,181,10,64,1074,3896,16236,216,324,-310,62,FINE
3265,178,11,48,1084,3732,16332,128,357,-123,125,FINE
3263,179,10,45,1090,4016,16224,68,111,459,20,FINE
3264,176,12,64,1098,3736,16224,-248,0,658,-44,FINE
3265,176,14,64,1100,3172,16016,-176,12,-708,276,FINE
3262,179,11,63,1093,4008,16172,408,12,-832,369,FINE
3264,182,7,62,1084,4112,16252,476,-98,231,36,FINE
3264,182,13,67,1072,3672,16312,260,42,619,-188,FINE
3264,179,9,48,1063,3544,16152,172,251,-37,100,FINE
3263,178,13,47,1057,3780,16228,368,383,-401,163,FINE
3263,182,10,41,1063,3964,16444,376,400,136,-123,FINE
3265,183,10,60,1073,3928,16208,168,380,565,-170,FINE
3267,183,11,57,1082,3692,16204,16,538,204,-23,FINE
3264,181,9,48,1088,3828,16132,-128,610,-280,147,FINE
3262,179,11,61,1090,3840,16408,-60,530,-352,142,FINE
3264,178,16,48,1084,4104,16436,-8,254,88,-2,FINE
3264,179,6,48,1073,3824,16408,136,123,751,-222,FINE
3259,179,6,48,1070,3280,15992,48,307,117,68,FINE
3262,176,9,49,1069,3536,16132,76,372,-794,538,FINE
3262,178,11,59,1066,3960,16304,492,240,-117,382,FINE
3266,177,9,48,1069,4032,16120,228,252,537,-5,FINE
3264,179,7,44,1077,3476,16100,-136,350,467,34,FINE
3262,181,5,42,1073,3708,16080,-140,383,-409,301,FINE
3262,179,7,43,1088,4124,16556,176,172,-1,159,FINE
3262,178,10,74,1092,4068,16208,-4,-44,555,-301,FINE
3265,182,10,63,1085,3636,16004,28,57,112,-203,FINE
3265,177,5,48,1072,3760,16152,256,227,-253,-12,FINE
3265,176,7,42,1062,3900,16412,356,358,314,-106,FINE
3262,177,14,48,1056,3460,16340,56,308,217,-135,FINE
3263,181,10,39,1047,3684,16256,68,294,80,-23,FINE
3263,181,11,38,1053,3672,16156,-64,233,48,24,FINE
3262,182,14,66,1067,4060,15924,0,195,200,-7,FINE
3262,182,13,48,1072,3540,16328,-12,245,105,-1,FINE
3266,186,7,49,1072,3780,16356,540,-88,-44,29,FINE
3267,181,12,62,1072,3580,16064,272,64,36,2,FINE
3259,182,13,66,1063,3648,16264,364,363,-40,157,FINE
3259,183,10,95,1050,3628,16340,180,330,-176,249,FINE
3257,182,7,80,1023,3852,16360,348,274,246,48,FINE
3250,182,12,58,1012,3660,16220,116,325,244,45,FINE
3255,180,12,76,1021,3780,16124,68,493,-157,209,FINE
3255,178,13,80,1032,3676,16352,248,561,-93,123,FINE
3257,182,8,81,1040,4056,16288,36,223,322,-62,FINE
3260,176,6,60,1047,3628,16068,-100,224,460,-94,FINE
3258,176,12,55,1051,3608,16104,-84,192,-163,77,FINE
3258,176,14,58,1051,4116,16140,224,207,-258,-9,FINE
3259,176,11,53,1045,3772,16392,436,196,340,-233,FINE
3258,176,14,77,1037,3516,16156,176,215,197,-162,FINE
3259,180,14,82,1023,3616,16256,300,246,-75,-22,FINE
3250,179,16,83,1015,3428,16208,328,490,-50,106,FINE
3259,176,9,61,1010,3540,16524,192,368,-116,234,FINE
3258,180,10,60,1017,3724,16236,112,257,342,41,FINE
3255,177,9,53,1023,3448,16212,116,282,510,115,FINE
3255,176,7,47,1035,3376,16084,44,397,-741,588,FINE
3254,178,11,43,1033,4264,16416,424,446,108,236,FINE
3255,179,13,41,1023,3908,16200,64,247,676,-88,FINE
3253,176,11,55,1020,3456,16096,128,184,152,189,FINE
3255,177,9,39,1007,3668,15984,36,274,-588,412,FINE
3257,178,10,47,999,4016,16408,216,347,48,59,FINE
3250,177,9,48,992,3632,16492,372,136,533,-148,FINE
3252,180,10,42,990,3464,16068,124,186,289,101,FINE
3253,180,15,34,998,3428,16156,108,227,-433,532,FINE
3251,180,10,43,1005,4016,16140,240,444,22,182,FINE
3253,181,15,40,1008,3840,16496,252,351,687,-92,FINE
3253,178,13,42,1009,3468,16288,-352,5,89,147,FINE
3251,180,9,38,1011,4056,16336,244,-237,-282,283,FINE
3251,179,10,41,1008,3872,16288,176,-113,105,114,FINE
3250,183,10,35,995,3604,16244,432,31,128,87,FINE
3255,179,8,32,993,3596,16312,588,228,-62,259,FINE
3253,183,9,27,987,3852,16236,384,317,57,347,FINE
3248,189,8,31,979,3712,16488,408,349,288,158,FINE
3250,185,7,33,986,3764,16268,312,343,263,74,FINE
3250,177,9,34,996,3672,16040,188,423,-136,202,FINE
3254,177,10,51,1008,3896,16128,160,635,-274,211,FINE
3251,176,13,43,1010,3992,16532,376,547,268,-61,FINE
3253,177,5,35,1013,3808,16116,232,401,453,-176,FINE
3254,176,4,48,999,3508,15984,308,615,134,45,FINE
3250,177,4,41,989,3576,16252,80,659,-277,298,FINE
3250,177,5,51,979,4120,16376,148,351,49,54,FINE
3250,179,9,49,977,3648,16300,252,115,623,-127,FINE
3251,176,10,33,975,3400,16068,-24,197,53,257,FINE
3253,176,13,58,979,3788,16196,304,277,-6,334,FINE
3251,176,9,67,991,3952,16436,456,321,437,110,FINE
3254,177,6,34,991,3660,16368,136,90,237,215,FINE
3250,176,5,33,992,3968,16216,244,150,364,190,FINE
3248,176,10,65,991,3668,16176,296,341,233,86,FINE
3252,177,7,58,980,3764,16144,196,549,43,181,FINE
3250,177,6,31,969,3924,16536,300,254,98,195,FINE
3248,176,13,32,960,3716,16224,252,74,188,110,FINE
3248,176,10,45,957,3884,15996,164,308,433,37,FINE
3248,178,7,35,954,3640,15996,-24,493,-257,249,FINE
3248,180,9,25,961,3944,16540,872,303,32,218,FINE
3249,185,10,60,974,3772,16200,96,169,458,26,FINE
3249,181,13,64,985,3660,16072,64,333,683,-45,FINE
3250,176,7,35,981,3592,15916,72,464,-515,375,FINE
3249,179,9,30,980,3876,16508,476,581,-244,385,FINE
3251,182,11,33,976,4184,16376,252,299,397,30,FINE
3249,181,10,27,966,3692,16080,104,236,553,-110,FINE
3249,182,10,27,961,3888,15980,76,422,-113,182,FINE
3247,184,9,28,959,3720,16292,72,537,-338,227,FINE
3248,180,13,29,960,4100,16548,432,408,262,-22,FINE
3248,179,15,27,970,3732,16228,24,219,493,-12,FINE
3248,179,10,32,979,3620,16100,72,247,206,181,FINE
3248,177,11,32,988,3656,16036,56,405,-218,240,FINE
3248,179,13,36,992,3872,16352,380,436,378,51,FINE
3250,187,13,48,994,3656,16192,192,158,204,79,FINE
3248,180,11,31,983,3712,16080,464,70,342,42,FINE
3250,179,14,25,976,3512,15956,108,302,172,14,FINE
3249,176,6,24,967,3928,16208,320,274,-228,221,FINE
3248,178,4,22,965,3808,16440,300,163,358,-45,FINE
3248,176,6,31,964,3788,16212,92,207,374,-122,FINE
3249,179,10,46,973,3840,16128,68,276,-109,41,FINE
3248,176,7,31,979,3960,16220,144,319,-236,53,FINE
3248,176,13,47,982,4040,16672,388,72,173,22,FINE
3248,175,13,29,982,3828,16288,256,-15,365,-125,FINE
3247,177,15,27,982,3648,16136,312,213,50,16,FINE
3250,176,14,30,971,3776,16268,288,329,-676,274,FINE
3248,176,7,0,951,4076,16636,724,189,452,-87,FINE
3245,177,17,5,950,3648,16204,68,35,454,-160,FINE
3245,176,12,0,943,3448,15968,32,248,70,215,FINE
3245,176,9,0,941,3840,16092,216,422,151,148,FINE
3243,176,6,0,949,3564,16544,264,187,377,82,FINE
3247,176,8,0,965,3692,16100,108,-12,330,196,FINE
3247,176,11,8,967,3916,16172,384,54,484,152,FINE
3248,176,10,0,971,3792,16148,240,221,-2,189,FINE
3247,176,7,0,967,4072,16480,720,310,398,-61,FINE
3248,176,6,0,958,3608,16264,60,230,-178,90,FINE
3247,173,8,0,944,4152,16216,632,401,205,-10,FINE
3248,176,11,0,937,3600,16228,120,633,166,-150,FINE
3239,176,9,0,934,3780,16324,308,589,170,-80,FINE
3248,176,11,0,941,3544,16408,196,375,-374,213,FINE
3248,177,5,0,947,3808,16364,260,316,165,45,FINE
3248,176,6,0,957,3652,16092,40,269,322,-49,FINE
3249,179,7,0,963,3524,15916,196,373,-145,237,FINE
3248,177,7,0,967,3792,16220,624,244,-414,309,FINE
3250,178,16,0,961,3984,16184,184,138,168,46,FINE
3248,178,16,0,957,3928,16212,328,124,547,-198,FINE
3248,176,5,0,943,3352,16004,-228,248,-670,248,FINE
3248,178,12,0,942,4068,16456,708,242,-564,144,FINE
3248,176,11,0,932,3976,16388,332,234,551,-345,FINE
3248,178,4,0,932,3516,16252,316,355,791,-262,FINE
3248,179,10,0,942,3372,16096,4,516,-520,310,FINE
3248,176,9,0,946,3960,16472,544,524,-84,207,FINE
3248,177,11,7,954,3812,16432,220,321,503,-33,FINE
3249,176,10,7,956,3692,16248,188,341,418,13,FINE
3248,176,8,0,949,3608,16068,76,351,-90,278,FINE
3248,176,9,0,942,3852,16132,456,376,-211,212,FINE
3248,181,7,0,928,3940,16384,552,345,247,-15,FINE
3248,176,10,0,921,3740,16100,168,226,360,8,FINE
3248,176,5,0,919,3552,16172,180,227,30,152,FINE
3248,176,6,0,919,3516,16168,148,236,100,-12,FINE
3248,181,6,0,925,3760,16340,528,176,-46,-115,FINE
3247,181,12,5,933,3556,16212,132,68,21,7,FINE
3250,179,10,5,942,3676,16192,312,32,-213,129,FINE
3248,177,9,8,944,3860,16320,448,63,276,-89,FINE
3249,178,1,0,944,3664,16124,328,184,307,-129,FINE
3249,176,7,0,930,3420,16360,320,222,-28,149,FINE
3249,179,7,0,922,3852,16404,540,122,45,108,FINE
3246,176,5,0,914,3488,16252,348,319,310,-46,FINE
3247,176,10,0,915,3720,16264,592,386,-55,109,FINE
3247,180,12,6,915,3724,16272,280,409,-53,160,FINE
3167,2878,2723,2787,2559,608,16404,1348,399,2616,-488,ANGRY
3143,2835,2722,2761,2608,1024,16668,1628,469,2859,-492,ANGRY
3175,2791,2740,2620,2497,936,16556,1856,227,3772,-15,ANGRY
3139,2787,2736,2651,2559,456,16772,1872,-224,3591,385,ANGRY
3147,2781,2608,2672,2818,720,16652,2176,152,2321,349,ANGRY
3136,2823,2661,2807,2531,1612,16856,2468,712,2972,-102,ANGRY
3152,2835,2766,2704,2617,652,16900,2280,579,4890,-459,ANGRY
3194,2885,2777,2762,2629,-324,16460,1968,384,4093,-36,ANGRY
3184,2885,2710,2739,2612,28,16576,2644,255,3379,288,ANGRY
3184,2838,2687,2703,2540,376,16476,2832,140,4812,323,ANGRY
3207,2859,2711,2702,2598,64,16388,2540,275,5627,542,ANGRY
3185,2790,2726,2812,2598,-960,16680,2364,199,5571,1294,ANGRY
3131,2790,2721,2647,2559,-708,16644,2560,353,3579,1640,ANGRY
3140,2797,2702,2653,2559,192,16760,2440,522,2839,1599,ANGRY
3143,2782,2773,2611,2601,704,16408,2468,1043,3760,1251,ANGRY
3166,2839,2654,2823,2559,1208,16768,2860,982,3545,1550,ANGRY
3182,2834,2761,2834,2630,448,16324,2304,1087,2670,1598,ANGRY
3214,2877,2950,2768,2740,96,16344,2176,1131,2313,734,ANGRY
3214,2843,2703,2740,2559,1192,16060,2524,821,1268,300,ANGRY
3255,2845,2640,2720,2606,1152,16348,2304,1366,1207,118,ANGRY
3211,2801,2112,2635,2672,952,16468,2292,1335,2002,415,ANGRY
3119,2778,1655,1858,2271,116,16304,1652,1959,993,63,ANGRY
3121,1437,1124,1520,2238,748,16068,2096,2849,115,160,ANGRY
3096,848,733,1312,2201,-92,16576,1956,3057,295,95,ANGRY
3071,529,432,1149,2177,124,17084,1828,2013,-44,82,ANGRY
3121,359,229,1065,2166,220,17032,1308,1459,-486,-225,ANGRY
3130,2727,425,1130,2559,416,15780,844,1595,77,-228,ANGRY
3157,2806,2736,2706,2603,288,15884,1152,3281,-551,457,ANGRY
3189,2895,2858,2732,2711,220,16996,2072,3129,-237,667,ANGRY
3152,2834,2816,2635,2559,180,17236,1432,1012,-459,361,ANGRY
3148,2791,2830,2638,2680,1660,16644,1168,-76,657,597,ANGRY
3127,2826,2766,2605,2606,1616,15416,112,174,2967,835,ANGRY
3120,2698,2743,2694,2596,860,16604,772,571,4453,1233,ANGRY
3152,2896,2783,2768,2706,-992,17192,240,56,998,803,ANGRY
3153,2889,2803,2745,2704,348,17076,628,-421,-846,1143,ANGRY
3163,2834,2880,2677,2755,972,16044,548,225,55,1438,ANGRY
3149,2903,2996,2775,2688,636,16724,708,766,25,1334,ANGRY
3202,2930,2908,2778,2791,1432,16876,1344,834,-308,1202,ANGRY
3200,2906,2899,2704,2845,936,17176,684,98,274,1205,ANGRY
3246,2925,2873,2699,2784,452,16696,44,-354,-1117,895,ANGRY
3159,2929,2832,2761,2738,948,16136,352,70,-2277,783,ANGRY
3139,2881,2799,2699,2669,2060,16404,1372,237,-1565,1053,ANGRY
3103,2831,2825,2630,2599,1256,16592,752,-82,-744,917,ANGRY
3085,2810,2670,2599,2509,1212,16352,460,-486,-38,758,ANGRY
3083,2813,2630,2663,2479,1724,15872,636,-510,-828,1173,ANGRY
3081,2799,2672,2624,2558,2004,16028,1100,-214,1009,1334,ANGRY
3132,2864,2727,2754,2608,1776,16372,976,-174,1973,1438,ANGRY
3195,2929,2864,2706,2757,1812,16528,972,-181,1721,1109,ANGRY
3179,2960,2837,2787,2721,1188,16972,820,-479,1058,958,ANGRY
3156,2942,2778,2886,2701,1396,16344,924,-596,-285,938,ANGRY
3159,2951,2769,2815,2662,1812,16884,1260,-733,-299,762,ANGRY
3153,2891,2783,2747,2614,2096,16108,1076,-782,22,597,ANGRY
3141,2891,2698,2690,2559,980,16336,1020,-554,-560,639,ANGRY
3122,2829,2737,2656,2654,1448,16336,1340,-1028,-2784,528,ANGRY
3143,2843,2784,2671,2606,2900,16068,1804,-1041,-1793,332,ANGRY
3097,2858,2718,2645,2555,2156,16180,1808,-1365,-630,444,ANGRY
3132,2839,2709,2658,2647,2032,15920,1232,-1595,-592,754,ANGRY
3155,2868,2794,2659,2785,2424,16296,1976,-1732,592,801,ANGRY
3158,2939,2804,2826,2607,2160,16168,1900,-1753,750,783,ANGRY
3194,2973,2795,2832,2672,1648,16804,2004,-1285,403,864,ANGRY
3181,3002,2730,2832,2693,2128,17080,1976,-1438,110,631,ANGRY
3168,2917,2799,2731,2666,2272,16632,2508,-2025,702,709,ANGRY
3153,2859,2735,2693,2603,1876,15980,2372,-1623,1099,581,ANGRY
3133,2849,2718,2733,2585,2348,16552,2660,-937,453,713,ANGRY
3122,2835,2934,2631,2474,2460,15968,2752,-385,216,491,ANGRY
3097,2795,2642,2617,2548,2876,16120,3212,-278,695,483,ANGRY
3013,2751,2637,2605,2528,3008,16432,3180,-630,1316,331,ANGRY
3059,2798,2679,2595,2435,2904,15948,2532,-805,2213,214,ANGRY
3105,2832,2720,2624,2541,2592,15736,2588,-624,2137,343,ANGRY
3100,2870,2640,2695,2589,2720,16064,3004,-898,2302,480,ANGRY
3126,2864,3056,2661,2510,2300,15948,2752,-669,2553,494,ANGRY
3155,2876,2774,2657,2559,2240,16756,2484,102,1967,798,ANGRY
3126,2858,2694,2653,2587,2676,16424,3036,361,2492,653,ANGRY
3135,2864,2759,2704,2559,2736,16448,2976,570,2990,403,ANGRY
3119,2830,2790,2757,2483,2508,16132,2260,526,4260,218,ANGRY
3122,2835,2670,2599,2723,1104,16152,2000,438,3905,495,ANGRY
3022,2747,2663,2559,2538,2076,15528,2636,-420,4053,1074,ANGRY
3010,2705,2706,2512,2559,2224,15540,3028,-536,5400,1026,ANGRY
2979,2582,2661,2343,2544,1760,15684,3196,-709,6581,1118,ANGRY
2990,2630,2672,2395,2537,1720,15540,2932,-730,7861,1733,ANGRY
3014,2896,2559,2537,2547,1536,15724,3360,-1124,8885,2364,ANGRY
3131,2811,2678,2559,2512,796,15976,3688,-1651,8860,2596,ANGRY
3069,2799,2710,2583,2547,1508,16024,3908,-1251,7962,2782,ANGRY
3071,2820,2864,2677,2640,1360,16024,4272,-455,8199,3060,ANGRY
3086,2853,2698,2687,2776,1944,15948,4400,-8,7804,2984,ANGRY
3112,2906,2783,2984,2638,2580,16344,4748,349,9085,2821,ANGRY
3146,2864,2745,2715,2670,1648,17208,4744,-103,9026,2880,ANGRY
3171,2853,2848,2495,2743,1768,15276,4292,92,6311,2964,ANGRY
3010,2637,2661,2449,2590,3924,15512,5004,1207,6391,2839,ANGRY
2963,2583,2671,2421,2479,4348,16424,4876,2212,6991,2056,ANGRY
2926,2619,2593,2477,2468,3844,16240,4372,1424,7443,1593,ANGRY
2926,2603,2369,2403,2389,3700,15532,4312,1282,8432,1285,ANGRY
2990,2681,2559,2515,2414,2376,16004,3956,1503,7906,1455,ANGRY
3098,2823,2681,2618,2541,1900,16372,3656,1639,7074,1459,ANGRY
3109,2822,2654,2643,2480,1976,16448,3680,1832,6947,1447,ANGRY
3131,2827,2730,2640,2605,1728,16776,3232,1800,7733,1249,ANGRY
3146,2865,2857,2691,2677,752,16740,2808,1318,8629,1054,ANGRY
3162,2855,2819,2673,2742,-236,16092,2632,1282,7307,2262,ANGRY
3106,2832,2738,2581,2445,508,17012,3084,1320,6374,3129,ANGRY
3109,2994,2751,2726,2647,1500,17048,3564,656,7718,3459,ANGRY
3103,2909,2717,2891,2545,1080,16164,2508,789,8231,3721,ANGRY
3089,2810,2702,2634,2598,1296,16104,2544,1313,6051,4689,ANGRY
3091,2781,2715,2594,2495,3372,16720,4296,1166,5216,4772,ANGRY
3085,2805,2670,2642,2510,4008,15612,3596,642,5694,3748,ANGRY
2994,2672,2525,2608,2379,2700,15728,3772,482,3772,3123,ANGRY
2992,2623,2624,2586,2433,3440,15520,4440,1523,3523,3165,ANGRY
3015,2733,2655,2582,2483,4160,15556,5440,1827,2019,2440,ANGRY
2985,2741,2583,2655,2542,4328,15948,5376,1542,1775,1611,ANGRY
2975,2722,2505,2626,2288,4348,15372,4444,2605,1935,567,ANGRY
2992,2743,2467,2643,2413,3264,16132,4360,2821,-120,148,ANGRY
2974,2647,2597,2313,2394,3852,16416,4512,1524,-1059,-84,ANGRY
2887,2594,2427,2431,2373,3580,14948,3780,1223,-75,-708,ANGRY
2855,2550,2457,2321,2377,2772,14848,3620,1562,-2738,-789,ANGRY
2877,2540,2528,2294,2382,3356,15564,3964,1289,-3361,-1045,ANGRY
2899,2555,2479,2456,2377,3620,15700,4120,548,-2864,-1153,ANGRY
2832,2697,2421,2496,2287,2716,15648,3552,283,-3379,-917,ANGRY
2943,2669,2450,2477,2559,3296,15896,3664,-126,-4271,-839,ANGRY
2951,2821,2518,2630,2355,3096,17032,3908,-10,-5410,-1039,ANGRY
2946,2773,2435,2609,2416,3068,16128,3752,78,-6939,-1803,ANGRY
2931,2726,2207,2689,2330,3104,15724,3680,85,-7999,-2157,ANGRY
2937,2742,2544,2465,2345,3204,15620,3548,157,-7679,-2718,ANGRY
2883,2645,2544,2503,2406,2988,16060,3728,503,-8868,-2968,ANGRY
2922,2592,2508,2399,2453,2016,16280,2940,618,-10868,-3138,ANGRY
2933,2608,2559,2418,2433,2932,15684,3192,802,-12183,-3195,ANGRY
2915,2613,2549,2559,2362,3244,15676,2900,1117,-12006,-3484,ANGRY
2922,2702,2421,2496,2335,3228,16232,2484,1058,-12332,-3594,ANGRY
2946,2668,2559,2460,2449,2736,16312,2816,541,-13878,-3587,ANGRY
2976,2555,2529,2495,2393,3220,14956,2280,1028,-15502,-3735,ANGRY
2982,2606,2559,2481,2374,3404,15484,2120,537,-16461,-3769,ANGRY
3006,2645,2529,2517,2278,3676,16332,2160,-63,-15423,-4686,ANGRY
3002,2625,2850,2447,2394,2032,15632,1280,-1081,-13559,-4975,ANGRY
2935,2666,2486,2393,2386,-500,16128,1252,-1654,-14090,-4805,ANGRY
2927,2608,2455,2359,2411,472,15940,1012,-1210,-14093,-4000,ANGRY
2928,2638,2526,2458,2403,1436,16184,3012,-1357,-12466,-4304,ANGRY
2933,2638,2555,2477,2421,640,15624,2044,-1699,-11699,-5262,ANGRY
2979,2608,2559,2393,2423,-768,15720,1872,-1639,-11522,-5445,ANGRY
2983,2640,2162,2473,2544,-420,16436,1940,-680,-10327,-5330,ANGRY
3001,2703,2667,2448,2509,-684,16492,1940,529,-9210,-5096,ANGRY
2971,2644,2683,2419,2513,-820,16860,1884,748,-8992,-4845,ANGRY
2938,2611,2710,2452,2559,-200,16816,1860,1173,-8615,-4671,ANGRY
2929,2626,2631,2309,2481,216,16448,1496,1813,-8308,-4768,ANGRY
2949,2642,2558,2398,2369,196,16476,1536,2791,-7319,-4950,ANGRY
2926,2623,2523,2389,2421,-252,17068,1196,2965,-6630,-4696,ANGRY
2929,2640,2559,2349,2459,260,17052,1048,3052,-7067,-4231,ANGRY
2946,2659,2557,2451,2425,0,16964,700,3360,-5829,-3992,ANGRY
2964,2559,2627,2355,2163,-1208,17356,-200,3782,-6120,-3429,ANGRY
2987,2636,2559,2497,2496,-860,17896,-488,3711,-5415,-2629,ANGRY
3024,2671,2691,2416,2603,-608,18356,-624,3013,-3691,-1622,ANGRY
3008,2659,2739,2423,2624,-1332,18156,-1540,2320,-2430,-306,ANGRY
2992,2607,2640,2432,2645,-1364,18132,-1932,1797,-1465,991,ANGRY
2967,2643,2653,2373,2778,-1332,17668,-2580,1163,289,2187,ANGRY
2990,2809,2539,2538,2223,-896,17808,-2008,-84,720,3535,ANGRY
2919,2667,2525,2455,2414,132,17680,-540,-1995,1360,4205,ANGRY
2964,2699,2559,2512,2462,572,16640,-32,-2397,2372,4201,ANGRY
2971,2722,2671,2559,2559,552,16040,136,-1150,2772,4767,ANGRY
3136,2756,2758,2539,2587,1304,17004,1124,-1000,2781,5201,ANGRY
3174,2868,2831,2675,2673,1216,16824,836,-1377,3761,4738,ANGRY
3260,2921,2821,2711,2611,1212,16796,628,-1232,3874,4710,ANGRY
3228,2895,3184,2595,2544,1412,15852,960,52,3466,4487,ANGRY
3264,2879,2789,2677,2679,1860,16080,1732,773,3807,4316,ANGRY
3220,2897,2832,2751,2624,332,16772,1128,472,4379,4513,ANGRY
3200,2895,2773,2681,2609,1652,15960,1304,215,4797,5215,ANGRY
3139,2847,2797,2670,2644,2028,15464,1328,306,3939,4950,ANGRY
3212,2877,2806,2669,2698,2732,16016,2056,183,4854,4913,ANGRY
3200,2848,2924,2744,2655,2548,16700,2492,-1127,6174,4438,ANGRY
3148,1376,2173,2192,2288,2084,16416,2944,-1879,5996,4728,ANGRY
3148,824,1565,1697,2243,3076,15564,2340,-1046,6194,3764,ANGRY
3088,525,1102,1456,2227,2720,15508,2408,1214,5637,4107,ANGRY
3088,360,735,1312,2223,3252,16204,2928,798,5360,4460,ANGRY
3087,281,448,1193,2205,4276,16340,2732,710,4858,4394,ANGRY
3083,250,243,1121,2208,3228,15900,1224,1439,4887,3470,ANGRY
3088,240,123,1072,2201,3740,15080,1356,2399,4466,3719,ANGRY
3040,231,63,1023,2186,2256,16464,2360,2315,3394,4976,ANGRY
3095,240,47,999,2191,2592,15844,1292,1215,2858,5360,ANGRY
3067,227,42,977,2195,3036,14636,760,1435,2899,4203,ANGRY
3110,236,38,955,2191,4096,15176,2680,3060,3197,4797,ANGRY
3091,239,41,944,2176,4660,15804,2736,2711,2601,5673,ANGRY
3120,449,2701,2525,2603,3968,15744,2020,1807,3914,5504,ANGRY
3176,363,2800,2640,2733,4564,15324,1968,1623,2109,5490,ANGRY
3191,2844,2718,2776,2714,6076,14892,2824,2837,1788,4953,ANGRY
3187,2824,2800,2554,2668,6848,15480,2780,3462,4148,3567,ANGRY
3171,2801,2761,2592,2589,6344,16132,2392,2989,5440,2627,ANGRY
3132,2809,2727,2654,2606,5548,15416,1732,2745,4365,2589,ANGRY
3143,2871,2784,2690,2822,6272,15480,1276,2865,2893,2222,ANGRY
3181,2863,2832,2506,2621,6040,15040,468,2843,3404,1370,ANGRY
3184,2863,2801,2821,2681,5704,15124,188,2338,2954,1103,ANGRY
3209,2890,2812,2693,2673,6192,15376,588,1429,2711,959,ANGRY
3239,2875,2827,2714,2651,6000,15304,520,646,2425,596,ANGRY
3207,2874,2710,2690,2510,5956,15564,812,236,1724,534,ANGRY
3197,2822,2781,2711,2556,6188,15376,912,760,1407,-4,ANGRY
3168,2858,2704,2709,2559,6500,16416,1064,1152,2161,-371,ANGRY
3143,2819,2695,2649,2544,5976,15536,828,725,1786,-764,ANGRY
3139,2813,2642,2628,2489,5376,15748,888,791,1331,-566,ANGRY
3158,2825,2658,2627,2448,5784,15480,880,892,816,-752,ANGRY
3131,2804,2727,2664,2548,5240,15276,488,828,1045,-960,ANGRY
3071,2849,2682,2665,2559,5244,15212,1140,763,340,-727,ANGRY
3163,2873,2675,2653,2685,5016,16024,816,-478,178,-530,ANGRY
3169,2800,2773,2598,2675,4952,15464,420,-749,-460,-588,ANGRY
3145,2820,2781,2559,2663,5196,16280,772,106,-800,-366,ANGRY
3102,2901,2641,2756,2559,5324,15504,1032,-383,693,-782,ANGRY
3153,2812,2689,2559,2617,4988,15320,600,-102,-162,-963,ANGRY
3126,2763,2665,2549,2534,4956,15632,856,507,-1442,-614,ANGRY
3099,2809,2625,2609,2545,5272,16128,1128,483,-1512,-718,ANGRY
3098,2782,2672,2530,2580,5652,14572,1284,906,-110,-981,ANGRY
3039,2605,2651,2299,2486,5944,15436,1716,1044,-352,-1434,ANGRY
3041,2672,2640,2463,2470,5252,15880,1712,125,-2027,-1849,ANGRY
3102,2759,2619,2590,2481,5244,14820,720,-495,-2069,-2529,ANGRY
3120,2752,2559,2511,2447,5012,14920,684,229,-3988,-3264,ANGRY
3165,2816,2557,3108,2437,4868,16208,1156,588,-2703,-3315,ANGRY
3158,2837,2595,2642,2434,4448,16112,1364,200,-2574,-3640,ANGRY
3172,2768,2694,2555,2496,3876,15752,920,634,-3680,-3879,ANGRY
3137,2770,2605,2480,2820,4296,15840,1232,954,-3798,-3975,ANGRY
3143,2766,2623,2606,2480,3700,15528,1536,1270,-3820,-4169,ANGRY
3152,2775,2543,2559,2464,3572,15608,1572,979,-4677,-4563,ANGRY
3088,2839,2586,2639,2406,3832,15912,1536,1030,-4754,-5031,ANGRY
3122,2796,2630,2545,2495,3776,16040,1108,1785,-5226,-4901,ANGRY
3135,2784,2754,2558,2633,3296,16072,916,2789,-7256,-4573,ANGRY
3124,2743,2751,2441,2607,4160,17180,1252,3052,-8622,-5228,ANGRY
3109,2698,2663,2465,2599,4144,16384,592,2333,-6844,-6187,ANGRY
3056,2741,2667,2535,2645,1708,16828,-764,2527,-8365,-5919,ANGRY
3095,2753,2650,2550,2532,3200,16480,-1016,2977,-9890,-5412,ANGRY
3071,2659,2595,2482,2466,2136,17164,-1572,3152,-9542,-5877,ANGRY
3057,2727,2583,2502,2471,204,17128,-1996,3067,-10173,-5635,ANGRY
3059,2746,2646,2549,2543,44,15896,-2828,2420,-10252,-4928,ANGRY
3137,2663,2905,2427,2523,8,16824,-2876,1339,-9605,-4680,ANGRY
3117,2741,2642,2496,2466,-424,15696,-4080,1367,-8570,-3560,ANGRY
3147,2843,2702,2614,2511,-376,16796,-3432,864,-8639,-2581,ANGRY
3171,2785,2768,2615,2549,12,17320,-2440,-811,-5647,-2414,ANGRY
3183,2747,2705,2559,2464,-1556,16264,-3372,-1265,-3471,-2173,ANGRY
3123,2645,2628,2512,2402,-2916,16668,-4144,-671,-2210,-622,ANGRY
3114,2747,2961,2533,2311,-2348,17524,-3816,-1770,-390,1313,ANGRY
3091,2665,2608,2447,2416,-1048,17312,-3724,-3028,1587,2212,ANGRY
3087,2701,2559,2384,2407,-220,16992,-3660,-3292,4040,3088,ANGRY
3104,2689,2629,2460,2416,-548,16996,-3600,-2993,4415,4065,ANGRY
3117,2759,2601,2559,2434,-176,16808,-2748,-3658,6642,4831,ANGRY
3126,2752,2627,2538,2506,168,16692,-1868,-5225,8031,6830,ANGRY
3143,2826,2734,2667,2477,1288,16196,-724,-5312,7933,7281,ANGRY
3139,2832,2679,2624,2415,1932,15808,-824,-4413,9499,7416,ANGRY
3119,2887,2690,2768,2559,1000,15924,-896,-4889,12922,8035,ANGRY
3117,2901,2637,2610,2388,1060,16552,-328,-6732,13197,9308,ANGRY
3103,2723,2625,2531,2515,3100,16080,748,-7735,16227,9092,ANGRY
3083,2697,2321,2476,2432,1020,15600,924,-7847,16051,9019,ANGRY
3062,2697,2511,2559,2526,2780,15632,3588,-5583,9938,9580,ANGRY
3088,2721,2800,2496,2469,6000,17020,5528,-3062,12628,8388,ANGRY
3119,2755,2681,2587,2231,5564,17156,5676,-2475,17335,7134,ANGRY
3115,2637,2633,2407,2492,5244,16116,5796,-1564,16383,6241,ANGRY
3179,2791,2655,2595,2546,4216,14488,4416,881,13557,5368,ANGRY
3158,2768,2789,2538,2544,4468,15484,5400,3008,9738,4781,ANGRY
3179,2746,2663,2619,2279,6668,14848,5832,4093,10470,3795,ANGRY
3179,2706,2723,2519,2243,5380,15152,4884,4027,13990,2723,ANGRY
3123,2778,2657,2502,2447,3468,14812,3944,3604,14853,2420,ANGRY
3083,2688,2643,2419,2437,3668,14616,3880,4156,14570,2847,ANGRY
3102,2677,2559,2399,2429,4112,14616,3824,4108,14172,2824,ANGRY
3040,2650,2556,2390,2435,4540,14788,3776,3752,13223,2572,ANGRY
3010,2717,2544,2502,2381,4420,15596,3768,2827,12556,2268,ANGRY
3034,2667,2559,2528,2531,4540,15256,4900,1968,12081,1619,ANGRY
2995,2761,2615,2480,2528,3856,14460,5484,2419,12670,945,ANGRY
3007,2807,2544,2595,2419,3416,15360,6072,3530,11447,1105,ANGRY
2982,2783,2343,2511,2491,3916,16264,6124,4289,11706,866,ANGRY
3011,2708,2581,2478,2368,2404,16608,5916,4538,14119,853,ANGRY
3002,2703,2614,2976,2476,2608,15480,5012,5410,12595,1053,ANGRY
3051,2736,2559,2534,2430,1896,15708,4216,6387,9818,2329,ANGRY
3066,2797,2619,2535,2406,3248,15648,3668,6385,8548,2718,ANGRY
3088,2752,2557,2544,2463,3128,16548,2680,6158,10281,2541,ANGRY
2992,2607,2623,2427,2453,3764,17112,2548,5395,10822,3179,ANGRY
2995,2691,2527,2672,2503,2828,17712,1336,4187,8665,3576,ANGRY
3023,2677,2692,2547,2603,4980,16992,1988,3446,6640,3708,ANGRY
2974,2590,2658,2288,2671,6128,16860,2468,2843,6569,3343,ANGRY
2961,2601,2707,2368,2640,5252,16456,2672,2536,6099,3104,ANGRY
2896,2661,2497,2502,2519,4448,16284,2108,2540,4408,3032,ANGRY
2832,2637,2513,2368,2369,4860,15980,2664,1714,2510,3117,ANGRY
2883,2609,2123,2369,2377,5408,15772,3740,1796,2424,2468,ANGRY
2883,2672,2476,2480,2384,6168,15552,3732,3064,3059,2061,ANGRY
2883,2598,2441,2416,2384,5532,15724,4036,3023,2485,1834,ANGRY
2901,2545,2654,1927,2534,5216,15192,3432,3224,2140,1349,ANGRY
2911,2641,2559,2507,2475,4024,15460,3188,3306,1589,1219,ANGRY
2957,2535,2629,2448,2615,3620,15776,2952,3022,-388,878,ANGRY
2903,2538,2555,2373,2607,5084,14932,3604,3118,136,969,ANGRY
2893,2557,2635,2407,2582,5408,15224,2412,3300,608,765,ANGRY
2860,2627,2617,2559,2521,5044,15092,1680,3241,434,781,ANGRY
2850,2559,2458,2422,2317,4236,15220,1624,3004,-1635,673,ANGRY
2832,2537,2480,2305,2384,6076,15924,1644,2674,-2596,376,ANGRY
2843,2559,2559,2448,2448,5652,16488,1660,2641,-2298,7,ANGRY
2771,2611,2542,2458,2402,4296,16120,464,3023,-6036,425,ANGRY
2911,2597,2515,2453,2354,5436,16512,980,4066,-11355,949,ANGRY
2919,2649,2587,2544,2463,7504,17016,1952,4661,-12405,286,ANGRY
2928,2671,2527,2559,2416,5500,16812,824,5291,-12132,-555,ANGRY
2922,2736,2426,2559,2271,5556,16836,672,5674,-11481,39,ANGRY
2896,2634,2353,2455,2335,5408,16712,284,6020,-11519,503,ANGRY
2905,2559,2559,2383,2464,4376,16324,-512,5527,-9976,1307,ANGRY
2865,2592,2673,2338,2366,4960,15824,-736,4742,-8516,836,ANGRY
2858,2559,2442,2282,2359,4112,14680,-1512,4114,-7034,652,ANGRY
2883,2556,2559,2416,2432,3796,13516,-2220,4283,-6781,546,ANGRY
2876,2466,2414,2383,2384,4044,14192,-2580,3830,-5497,701,ANGRY
2866,2608,2448,2369,2343,4016,14436,-3124,2337,-4633,-144,ANGRY
2910,2637,2542,2451,2447,4084,14284,-3656,1340,-4182,-431,ANGRY
2895,2686,2512,2501,2704,4372,15508,-2760,550,-3638,-951,ANGRY
2843,2640,2485,2449,2443,4204,15000,-3332,808,-1858,-1287,ANGRY
2875,2623,2448,2465,2413,3768,15460,-3516,559,-2535,-861,ANGRY
2843,2594,2448,2385,2385,4508,16356,-3104,269,-3034,-980,ANGRY
2847,2539,2477,2414,2395,4124,16444,-3332,188,-1977,-820,ANGRY
2835,2579,2441,2559,2271,4372,16028,-3404,774,-1931,-509,ANGRY
2867,2613,2442,2410,2297,4212,15776,-3348,989,-2140,-71,ANGRY
2787,2581,2463,2525,2346,3936,15020,-3888,526,-2186,76,ANGRY
2853,2514,2559,2359,2131,3772,14968,-3900,-197,-2369,-20,ANGRY
2895,2615,2535,2480,2410,3964,14376,-3780,-1058,-1687,15,ANGRY
2891,2559,2527,2369,2599,3848,13544,-3424,-1950,-543,-59,ANGRY
2839,2516,2642,2285,2589,3384,13704,-3656,-2784,136,49,ANGRY
2877,2523,2640,2410,2559,3084,14044,-3800,-3537,-1024,9,ANGRY
2771,2590,2486,2320,2458,4536,14316,-3032,-4473,-1244,128,ANGRY
2771,2498,2453,2446,2179,5056,14704,-2848,-5521,896,-32,ANGRY
2734,2438,2363,2333,2325,4852,15616,-2544,-6077,517,-322,ANGRY
2665,2327,2291,2096,2271,5496,16128,-1648,-5691,-430,-816,ANGRY
2657,2320,2354,2247,2267,5668,16420,-636,-4573,-1336,-1343,ANGRY
2701,2279,2372,2162,2347,5728,16816,-344,-4040,-2091,-1874,ANGRY
2721,2377,2237,2206,2244,4964,16320,-100,-3875,-2119,-2509,ANGRY
2736,2351,2432,2305,2311,3672,15660,-48,-3540,-2241,-3261,ANGRY
2715,2291,2352,2158,2349,2320,14488,-292,-3529,-2782,-3345,ANGRY
2762,2337,2033,2252,2261,2288,14424,396,-4484,-3220,-2572,ANGRY
2719,2327,2379,1905,2339,2076,14732,524,-6477,-1415,-2246,ANGRY
2705,2288,2288,2287,2207,372,14836,-600,-8687,-666,-2295,ANGRY
2699,2272,2247,2434,2183,-392,14744,-964,-9531,-1802,-586,ANGRY
2679,2211,2184,2089,2205,1656,15508,528,-9786,-3209,1729,ANGRY
2603,2113,1991,1991,2145,3140,17844,2144,-10830,-2560,2549,ANGRY
2596,2162,2007,2082,2348,4796,18064,3144,-11067,-3034,2101,ANGRY
2594,2069,2039,2115,2117,5992,17476,4108,-9368,-3377,1696,ANGRY
2608,2202,2009,2127,2063,5852,17944,3424,-7905,-2925,920,ANGRY
2630,2160,1953,2162,1956,5488,18208,4244,-5535,-3751,144,ANGRY
2591,2176,2006,2105,2034,5712,18564,4832,-4302,-3832,-222,ANGRY
2710,2235,2190,2151,2010,5268,17932,3640,-4409,-1933,-1107,ANGRY
2913,2559,2475,2411,2383,2988,16480,1772,-4458,-1612,-1694,ANGRY
2957,2519,2466,2340,2343,1512,16440,1124,-4537,-4261,-1424,ANGRY
2982,2646,2526,2443,2371,3108,15284,1544,-3581,-2240,-45,ANGRY
2989,2627,2512,2448,2374,1492,16944,332,-4732,-976,177,ANGRY
2982,2880,2498,2505,2361,1472,17220,1964,-6413,-1827,709,ANGRY
2986,2675,2446,2516,2449,4072,15236,2492,-6270,-2342,410,ANGRY
3017,2720,2539,2629,2389,4972,15120,3048,-4843,-926,79,ANGRY
2997,2736,2315,2517,2384,4492,15856,4512,-3816,-122,-538,ANGRY
2973,2715,2473,2582,2157,4836,15700,5160,-3318,-434,-1382,ANGRY
2982,2523,2485,2559,2331,5304,15936,5784,-2581,-904,-2483,ANGRY
2969,2629,2503,2247,2330,5332,16068,6324,-1482,-851,-3311,ANGRY
2946,2605,2375,2416,2288,5232,16080,6388,161,-838,-3849,ANGRY
2986,2627,2525,2418,2209,3828,16504,6752,909,-671,-3925,ANGRY
2987,2612,2447,2426,2207,3816,16064,6880,1652,-2154,-3950,ANGRY
2941,2715,2593,2490,2367,4180,15460,6724,2680,-3021,-4207,ANGRY
2991,2660,2559,2469,2422,4204,14868,6624,3135,-3077,-4350,ANGRY
2992,2676,2559,2375,2466,3792,14072,6032,3392,-3695,-3905,ANGRY
2969,2558,2630,2333,2591,3916,15132,5312,3489,-5046,-4148,ANGRY
2976,2497,2557,2329,2435,3776,15768,5008,2638,-5222,-4435,ANGRY
2956,2559,2512,2860,2197,3016,15464,4508,1953,-5305,-4727,ANGRY
2950,2549,2477,2324,2324,2192,14928,3984,1627,-5579,-4911,ANGRY
2933,2590,2383,2366,2352,1808,16128,3792,1969,-6633,-4552,ANGRY
2934,2627,2559,2465,2399,2000,16412,4408,1616,-6937,-4264,ANGRY
2943,2738,2475,2435,2448,1748,16252,4508,376,-4675,-3830,ANGRY
2976,2515,2592,1937,2463,672,16420,3908,48,-4937,-3675,ANGRY
2978,2653,2587,2411,2480,1028,16344,4248,808,-6462,-2699,ANGRY
2995,2638,2513,2413,2582,1840,16324,4708,1605,-5201,-2501,ANGRY
2961,2538,2599,2529,2480,1124,16236,4084,1657,-3475,-2202,ANGRY
2982,2604,2703,2385,2624,-60,16436,3184,1727,-3048,-1772,ANGRY
2943,2559,2550,2401,2435,-72,16216,2816,1891,-3753,-847,ANGRY
2958,2559,2509,2348,2406,1260,16260,3184,1817,-2922,-174,ANGRY
2925,2586,2511,2384,2303,972,16220,2692,1688,-849,334,ANGRY
2929,2602,2507,2451,2513,1104,16216,2704,1248,-879,786,ANGRY
2950,2614,2455,2398,2314,1352,15884,2564,918,-989,785,ANGRY
3013,2582,2514,2375,2385,1728,15788,2608,918,-854,1001,ANGRY
2969,2629,2515,2411,2384,2432,16232,3104,891,-249,960,ANGRY
3022,2640,2513,2486,2239,2676,16100,3168,887,524,567,ANGRY
3024,2559,2481,2476,2258,2088,16064,2776,1306,200,51,ANGRY
3014,2590,2510,2236,2490,2188,16344,2700,1395,-25,-135,ANGRY
2896,2549,2480,2317,2349,2072,16492,3140,1322,10,-348,ANGRY
2913,2519,2465,2317,2417,2228,16272,3248,1104,584,-402,ANGRY
2890,2514,2359,2318,2342,1632,15960,2704,1040,764,-437,ANGRY
2928,2550,2468,2279,2314,1556,15912,2904,1415,260,-289,ANGRY
2923,2598,2301,2353,2125,1324,15868,2700,2144,792,-70,ANGRY
2945,2605,2449,2421,2339,1308,16576,2948,2019,985,178,ANGRY
2940,2629,2465,2426,2390,1584,16696,3104,752,861,442,ANGRY
2951,2640,2448,2502,2334,1572,16328,2776,170,673,429,ANGRY
2953,2559,2401,2559,2113,2168,16108,2972,582,273,444,ANGRY
2913,2542,2432,2469,2169,2136,16532,3344,995,631,304,ANGRY
2894,2582,2472,2464,2305,1848,16508,3080,853,667,111,ANGRY
2848,2483,2435,2355,2230,1656,16216,2624,529,179,48,ANGRY
2868,2546,2410,2363,2193,2172,16128,2624,626,-363,53,ANGRY
2890,2551,2457,2386,2253,1788,16016,2340,682,76,-306,ANGRY
2818,2589,2394,2448,2335,1532,16208,2256,344,-17,-183,ANGRY
2887,2559,2482,2430,2352,1872,16188,2384,-139,298,-228,ANGRY
2955,2652,2483,2530,2469,1284,16136,2016,-184,603,-293,ANGRY
2946,2599,2529,2377,2475,1160,16336,2084,-140,-392,-100,ANGRY
2911,2550,2549,2496,2494,2028,16560,3052,-295,-487,-65,ANGRY
2917,2691,2471,2542,2365,2320,16524,3184,-190,-7,-159,ANGRY
2917,2585,2315,2373,2341,2032,16524,3092,109,47,-350,ANGRY
2897,2483,2492,2320,2094,1588,16448,2836,769,-476,-146,ANGRY
2910,2559,2448,2399,2256,1840,16856,3656,1005,-703,58,ANGRY
2917,2559,2447,2343,2371,1296,16236,2932,923,-690,-66,ANGRY
2966,2480,2615,2251,2419,1388,16224,2712,1302,-977,157,ANGRY
2919,2525,2480,2400,2349,1524,15472,2208,1801,-874,-104,ANGRY
2944,2598,2547,2263,2406,1512,16852,3036,1970,-29,319,ANGRY
2967,2628,2689,2542,2463,1492,16784,3064,891,-1269,554,ANGRY
2890,2619,2656,2434,2459,1772,16228,2420,-280,-1328,420,ANGRY
3012,2540,3008,2311,2371,2320,15740,2204,-40,-1148,319,ANGRY
2986,2615,2556,2416,2434,2116,16120,2576,303,-750,238,ANGRY
2960,2596,2538,2377,2337,2080,16308,2540,379,-1123,-200,ANGRY
2951,2559,2477,2331,2343,2120,16280,2540,419,-1169,-582,ANGRY
2984,2585,2581,2384,2415,2108,16084,2576,290,-636,-712,ANGRY
3001,2677,2756,2447,2223,1420,16112,2408,426,-895,-661,ANGRY
2997,2654,2559,2465,2047,1880,16200,2672,688,-1039,-909,ANGRY
3030,2688,2559,2616,2450,2108,16048,2968,654,-1065,-923,ANGRY
3008,2683,2504,2640,2368,2588,16316,3388,1067,-1888,-1140,ANGRY
3005,2722,2445,2559,2319,3272,16812,3688,1716,-2333,-2033,ANGRY
3043,2656,2480,2550,2250,2764,16944,3636,2471,-3338,-2881,ANGRY
2985,2652,2538,2455,2338,2812,16756,3396,3471,-4428,-3899,ANGRY
2960,2618,2546,2407,2315,1868,16428,2496,3708,-4023,-4243,ANGRY
2961,2659,2454,2421,2244,508,16332,1432,3520,-4490,-4174,ANGRY
2981,2638,2544,2471,2362,-396,16204,644,2860,-4603,-3759,ANGRY
2997,2752,2333,2595,2313,-528,16252,280,2199,-4672,-3088,ANGRY
2987,2658,2509,2449,2361,-548,16348,260,1253,-3648,-2370,ANGRY
2979,2746,2559,3064,2462,-924,16112,144,567,-2871,-1598,ANGRY
3027,2752,2491,2608,2397,-1080,16512,656,-156,-2814,-1071,ANGRY
3014,2685,2471,2495,2295,-636,16316,1052,-675,-1560,-562,ANGRY
3024,2640,2505,2454,2199,-1308,16648,1336,-1002,-1044,8,ANGRY
2976,2709,2514,2494,2416,-648,16116,1064,-942,-913,683,ANGRY
2941,2559,2534,2401,2362,-368,16296,1592,-802,-894,831,ANGRY
2955,2559,2437,2342,2310,832,16576,2096,-360,-467,785,ANGRY
2947,2623,2445,1963,2463,932,16716,1852,-242,303,519,ANGRY
3022,2559,2539,2358,2315,436,16644,1544,6,-270,394,ANGRY
2995,2672,2541,2442,2387,1056,16744,1784,278,-188,243,ANGRY
3035,2704,2559,2586,2411,912,16744,1516,278,746,-121,ANGRY
3081,2733,2523,2454,2289,236,16592,1200,131,248,-24,ANGRY
3047,2690,2523,2541,2324,424,16656,1648,233,-232,128,ANGRY
3044,2591,2548,2410,2137,140,16496,1524,6,479,162,ANGRY
2982,2593,2559,2442,2433,224,16588,1704,-329,102,562,ANGRY
2959,2559,2514,2335,2341,528,16492,1772,-158,391,619,ANGRY
2950,2559,2487,2394,2368,60,16524,1764,119,535,794,ANGRY
2977,2624,2480,2403,2343,508,16604,2052,-263,117,1018,ANGRY
3017,2531,2448,2499,2270,548,16516,2060,-426,600,1006,ANGRY
2995,2640,2529,2337,2431,284,16332,1792,-188,776,1131,ANGRY
3021,2729,2611,2497,2446,428,16400,2044,-99,160,1072,ANGRY
3042,2677,2459,2453,2361,1432,16456,2416,-144,195,898,ANGRY
3010,2679,2448,2498,1915,1040,16512,2096,-151,616,666,ANGRY
3005,2722,2533,2523,2384,1100,16464,1936,-58,37,585,ANGRY
2977,2649,2518,2256,2384,1332,16480,2144,110,-36,279,ANGRY
2953,2596,2486,2410,2321,916,16528,2100,-19,-155,155,ANGRY
2950,2640,2465,2367,2464,1096,16576,2184,-56,-250,50,ANGRY
2967,2549,2558,2318,2373,864,16476,2072,-144,72,215,ANGRY
2946,2640,2523,2431,2704,456,16360,1736,-174,170,317,ANGRY
3014,2642,2487,2485,2429,680,16604,2060,-157,-546,466,ANGRY
2994,2726,2590,2530,2449,1252,16672,2328,-39,148,226,ANGRY
2971,2816,2643,2559,2458,664,16548,2180,8,501,262,ANGRY
2961,2759,2559,2512,2480,928,16468,2272,335,-318,422,ANGRY
2955,2627,2544,1939,2364,1108,16584,2372,633,-308,376,ANGRY
2951,2615,2480,2448,2410,1496,16708,2092,636,-160,365,ANGRY
2976,2591,2786,2752,2374,956,16608,1776,422,29,171,ANGRY
2972,2634,2463,2399,2321,780,16348,1652,372,-457,128,ANGRY
2949,2591,2581,2512,2432,1340,16580,2028,581,-622,-39,ANGRY
2989,2676,2503,2625,2369,808,16496,1868,479,-570,17,ANGRY
2989,2640,2559,2515,2459,624,16396,1708,228,-474,285,ANGRY
3033,2704,2559,2544,2400,648,16392,1632,-25,-265,308,ANGRY
3036,2715,2481,2465,2282,904,16404,1724,121,-886,278,ANGRY
3047,2699,2378,2479,2304,1236,16496,2044,-143,-544,277,ANGRY
2997,2651,2618,2379,2329,660,16284,1776,-155,-809,530,ANGRY
3005,2653,2507,2427,2355,984,16468,2408,-198,-792,440,ANGRY
2947,2605,2487,2545,2337,784,16352,2312,-249,-657,214,ANGRY
2982,2647,2513,2453,2325,808,16336,2564,36,-1444,182,ANGRY
2987,2559,2547,2190,2419,1352,16320,2568,274,-863,212,ANGRY
2933,2683,2534,2470,2437,1148,16504,2204,382,-910,-27,ANGRY
2978,2608,2430,2669,2629,924,16428,1904,239,-1306,-292,ANGRY
3008,2698,2640,2541,2230,1232,16488,2196,223,-1560,-377,ANGRY
2960,2809,2670,2589,2371,1412,16800,2244,-25,-642,-554,ANGRY
2960,2631,2638,2388,2557,88,16588,1736,-300,-911,-649,ANGRY
2991,2656,2559,2466,2512,496,16376,2120,75,-2048,-622,ANGRY
2997,2633,2407,2434,2394,588,16288,2396,652,-2139,-558,ANGRY
2961,2623,2525,2438,2355,608,16680,2664,743,-2353,-305,ANGRY
2960,2646,2592,2480,2379,916,16600,2472,400,-2540,-135,ANGRY
2982,2629,2585,2327,2377,1192,16560,2712,927,-3092,-241,ANGRY
3009,2609,2467,2467,2289,1124,16516,2776,1578,-3409,-511,ANGRY
3001,2675,2635,2531,2436,1412,16428,3132,1838,-3726,-620,ANGRY
3026,2736,2559,2583,2374,1288,16116,2800,2226,-3708,-620,ANGRY
3006,2655,2484,2527,2351,1092,16044,1952,2654,-4505,-425,ANGRY
2995,2741,2527,2543,2433,1064,16376,1796,2396,-4290,-715,ANGRY
3001,2719,2559,2410,2343,836,16104,1420,1983,-3920,-742,ANGRY
2971,2631,2512,2384,2291,492,16092,1080,1412,-3580,-269,ANGRY
2966,2603,2480,2512,2349,456,16144,824,704,-2502,-74,ANGRY
2983,2628,2508,2494,2351,160,16036,704,448,-2066,-8,ANGRY
3011,2675,2518,2469,2342,404,16120,752,403,-1805,157,ANGRY
2977,2655,2859,2449,2471,1036,16704,1424,-152,-766,603,ANGRY
3008,2704,2537,2458,2127,928,16324,992,-405,-468,732,ANGRY
3014,2711,2752,2400,2598,760,16412,940,-175,-518,963,ANGRY
2977,2544,2626,2310,2557,1392,16480,1268,56,-485,1151,ANGRY
2992,2591,2548,2305,2626,1808,16712,1400,-127,134,1182,ANGRY
2962,2702,2682,2456,2437,1696,16744,1408,-268,504,1104,ANGRY
2963,2653,2499,2067,2288,1652,16680,1268,-144,431,1010,ANGRY
2942,2640,2474,2389,2335,1476,16616,1456,-79,292,1053,ANGRY
2915,2650,2517,2481,2438,1732,16604,1692,-305,911,1258,ANGRY
2943,2611,2529,2426,2135,1908,16604,1748,-210,1834,1023,ANGRY
2975,2600,2647,2359,2503,1952,16404,1504,49,2915,621,ANGRY
2998,2663,2538,2458,2416,1428,16420,1768,254,2715,716,ANGRY
2991,2649,2653,2559,2539,1492,16240,1864,65,2953,669,ANGRY
2961,2585,2638,2384,2494,488,16008,1380,153,3079,593,ANGRY
2991,2544,2389,2320,2597,1916,16404,1876,108,1650,958,ANGRY
2939,2610,2582,2378,2160,2776,16784,2372,-14,3410,411,ANGRY
2943,2559,2550,2059,2386,2256,16616,2284,-114,4738,302,ANGRY
1971,1646,1520,1423,1597,-4548,13144,8964,-2279,-7167,-342,CALL
1983,1610,1520,1525,1678,-176,13420,10756,-2983,-8426,-363,CALL
1998,1645,1557,1535,1673,1484,12884,11676,-3374,-2230,-262,CALL
1989,1655,1535,1535,1773,-660,12464,11856,-2208,2681,382,CALL
1990,1648,1535,1554,1664,-2524,12104,12096,-989,2115,1100,CALL
2010,1679,1570,1562,1680,-3172,12412,12112,-464,-485,1961,CALL
2005,1666,1535,1579,1607,-2552,11924,11944,418,-2997,2022,CALL
1999,1665,1535,1535,1594,1388,12000,13112,539,-383,1920,CALL
1987,1584,1557,1511,1665,2844,10832,12912,1785,8515,2374,CALL
1977,1657,1532,1535,1669,-876,11468,11328,3250,12151,3972,CALL
1968,1632,1529,1575,1639,-4736,11964,9340,3920,6998,4083,CALL
1968,1645,1553,1601,1632,-4028,12388,8652,4628,-312,2797,CALL
1979,1648,1533,1554,1515,-2348,12236,8104,4914,-4941,1755,CALL
1985,1669,1535,1590,1662,-516,12320,7980,5064,-5890,1599,CALL
1974,1648,1535,1616,1681,-236,12508,8548,4000,-4295,1725,CALL
1988,1655,1574,1641,1683,-1024,11952,8036,3324,-4550,979,CALL
1971,1618,1535,1463,1652,-1168,12132,7900,2971,-7674,402,CALL
1962,1639,1557,1577,1721,1100,11924,8076,2499,-9001,-207,CALL
1979,1717,1582,1600,1654,2996,12360,8996,2456,-4652,-519,CALL
1963,1694,1596,1600,1675,1788,12492,8864,2252,-202,-905,CALL
1958,1657,1591,1568,1675,408,12340,8636,2436,1172,-1259,CALL
1936,1696,1566,1579,1535,-224,13268,8328,2753,529,-1362,CALL
1951,1591,1570,1599,1663,-132,14664,8076,2919,-745,-2088,CALL
1931,1674,1535,1571,1679,396,15268,7780,3129,-1399,-2586,CALL
1904,1678,1585,1609,1715,136,16020,7584,3593,-997,-2993,CALL
1948,1673,1738,1617,1712,-92,17052,7680,3142,-738,-3049,CALL
1927,1654,1570,1526,1698,-480,17332,7372,2380,-834,-3268,CALL
1921,1686,1594,1646,1680,-1428,17196,7244,1982,-862,-3262,CALL
1935,1731,1586,1632,1575,-1644,17320,7220,1583,-778,-2733,CALL
1919,1671,1595,1583,1651,-1524,17068,7124,768,-333,-1714,CALL
1904,1658,1584,1584,1678,-1468,16580,6912,19,458,-928,CALL
1905,1667,1578,1567,1616,-1524,16256,6192,-205,1344,-454,CALL
1904,1651,1439,1605,1668,-1536,16300,5608,-346,1274,-474,CALL
1920,1658,1587,1602,1695,-1560,15820,5132,-9,990,-591,CALL
1894,1649,1590,1601,1742,-1720,15760,5340,-177,302,-719,CALL
1919,1662,1599,1571,1700,-1832,15252,5408,-357,-444,-832,CALL
1907,1617,1566,1516,1726,-1624,14840,5636,-302,-811,-1213,CALL
1904,1712,1571,1638,1680,-1888,14908,5936,-13,-1114,-1779,CALL
1906,1680,1584,1615,1658,-1684,15016,6812,-544,-1235,-1525,CALL
1903,1671,1632,1572,1679,-1940,14980,7068,-930,-989,-1777,CALL
1891,1650,1535,1535,1754,-2468,15236,7296,-664,-945,-1945,CALL
1908,1695,1575,1569,1641,-2988,15584,7772,-650,-2092,-2177,CALL
1915,1670,1574,1566,1629,-2716,14980,8240,-1385,-3514,-2225,CALL
1920,1670,1566,1566,1648,-1888,14400,8564,-1849,-3771,-2309,CALL
1931,1679,1587,1593,1693,-1364,14340,9344,-1898,-3376,-2367,CALL
1904,1641,1563,1565,1680,-1156,13984,9312,-1522,-3322,-2765,CALL
1873,1626,1555,1587,1666,-1288,14076,9324,-1554,-3060,-2382,CALL
1883,1661,1526,1696,1670,-1216,13808,9356,-1206,-2578,-2110,CALL
1895,1622,1535,1510,1682,-1812,13784,9040,-880,-2260,-1671,CALL
1881,1617,1567,1516,1627,-1688,13964,8864,-713,-1833,-1324,CALL
1865,1568,1517,1554,1697,-1816,13792,8816,-1014,-1635,-982,CALL
1900,1637,1524,1595,1619,-1916,13068,9108,-1216,-1908,-723,CALL
1902,1606,1535,1535,1698,-1484,12796,9284,-1304,-1480,-295,CALL
1914,1626,1479,1535,1690,-1132,12592,9420,-1347,-432,95,CALL
1905,1632,1564,1424,1462,-1188,12696,9308,-1353,376,184,CALL
1915,1650,1563,1604,1692,-1204,12640,9268,-1445,719,435,CALL
1911,1617,1488,1686,1600,-1272,12616,9376,-1395,773,676,CALL
1918,1619,1535,1553,1597,-816,12964,9724,-873,1101,997,CALL
1899,1649,1628,1601,1589,-1072,12972,9644,-436,1619,1115,CALL
1879,1584,1720,1519,1645,-1596,13012,9692,234,1567,1171,CALL
1872,1603,1509,1590,1600,-1660,13000,9520,803,1523,1410,CALL
1887,1615,1535,1535,1710,-1676,13404,9700,1164,2107,1830,CALL
1888,1610,1501,1559,1666,-2464,13420,9556,662,2298,2009,CALL
1893,1648,1495,1424,1612,-2604,13440,9456,505,2121,2114,CALL
1907,1666,1554,1520,1695,-2568,13364,9544,218,1630,2564,CALL
1909,1662,1527,1599,1700,-2880,13420,9904,22,556,2582,CALL
1877,1603,1535,1445,1777,-2076,13240,10208,-13,-216,2383,CALL
1904,1637,1483,1602,1693,-920,13440,10300,440,218,2300,CALL
1891,1616,1525,1535,1711,-708,13536,10280,622,968,2165,CALL
1876,1589,1525,1535,1670,-756,13556,9860,808,1323,1828,CALL
1875,1602,1535,1562,1676,-876,13348,9716,1092,1034,1591,CALL
1904,1648,1518,1605,1601,-740,13496,9476,986,631,1680,CALL
1883,1629,1606,1535,1693,-480,14056,8884,692,812,1494,CALL
1877,1523,1531,1589,1742,-484,14212,8444,132,956,1107,CALL
1910,1742,1568,1558,1685,-828,14024,7964,-500,744,813,CALL
1913,1611,1535,1495,1718,-1480,14152,7956,-961,127,519,CALL
1904,1629,1476,1535,1659,-1220,13896,8232,-1661,63,720,CALL
1897,1525,1656,1567,1349,-720,13476,8244,-2152,1083,1409,CALL
1891,1535,1526,1575,1621,-1128,13596,8260,-1987,2410,2318,CALL
1862,1598,1522,1577,1623,-2100,13916,8380,-1722,2422,1970,CALL
1859,1602,1490,1535,1619,-2356,13368,9108,-2070,669,1674,CALL
1881,1621,1600,1514,1673,-1284,12496,9780,-1219,-328,1667,CALL
1872,1605,1521,1559,1808,56,12576,10452,42,764,1777,CALL
1866,1655,1488,1609,1602,1580,12984,11380,-93,4945,1590,CALL
1921,1590,1558,1437,1499,2140,12840,11616,46,12055,1321,CALL
1954,1701,1607,1565,1803,-92,12964,10664,1090,17444,1344,CALL
1963,1687,1535,1594,1603,-3024,12908,9396,2178,17996,1307,CALL
1947,1664,1532,1507,1823,-5168,13332,8428,3034,13386,1513,CALL
1959,1690,1559,1635,1634,-6056,13664,7536,3765,6316,1515,CALL
1934,1683,1616,1535,1669,-3008,14232,8216,4091,3064,1042,CALL
1939,1670,1584,1613,1615,92,14304,8912,3777,7810,753,CALL
1953,1685,1613,1555,1803,-1848,14464,8068,3505,12681,1107,CALL
1947,1712,1575,1616,1703,-5660,14276,6684,2983,10720,2092,CALL
1955,1715,1559,1661,1715,-7340,14620,5828,3213,1162,2102,CALL
1904,1665,1584,1574,1695,-5272,14976,6056,3110,-7018,1236,CALL
1925,1719,1589,1662,1675,-524,15148,7540,2162,-7908,299,CALL
1915,1648,1607,1603,1595,2016,14784,8596,800,1468,555,CALL
1899,1627,1593,1555,1756,-2104,14500,7572,336,7591,1634,CALL
1904,1648,1470,1285,1678,-7816,13728,4916,1613,2146,1704,CALL
1891,1641,1589,1559,1701,-6856,14788,5504,2481,-9705,597,CALL
1911,1695,1520,1605,1669,2796,15092,8868,560,-8560,354,CALL
2061,1820,1674,1658,1733,12032,14640,12420,-2925,18108,1415,CALL
2066,1815,1681,1690,1674,536,14536,7632,-2992,32767,3612,CALL
1949,1663,1607,1507,1690,-17740,12364,116,1498,25075,4380,CALL
1840,1586,1519,1504,1649,-15976,15800,3368,5968,-13142,542,CALL
1937,1687,1613,1635,1631,-1808,16880,6412,3521,-27136,-1220,CALL
1999,1684,1664,1583,1773,10300,15644,10084,1245,-7559,-320,CALL
2031,1799,1645,1697,1693,3584,16484,8920,301,16995,3378,CALL
1926,1757,1659,1634,1742,-7596,15640,5208,-213,19148,3249,CALL
1921,1718,1535,1649,1658,-14072,15312,2820,2536,468,2411,CALL
1913,1693,1605,1597,1712,-6640,16752,4752,2729,-16908,1857,CALL
1991,1776,1663,1707,1673,3940,16728,8164,141,-11998,1197,CALL
1998,1797,1664,1515,1726,4580,16188,8276,-1146,6363,2658,CALL
2006,1779,1689,1632,1767,-2616,15912,6420,-2484,12918,2911,CALL
1977,1775,1714,1666,1729,-8112,14488,4228,-1195,4374,1963,CALL
1979,1631,1680,1633,1758,-5708,14676,4348,520,-11196,705,CALL
1965,1777,1631,1721,1725,1632,15168,6212,-849,-13707,14,CALL
2031,1830,1632,1703,1687,3664,15108,6532,-1986,-4559,-287,CALL
2019,1793,1647,1598,1753,1096,14444,6164,-3316,4804,-357,CALL
1986,1762,1639,1912,1750,-2792,13644,5852,-3732,5346,-1167,CALL
1955,1731,1644,1611,1728,-5160,13200,5276,-2400,318,-1592,CALL
1969,1763,1647,1680,1637,-4724,13892,5964,-1694,-7167,-1610,CALL
1936,1744,1674,1594,1733,-660,14084,7504,-2314,-7708,-1636,CALL
1975,1758,1673,1648,1790,1224,14072,8432,-2622,14,-1607,CALL
1985,1765,1657,1680,1626,-1640,14100,8144,-2681,6101,-1557,CALL
2013,1811,1671,1683,1697,-4040,14264,8348,-2826,4937,-2335,CALL
1996,1761,1670,1584,1734,-3880,14516,8548,-3401,960,-2735,CALL
1975,1730,1584,1711,1683,-2956,14308,8528,-3431,-1261,-2031,CALL
1968,1728,1659,1623,1765,-1092,14292,9316,-2462,-186,-1886,CALL
1964,1728,1642,1647,1727,-920,14544,9736,-1714,3948,-1414,CALL
1953,1713,1632,1606,1712,-2724,14600,9468,-1571,6231,-1313,CALL
1967,1759,1637,1510,1711,-4896,14032,8692,-960,4093,-1114,CALL
1963,1738,1642,1639,1726,-5712,13792,8448,177,-605,-946,CALL
1968,1685,1697,1608,1762,-4908,13480,8364,404,-4822,-1625,CALL
1979,1861,1648,1664,1712,-3276,13232,8652,625,-6575,-2117,CALL
1994,1777,1674,1654,1702,-1408,13248,9640,496,-4290,-2283,CALL
1977,1773,1646,1687,1740,-2008,13336,9536,421,-262,-2042,CALL
1984,1737,1599,1680,1681,-5252,13152,7860,910,-24,-1960,CALL
1888,1636,1532,1573,1863,-10712,12992,5484,2076,-11854,-2217,CALL
1894,1599,1498,1580,1616,-8776,14052,6004,1542,-29204,-4106,CALL
1877,1593,1509,1519,1649,2504,13636,9716,-1100,-30496,-5573,CALL
1898,1645,1559,1573,1686,7884,13128,13384,-3138,-11599,-4435,CALL
1904,1616,1399,1557,1695,3732,12128,12552,-4283,8706,-1895,CALL
1913,1632,1587,1584,1824,-3296,11684,10664,-3785,14042,-1335,CALL
1929,1668,1559,1569,1744,-6828,11448,9168,-2235,8570,-1177,CALL
1936,1660,1535,1579,1664,-6332,11884,8240,-360,551,-821,CALL
1905,1585,1565,1489,1744,-2204,12680,9068,-282,-1802,-296,CALL
1887,1643,1517,1711,1667,1164,12596,9932,-1064,5522,67,CALL
1879,1456,1554,1612,1699,-1132,12628,9272,-1761,12464,415,CALL
1863,1622,1510,1572,1613,-5612,12064,8128,-945,10653,304,CALL
1883,1584,1531,1487,1693,-7896,12336,7804,320,1335,-45,CALL
1890,1618,1520,1575,1659,-6604,12984,8396,483,-8257,-890,CALL
1877,1597,1509,1531,1884,-4572,12992,8868,405,-13288,-1302,CALL
1909,1629,1535,1535,1687,-2880,13168,9904,65,-15413,-1494,CALL
1933,1659,1715,1505,1683,1076,12600,12652,-694,-9576,-933,CALL
1934,1625,1584,1589,1781,492,12012,13504,-1041,74,122,CALL
1952,1698,1529,1617,1700,-3204,11748,12720,-651,4267,1021,CALL
1968,1677,1520,1584,1605,-3396,11488,12516,-2,3404,1169,CALL
1942,1641,1579,1467,1711,-116,11952,13304,-100,6707,2279,CALL
1893,1610,1520,1557,1649,144,11408,12412,144,16373,2893,CALL
1899,1605,1533,1525,1700,-5136,11480,10256,991,18271,3159,CALL
1900,1633,1522,1571,1644,-7728,11356,8500,2193,10594,2354,CALL
1902,1535,1534,1601,1682,-7100,11944,8044,2888,355,1340,CALL
1904,1646,1535,1535,1702,-5796,11844,7292,2871,-7691,511,CALL
1926,1665,1535,1584,1675,-5016,12204,6856,2812,-13830,-488,CALL
1934,1650,1535,1535,1691,-4216,12624,6864,2133,-18998,-1786,CALL
1903,1642,1535,1585,1680,-2364,12340,7536,1452,-21457,-2425,CALL
1923,1607,1568,1553,1657,684,12192,9804,408,-18223,-2238,CALL
1939,1647,1569,1503,1751,2252,12468,11832,-524,-9391,-1680,CALL
1950,1671,1535,1621,1677,1788,11912,12768,-986,1894,-868,CALL
1939,1659,1571,1557,1718,-1272,11968,12448,-466,8899,-43,CALL
1954,1594,1554,1626,1675,-3428,11968,12328,542,10719,753,CALL
1949,1680,1513,1607,1562,-3352,12100,12424,1586,11280,1447,CALL
1949,1671,1568,1513,1755,-3896,12368,11744,2649,11380,2241,CALL
1967,1680,1579,1654,1723,-4704,12436,10604,4096,9225,2624,CALL
1921,1638,1599,1565,1772,-4020,12960,9936,5063,5708,2450,CALL
1887,1663,1526,1474,1689,-2468,13216,9408,5104,4955,2001,CALL
1871,1573,1572,1520,1690,-3264,13716,8376,4803,3084,1551,CALL
1875,1605,1525,1563,1669,-3752,13580,7288,4589,-17,1160,CALL
1853,1601,1474,1573,1671,-4296,13700,6984,4602,-5087,807,CALL
1847,1593,1487,1584,1742,-4428,13700,6580,4764,-11416,78,CALL
1869,1625,1515,1565,1677,-3288,14060,6600,4751,-16599,-702,CALL
1875,1610,1522,1535,1702,-1440,14316,7140,4245,-18163,-1264,CALL
1872,1616,1535,1584,1701,200,14316,8256,3382,-15466,-1022,CALL
1893,1648,1488,1634,1734,2056,14240,9740,2655,-8304,-399,CALL
1897,1625,1572,1565,1773,2300,13832,10532,2206,2244,807,CALL
1879,1636,1521,1643,1676,-452,13836,10076,2099,10661,2189,CALL
1877,1584,1590,1517,1699,-2068,13696,9360,1709,15383,3365,CALL
1870,1604,1531,1597,1641,-2964,13836,8140,2016,17662,4330,CALL
1857,1489,1520,1530,1663,-3832,14472,6936,2780,17261,5237,CALL
1856,1599,1488,1535,1678,-4012,15052,6060,2931,14250,5153,CALL
1931,1671,1605,1571,1739,-2704,15180,5540,2651,10832,4435,CALL
1933,1680,1666,1599,1767,-2884,15708,5036,2447,7181,3542,CALL
1953,1725,1523,1664,1700,-2896,15896,4636,2048,2035,1928,CALL
1968,1723,1648,1652,1776,-2596,15792,4144,2246,-3732,199,CALL
1964,1731,1637,1653,1776,-2336,15816,4072,2225,-9697,-1601,CALL
1966,1732,1596,1882,1840,-1540,15700,4276,1872,-15595,-2961,CALL
1947,1738,1601,1620,1778,128,15620,4392,1752,-18193,-3879,CALL
1939,1726,1634,1648,1685,1096,15356,4880,1391,-17466,-4534,CALL
1936,1680,1579,1617,1459,1484,15576,5932,209,-13616,-4986,CALL
1950,1695,1631,1587,1739,932,14864,6736,-596,-8532,-4625,CALL
1948,1745,1650,1626,1737,-280,14628,7588,-477,-3474,-3781,CALL
1949,1757,1603,1700,1707,-2112,14548,7896,70,-451,-3177,CALL
1879,1606,1535,1483,1677,-3236,15000,7824,1070,945,-2164,CALL
1887,1595,1561,1595,1769,-2872,15736,7864,2117,1930,-1191,CALL
1889,1616,1531,1584,1632,-1492,16404,8152,2283,6001,24,CALL
1884,1605,1535,1500,1781,-472,16724,8068,1592,12524,1802,CALL
1876,1643,1511,1583,1600,-1284,16864,7292,637,18783,3585,CALL
1935,1705,1607,1605,1470,-2828,16656,5976,229,20596,5153,CALL
1921,1725,1600,1616,1654,-3828,16640,4992,766,18456,5760,CALL
1919,1711,1648,1616,1766,-4436,16908,4556,534,12185,5172,CALL
1968,1749,1658,1648,1662,-3096,17128,4228,103,5887,3897,CALL
1997,1741,1694,1648,1648,-1916,17088,3884,-595,1283,2041,CALL
1991,1792,1675,1648,1659,-2040,16956,3800,-1309,-4045,-500,CALL
2009,1801,1701,1703,1805,-2084,16280,3168,-1747,-10124,-2702,CALL
1998,1744,1697,1597,1793,-1700,16020,3296,-1594,-15163,-3898,CALL
1990,1819,1639,1745,1747,-1328,15896,3756,-1770,-18129,-4765,CALL
1938,1711,1652,1583,1789,-1324,15660,4376,-2691,-19170,-4880,CALL
1929,1680,1603,1643,1702,-1016,15336,5140,-3697,-18258,-4865,CALL
1909,1681,1616,1574,1724,-1052,14636,6296,-4351,-15546,-4056,CALL
1845,1600,1501,1535,1634,-1040,14192,7300,-4364,-12368,-3069,CALL
1851,1571,1681,1535,1689,-248,13880,8236,-3928,-7765,-2068,CALL
1841,1574,1559,1676,1602,1000,13992,9500,-3391,-956,-1277,CALL
1857,1653,1516,1568,1709,1780,13760,10244,-3775,8020,212,CALL
1873,1621,1561,1375,1699,2436,13396,10664,-4042,18533,1324,CALL
1867,1662,1535,1650,1738,1016,13516,10056,-4007,27980,1857,CALL
1936,1707,1633,1646,1678,-632,13520,9540,-4465,32755,1660,CALL
1938,1725,1638,1602,1853,-3496,12872,8128,-5109,32767,1240,CALL
1922,1685,1606,1575,1696,-6544,12760,7192,-4181,29207,-349,CALL
1898,1677,1591,1611,1680,-8868,12688,6436,-2248,21102,-1939,CALL
1879,1635,1584,1557,1631,-8868,12968,6460,-161,12768,-3158,CALL
1842,1599,1488,1375,1621,-9236,14496,6524,229,6316,-4659,CALL
1794,1637,1488,1413,1627,-8640,13736,5944,9,1360,-6326,CALL
1808,1535,1498,1483,1599,-9636,13976,5100,820,-1715,-6148,CALL
1814,1557,1492,1504,1679,-11028,14324,3792,709,-5680,-5745,CALL
1777,1535,1462,1517,1578,-11376,14828,3420,-459,-11537,-5330,CALL
1754,1497,1465,1391,1482,-7960,14352,4540,-1914,-14388,-5219,CALL
1747,1450,1434,1449,1407,-6760,14816,5472,-4026,-14096,-4415,CALL
1783,1520,1435,1466,1535,-6928,13960,6104,-5276,-14330,-3267,CALL
1766,1489,1427,1423,1501,-4920,13904,7616,-5588,-15327,-4131,CALL
1762,1535,1418,1378,1582,-2052,12116,8844,-6352,-10882,-4317,CALL
1728,1501,1434,1472,1574,-2248,11932,9676,-5864,-5806,-2318,CALL
1712,1415,1465,1433,1600,-2108,11964,10272,-7561,-1967,-652,CALL
1664,1471,1424,1484,1569,-3688,11304,10520,-8253,1803,-1541,CALL
1520,1356,1310,1413,1498,-5580,10412,10448,-8559,595,-1688,CALL
1490,1333,1329,1298,1578,-4796,9296,11352,-7316,3,-1563,CALL
1483,1251,1300,1465,1481,-5064,8692,12400,-6289,809,-501,CALL
1564,1374,1389,1385,1584,-6008,8772,12812,-6355,-310,234,CALL
1598,1438,1390,1402,1585,-5844,8332,12332,-6100,-1668,118,CALL
1520,1392,1378,1438,1613,-6068,7672,11608,-4079,-3738,406,CALL
1589,1431,1445,1521,1607,-6036,8072,12036,-2490,-7405,915,CALL
1851,1775,1821,1877,1887,-6272,7844,12056,-1709,-11597,833,CALL
1854,1783,1802,1904,2132,-4580,7896,12752,-797,-14720,176,CALL
1903,1808,1805,1851,1854,-1932,7648,14276,-230,-13395,451,CALL
1947,1827,1878,1894,1917,-1192,7172,15396,673,-9219,1820,CALL
1937,1883,1819,1966,1872,-848,7636,16184,703,-3148,3969,CALL
1903,1817,1889,1879,1936,-2268,7884,15712,491,2975,5142,CALL
1918,1872,1776,1838,1859,-4360,7876,14968,664,4565,4869,CALL
1890,1820,1818,1891,1871,-4276,7312,14000,1306,3799,5094,CALL
1842,1747,1753,1847,1799,-3472,7492,13152,3112,2676,4848,CALL
1839,1744,1795,1803,1863,-3016,8964,12692,3858,2108,3238,CALL
1840,1769,1722,1778,1840,-2724,9400,12388,3341,946,1796,CALL
1662,1527,1450,1563,1570,-2012,9652,12380,2529,1073,1837,CALL
1632,1495,1566,1507,1666,-2232,10000,12460,2330,2825,2412,CALL
1650,1517,1475,1600,1395,-3068,9940,12464,1748,3890,2784,CALL
1623,1447,1475,1488,1693,-3988,10180,12484,1705,4200,2284,CALL
1605,1507,1413,1569,1659,-4244,10000,12132,2122,3322,2248,CALL
1558,1419,1417,1471,1600,-4140,10360,11856,3040,2617,3372,CALL
1566,1413,1386,1443,1619,-3492,11196,11748,2926,3225,3938,CALL
1529,1378,1357,1408,1601,-3612,11788,11564,2426,4261,3076,CALL
1535,1415,1366,1439,1601,-4244,11868,11088,1607,3947,2904,CALL
1535,1380,1362,1258,1583,-4468,11744,10524,1947,2666,3645,CALL
1574,1423,1397,1427,1690,-4444,11760,10468,3043,855,3462,CALL
1575,1434,1361,1472,1661,-3368,12012,11024,2553,-1584,2103,CALL
1600,1489,1412,1426,1610,-1488,12072,11144,1598,-1164,1359,CALL
1584,1457,1355,1514,1575,-1504,11796,11064,1022,51,1056,CALL
1555,1395,1423,1488,1589,-2008,11328,10792,381,170,1048,CALL
1535,1423,1405,1483,1534,-2092,11364,10660,477,819,740,CALL
1554,1407,1360,1335,1535,-2464,11588,10500,571,1288,458,CALL
1533,1392,1344,1428,1552,-2776,11852,10768,920,845,-205,CALL
1567,1382,1370,1349,1641,-3112,11892,11020,433,-89,-309,CALL
1535,1413,1335,1409,1612,-2992,11516,11240,607,127,63,CALL
1526,1408,1409,1467,1558,-3744,11084,11552,1131,301,256,CALL
1557,1408,1365,1477,1680,-3780,11120,11948,1706,243,444,CALL
1584,1434,1380,1424,1643,-3464,11380,11876,2179,241,518,CALL
1618,1397,1357,1462,1521,-2896,11140,11644,2284,-46,810,CALL
1557,1382,1411,1367,1701,-2288,11188,11748,2110,73,1089,CALL
1520,1417,1360,1489,1529,-1508,10836,11624,2239,744,927,CALL
1535,1374,1350,1472,1574,-1372,11284,11728,3348,1809,-112,CALL
1522,1380,1349,1447,1535,-1840,11708,11500,2797,1160,-1128,CALL
1535,1410,1371,1424,1627,-1660,11308,11028,3225,306,-1901,CALL
1535,1396,1356,1475,1517,-796,12232,11300,3897,349,-2743,CALL
1522,1360,1333,1403,1331,-1552,12860,11132,3834,587,-4481,CALL
1502,1367,1360,1445,1626,-2460,12728,10340,3639,-363,-5386,CALL
1535,1417,1331,1483,1562,-3780,12784,9688,3855,-2304,-5972,CALL
1525,1392,1351,1342,1584,-5668,13000,9016,3708,-5064,-6430,CALL
1565,1395,1328,1438,1535,-5428,12480,9524,3481,-7626,-6312,CALL
1514,1360,1346,1421,1524,-5284,12324,9440,3537,-7288,-5045,CALL
1502,1360,1322,1379,1553,-5304,12472,9752,2378,-5527,-4272,CALL
1472,1350,1325,1386,1582,-5420,12232,9896,1063,-3143,-3263,CALL
1506,1370,1333,1430,1527,-5324,12204,10028,163,-893,-1557,CALL
1422,1326,1326,1378,1559,-4868,11856,10144,-85,1549,54,CALL
1415,1425,1296,1358,1535,-5128,12024,10200,631,3723,906,CALL
1434,1329,1329,1415,1585,-5516,12352,10016,252,4324,1346,CALL
1465,1358,1323,1367,1616,-5248,12312,9308,-294,4350,2198,CALL
1470,1325,1345,1401,1446,-4416,12608,9540,-672,4622,2522,CALL
1443,1291,1318,1535,1613,-4144,12016,9492,-829,4945,2698,CALL
1418,1387,1297,1431,1462,-4140,12240,9476,414,4320,2245,CALL
1424,1356,1295,1133,1737,-3584,12640,9660,634,2747,1431,CALL
1408,1314,1278,1365,1507,-3192,12132,9216,520,1516,882,CALL
1419,1318,1296,1383,1569,-3596,12608,9396,260,724,304,CALL
1414,1321,1306,1414,1461,-3464,12268,9400,641,415,-406,CALL
1439,1334,1278,1402,1533,-3624,12564,9480,1576,697,-413,CALL
1447,1341,1346,1283,1587,-3640,12352,9968,1332,2495,-56,CALL
1441,1357,1360,1457,1590,-5384,12336,9968,803,3745,454,CALL
1473,1307,1303,1383,1483,-5740,12216,9560,822,3717,655,CALL
1419,1361,1328,1382,1610,-5932,12376,9044,2044,2979,496,CALL
1458,1315,1322,1392,1593,-6484,12712,8896,2363,1007,319,CALL
1431,1309,1293,1367,1514,-5548,13260,9124,2209,-638,280,CALL
1402,1306,1374,1419,1399,-4348,13400,9168,2072,-76,329,CALL
1433,1327,1341,1359,1411,-4284,13476,8752,1853,401,704,CALL
1429,1359,1263,1422,1526,-4676,13916,8692,1771,589,732,CALL
1451,1363,1296,1664,1495,-4884,13932,8544,1377,320,664,CALL
1435,1360,1342,1437,1535,-5040,13880,8568,833,-117,1191,CALL
1514,1406,1355,1558,1582,-4644,14016,8764,740,719,1414,CALL
1605,1402,1375,1401,1558,-4740,14024,8688,777,1357,1472,CALL
1583,1426,1401,1346,1651,-5172,14168,8772,610,1119,1256,CALL
1525,1392,1377,1406,1511,-4900,14032,8792,84,133,1108,CALL
1579,1399,1342,1398,1559,-4240,13868,8700,174,-421,885,CALL
1567,1395,1353,1402,1501,-3924,13700,8712,227,-605,811,CALL
1584,1486,1392,1426,1589,-3932,13804,8320,431,-712,564,CALL
1584,1408,1327,1431,1555,-3884,13560,8228,361,-964,220,CALL
1622,1501,1392,1510,1649,-3376,13368,8408,-225,-842,278,CALL
1671,1495,1411,1535,1593,-3340,12644,8656,-95,396,528,CALL
1679,1497,1474,1522,1711,-3456,12560,8804,393,1812,681,CALL
1692,1463,1431,1535,1596,-3476,12484,8872,548,2308,619,CALL
1680,1471,1471,1573,1776,-1276,12276,9428,239,5634,801,CALL
1682,1502,1506,1535,1603,132,12568,9528,135,13287,2045,CALL
1637,1469,1403,1520,1689,-1832,12764,8388,137,19196,3186,CALL
1647,1480,1430,1527,1738,-4700,13456,7328,478,19610,3239,CALL
1669,1473,1461,1515,1713,-6928,13844,6872,657,15729,2254,CALL
1647,1488,1446,1518,1659,-9096,14504,6888,1290,9398,1183,CALL
1650,1475,1425,1768,1614,-10052,14292,6804,1815,2289,25,CALL
1635,1462,1391,1455,1584,-11988,14252,6928,2436,-4548,-1258,CALL
1622,1425,1392,1443,1678,-13532,14064,6308,2856,-12239,-2343,CALL
1594,1463,1360,1492,1610,-11784,14260,6740,2328,-18775,-2156,CALL
1606,1420,1372,1392,1514,-8032,14540,7400,1171,-20189,-1409,CALL
1569,1419,1473,1415,1579,-5292,14584,8196,231,-17291,-634,CALL
1509,1380,1358,1426,1510,-4348,13976,8544,364,-13607,-761,CALL
1514,1355,1313,1408,1535,-3920,13840,9008,-26,-11854,920,CALL
1553,1385,1328,1426,1510,-4100,13960,8552,-309,-10607,2600,CALL
1511,1376,1344,1414,1553,-4396,14872,8500,-600,-8559,3338,CALL
1564,1383,1341,1392,1623,-6144,14112,7328,-715,-8910,4209,CALL
1559,1419,1338,1435,1729,-7172,13360,6832,1187,-13315,4864,CALL
1614,1455,1369,1456,1535,-4556,13068,7580,2325,-17918,5476,CALL
1597,1413,1357,1367,1590,-1404,12880,7756,2502,-18973,6513,CALL
1593,1419,1306,1456,1578,1096,12752,7644,2647,-15996,6731,CALL
1567,1408,1392,1381,1595,2888,13240,7668,3238,-13704,6053,CALL
1519,1370,1352,1422,1590,4124,13424,7712,3655,-12062,4733,CALL
1504,1360,1302,1345,1535,4024,13304,6920,4634,-11945,3631,CALL
1367,1288,1246,1296,1515,5228,13816,7224,4216,-12115,3403,CALL
1378,1250,1136,1342,1393,6284,13724,7544,3846,-9571,1854,CALL
1381,1267,1209,1265,1393,2856,13100,5768,4797,-9919,1026,CALL
1408,1311,1239,1277,1424,2764,14416,5996,5523,-17705,-399,CALL
1415,1255,1207,1127,1434,6404,15392,7984,3867,-19056,-3642,CALL
1366,1209,1231,1246,1520,7080,14996,10016,924,-14444,-4656,CALL
1627,1454,1314,1392,1445,4644,16028,9196,-633,-9811,-2906,CALL
1523,1329,1323,1285,1381,1676,13688,8832,270,-8020,-3594,CALL
1535,1378,1296,1292,1461,-2732,14052,7276,1992,-15527,-3555,CALL
1535,1371,1294,1259,1471,584,15044,8016,2206,-20576,-3116,CALL
1573,1389,1287,1332,1475,3536,15048,8448,820,-16780,-1741,CALL
1566,1409,1315,1319,1488,4492,14348,7932,508,-8231,-524,CALL
1651,1484,1396,1342,1517,3700,14116,6452,1373,-862,-460,CALL
1712,1520,1397,1414,1534,2468,14420,5652,1328,1554,-382,CALL
1741,1535,1424,1424,1462,3152,14144,5236,1343,1516,-391,CALL
1808,1601,1479,1429,1582,4864,14160,4864,1331,2693,-460,CALL
1889,1665,1474,1517,1311,5960,14716,4252,198,6015,-597,CALL
1981,1840,1695,1631,1689,6508,14360,3220,-785,10272,-392,CALL
1982,1799,1674,1712,1670,6116,14172,3320,-1358,14035,-180,CALL
1980,1797,1707,1596,1680,4964,14484,4036,-2682,14460,-768,CALL
2026,1813,1685,1667,1648,5884,14164,4596,-3296,14400,-1439,CALL
1874,1612,1441,1382,1569,8148,14284,5316,-2992,17305,-1939,CALL
1840,1557,1423,1392,1521,8100,15248,4668,-3284,23863,-1733,CALL
1851,1535,1394,1403,1513,8512,15708,3360,-4440,30696,-1664,CALL
1872,1568,1443,1392,1535,6096,16460,3928,-7410,32767,-1862,CALL
1907,1622,1438,1535,1571,2296,15004,6332,-10818,32767,-2828,CALL
1904,1724,1555,1472,1789,-1220,12868,6744,-11741,32767,-2282,CALL
1918,1677,1507,1565,1649,-2932,11544,5088,-5935,32767,-99,CALL
1878,1607,1506,1535,1663,-4788,12704,5472,-3725,32767,919,CALL
1850,1584,1426,1535,1575,-14036,13960,7716,-6661,32112,1044,CALL
1871,1616,1535,1535,1689,-16988,11116,7808,-8446,23399,2226,CALL
1892,1622,1531,1532,1651,-15520,10676,8876,-4970,15806,5063,CALL
1907,1626,1508,1581,1677,-12352,11764,9852,-1207,12876,6917,CALL
1902,1632,1535,1600,1705,-10912,13488,10228,-885,9323,6965,CALL
1875,1655,1527,1636,1696,-7676,13428,9876,-1382,6562,7076,CALL
1867,1606,1535,1577,1746,-5748,13704,9084,-796,4070,6320,CALL
1842,1616,1511,1510,1675,-4628,14172,7552,775,-540,3995,CALL
1871,1581,1519,1604,1626,-4784,14700,6776,2484,-7263,1225,CALL
1856,1601,1494,1527,1678,-2812,14968,6852,2963,-13161,-1673,CALL
1851,1600,1483,1587,1630,-416,15296,7996,1268,-11249,-2336,CALL
1867,1632,1535,1535,1682,-2096,14508,8044,-507,-5572,-2189,CALL
1888,1617,1486,1528,1662,-6080,13540,7364,-904,-3584,-1741,CALL
1931,1663,1515,1603,1633,-8628,12984,7208,-743,-7316,-1574,CALL
1922,1642,1489,1535,1719,-8680,12836,7220,186,-12281,-1061,CALL
1929,1658,1569,1563,1811,-5524,12932,8328,649,-13336,-661,CALL
1952,1664,1526,1574,1535,-3040,13080,9548,346,-9674,-139,CALL
1922,1649,1612,1661,1735,-1804,12680,10108,256,-4276,805,CALL
1934,1683,1534,1611,1622,-1916,12456,9748,555,-574,1738,CALL
1925,1628,1535,1535,1638,-2756,12468,8956,875,24,1312,CALL
1919,1649,1525,1570,1610,-2248,12780,8564,811,-603,183,CALL
1927,1623,1557,1553,1674,-1212,12676,8076,1093,206,-725,CALL
1873,1645,1535,1586,1737,-1576,13132,7952,1159,1252,-1453,CALL
1926,1668,1508,1594,1653,-2640,13540,7592,925,1205,-2097,CALL
1925,1728,1584,1611,1670,-3684,13860,7692,1046,6,-2547,CALL
1933,1674,1573,1562,1742,-3644,13872,7924,905,-1199,-2768,CALL
1933,1665,1525,1644,1669,-3788,14060,8376,800,-1781,-2606,CALL
1935,1663,1622,1566,1810,-2952,14284,9004,-3,-1442,-1843,CALL
1951,1703,1455,1611,1653,-3196,14532,9152,-303,-72,-1321,CALL
1941,1664,1527,1599,1657,-4592,14572,9176,105,-62,-1030,CALL
1917,1628,1521,1595,1682,-5148,14336,9208,577,-1818,-546,CALL
1931,1623,1535,1675,1704,-5176,14256,8948,1096,-3232,385,CALL
1938,1653,1535,1556,1712,-4908,13624,8868,1592,-3362,531,CALL
1933,1683,1491,1598,1679,-5268,13532,8640,1528,-3919,548,CALL
1951,1664,1619,1642,1932,-3576,13116,8508,1516,-3597,444,CALL
1951,1677,1602,1535,1730,-2748,12864,8844,1418,-2028,763,CALL
1943,1680,1535,1655,1655,-2836,12996,8840,958,-877,954,CALL
1921,1648,1632,1523,1799,-2732,12724,8564,1109,-750,210,CALL
1929,1669,1530,1603,1681,-2928,12656,8060,1616,-1541,-317,CALL
1937,1639,1535,1569,1667,-4232,12784,7740,2364,-4395,-826,CALL
1912,1648,1504,1593,1673,-3520,13380,7956,2189,-8413,-1899,CALL
1919,1627,1535,1527,1712,-2948,13608,7992,2563,-11253,-2971,CALL
1909,1623,1579,1459,2009,-2656,13716,8052,3103,-13636,-3433,CALL
1926,1649,1510,1573,1794,-2496,14140,8016,3012,-15957,-3044,CALL
1936,1662,1557,1594,1706,-484,14308,8468,3321,-13457,-2096,CALL
1923,1682,1572,1611,1744,396,14880,9420,3046,-6211,-995,CALL
1829,1591,1455,1599,1557,-1572,15512,9540,1125,-33,588,CALL
1775,1573,1566,1520,1739,-3616,15092,8956,-1120,1705,1046,CALL
1773,1579,1473,1772,1700,-3512,14664,9060,-1139,1899,1691,CALL
1776,1525,1482,1566,1602,-2360,14948,9188,-655,1865,2452,CALL
1787,1557,1470,1535,1649,304,14936,9712,-1219,4557,2850,CALL
1792,1573,1502,1572,1642,840,14348,9452,-2310,9569,3842,CALL
1787,1438,1498,1554,1660,152,13848,8964,-2320,13598,3444,CALL
1807,1703,1509,1535,1670,-936,13964,9232,-3178,14387,2428,CALL
1829,1615,1527,1610,1647,-1796,13288,8832,-3280,13097,1421,CALL
1835,1619,1535,1571,1744,-1964,12916,8516,-2223,12696,757,CALL
1808,1595,1588,1535,1746,-3160,12932,7988,-1634,11630,329,CALL
1840,1584,1515,1438,1571,-4332,13112,7812,-2012,9228,-818,CALL
1872,1663,1529,1535,1713,-4300,13264,7908,-2837,7176,-1823,CALL
1873,1607,1564,1437,1793,-4380,12988,7512,-3155,6983,-1912,CALL
1866,1615,1564,1571,1742,-4912,13128,7720,-3178,7350,-1938,CALL
1893,1628,1502,1597,1637,-6488,13016,7796,-3190,6541,-1753,CALL
1881,1648,1488,1599,1629,-6776,12864,8452,-3089,5022,-1964,CALL
1893,1629,1557,1572,1711,-7020,12544,8528,-3308,3982,-1953,CALL
1904,1661,1555,1622,1650,-6760,11804,8164,-2862,1892,-1764,CALL
1936,1680,1573,1664,1638,-6728,11632,8164,-1675,663,-856,CALL
1902,1616,1584,1535,1789,-6956,10848,8016,847,-1516,16,CALL
1936,1712,1533,1685,1633,-6448,10924,7944,3456,-3145,-275,CALL
1918,1642,1557,1423,1739,-5192,10908,8156,4000,-3797,-1360,CALL
1876,1649,1535,1597,1715,-4544,11440,8204,3892,-2851,-2300,CALL
1893,1652,1584,1578,1712,-4516,10996,7924,5051,-2732,-2302,CALL
1905,1655,1535,1599,1663,-5200,11556,7412,6346,-3430,-2641,CALL
1904,1663,1552,1662,1678,-6448,12448,6592,7752,-5564,-2972,CALL
1908,1664,1487,1785,1711,-7000,13392,6424,9370,-9750,-3074,CALL
1925,1678,1573,1616,1781,-6408,15216,7244,9009,-14192,-2748,CALL
1930,1653,1553,1616,1724,-3820,16892,8376,6838,-13975,-3442,CALL
1909,1644,1574,1616,1791,-2996,17284,8952,4488,-10665,-3221,CALL
1933,1673,1557,1669,1632,-3444,17336,9188,2985,-8205,-2154,CALL
1915,1650,1570,1600,1737,-3496,17408,9416,1919,-7662,-1107,CALL
1905,1659,1557,1618,1730,-2404,17000,10064,788,-6716,-438,CALL
1915,1633,1584,1561,1738,-1372,16456,10764,-375,-4664,355,CALL
1936,1583,1525,1613,1734,-364,15856,11032,-1871,-1328,1199,CALL
1922,1712,1535,1668,1744,-920,15276,10616,-3237,2636,1819,CALL
1947,1666,1638,1600,1743,-1812,14368,9716,-4127,4764,1902,CALL
1955,1690,1470,1617,1771,-2740,14088,9228,-4223,5187,1496,CALL
1969,1725,1570,1643,1794,-3268,14060,8692,-4714,5150,1342,CALL
1979,1681,1599,1653,1654,-3760,13796,8352,-5125,5263,1243,CALL
1959,1709,1585,1741,1751,-3640,13272,8116,-5726,5093,1307,CALL
1965,1696,1572,1654,1719,-3692,12980,8140,-6643,4793,1771,CALL
1949,1682,1608,1613,1698,-4620,12288,8312,-7722,3617,1171,CALL
1968,1707,1603,1657,1719,-4864,11956,8724,-8435,1467,202,CALL
2031,1722,1613,1598,1746,-4220,10976,9124,-7910,621,-190,CALL
1969,1676,1567,1583,1794,-4032,9736,9984,-5607,1047,640,CALL
2003,1707,1535,1563,1687,-5040,10116,10968,-3354,1998,1434,CALL
2017,1691,1586,1572,1725,-6276,10032,11020,-2519,1976,1518,CALL
1998,1712,1580,1616,1723,-6468,9808,10700,-1517,1536,1458,CALL
2005,1688,1520,1620,1632,-6644,10276,10632,-833,793,1381,CALL
1975,1671,1581,1558,1814,-6548,10216,10088,-228,-412,1377,CALL
1990,1696,1728,1587,1776,-5992,10740,9956,1202,-1480,1317,CALL
1970,1659,1555,1574,1581,-5104,11504,9892,1356,-2228,837,CALL
1982,1671,1534,1571,1658,-4748,11304,9204,1179,-3057,550,CALL
1982,1652,1562,1574,1701,-4164,12080,9368,1617,-3363,-50,CALL
1975,1648,1584,1521,1786,-4364,12076,9436,1302,-4251,-1054,CALL
1964,1679,1554,1622,1736,-4880,11720,9416,2148,-6088,-1559,CALL
1981,1721,1535,1471,1737,-4548,11852,9652,2650,-8323,-1482,CALL
1984,1658,1587,1535,1839,-3616,11792,10168,2450,-9315,-1813,CALL
2000,1744,1535,1651,1719,-3040,11964,10660,2340,-8928,-1722,CALL
2014,1667,1581,1571,1680,-2148,12148,11920,1273,-6352,-1091,CALL
1983,1682,1565,1594,1831,-1608,11828,12256,537,-1736,356,CALL
1950,1677,1527,1584,1691,-548,12164,12616,468,3866,1458,CALL
1968,1697,1591,1616,1781,1004,12204,12700,372,12574,3439,CALL
